pdb_id,variant,ph,engine,stage,stage_dir,ligand_file,posebusters_pass,posebusters_reason,mol_pred_loaded,sanitization,passes_valence_checks,internal_steric_clash,bond_lengths,bond_angles,most_extreme_clash_protein,most_extreme_relative_distance_protein,file,molecule,position,mol_cond_loaded,inchi_convertible,all_atoms_connected,no_radicals,aromatic_ring_flatness,non-aromatic_ring_non-flatness,double_bond_flatness,internal_energy,protein-ligand_maximum_distance,minimum_distance_to_protein,minimum_distance_to_organic_cofactors,minimum_distance_to_inorganic_cofactors,minimum_distance_to_waters,volume_overlap_with_protein,volume_overlap_with_organic_cofactors,volume_overlap_with_inorganic_cofactors,volume_overlap_with_waters,mol_true_loaded,passes_kekulization,no_radicals_before_sanitization,number_bonds,shortest_bond_relative_length,longest_bond_relative_length,number_short_outlier_bonds,number_long_outlier_bonds,number_angles,most_extreme_relative_angle,number_outlier_angles,number_noncov_pairs,shortest_noncovalent_relative_distance,number_clashes,number_valid_bonds,number_valid_angles,number_valid_noncov_pairs,number_aromatic_rings_checked,number_aromatic_rings_pass,aromatic_ring_maximum_distance_from_plane,number_non-aromatic_rings_checked,number_non-aromatic_rings_pass,non-aromatic_ring_maximum_distance_from_plane,number_double_bonds_checked,number_double_bonds_pass,double_bond_maximum_distance_from_plane,num_h_added,mol_pred_energy,ensemble_avg_energy,energy_ratio,smallest_distance_protein,num_pairwise_clashes_protein,most_extreme_ligand_atom_id_protein,most_extreme_protein_atom_id_protein,most_extreme_ligand_element_protein,most_extreme_protein_element_protein,most_extreme_ligand_vdw_protein,most_extreme_protein_vdw_protein,most_extreme_sum_radii_protein,most_extreme_distance_protein,most_extreme_sum_radii_scaled_protein,smallest_distance_organic_cofactors,not_too_far_away_organic_cofactors,num_pairwise_clashes_organic_cofactors,most_extreme_ligand_atom_id_organic_cofactors,most_extreme_protein_atom_id_organic_cofactors,most_extreme_ligand_element_organic_cofactors,most_extreme_protein_element_organic_cofactors,most_extreme_ligand_vdw_organic_cofactors,most_extreme_protein_vdw_organic_cofactors,most_extreme_sum_radii_organic_cofactors,most_extreme_distance_organic_cofactors,most_extreme_sum_radii_scaled_organic_cofactors,most_extreme_relative_distance_organic_cofactors,most_extreme_clash_organic_cofactors,smallest_distance_inorganic_cofactors,not_too_far_away_inorganic_cofactors,num_pairwise_clashes_inorganic_cofactors,most_extreme_ligand_atom_id_inorganic_cofactors,most_extreme_protein_atom_id_inorganic_cofactors,most_extreme_ligand_element_inorganic_cofactors,most_extreme_protein_element_inorganic_cofactors,most_extreme_ligand_vdw_inorganic_cofactors,most_extreme_protein_vdw_inorganic_cofactors,most_extreme_sum_radii_inorganic_cofactors,most_extreme_distance_inorganic_cofactors,most_extreme_sum_radii_scaled_inorganic_cofactors,most_extreme_relative_distance_inorganic_cofactors,most_extreme_clash_inorganic_cofactors,smallest_distance_waters,not_too_far_away_waters,num_pairwise_clashes_waters,most_extreme_ligand_atom_id_waters,most_extreme_protein_atom_id_waters,most_extreme_ligand_element_waters,most_extreme_protein_element_waters,most_extreme_ligand_vdw_waters,most_extreme_protein_vdw_waters,most_extreme_sum_radii_waters,most_extreme_distance_waters,most_extreme_sum_radii_scaled_waters,most_extreme_relative_distance_waters,most_extreme_clash_waters,volume_overlap_protein,volume_overlap_organic_cofactors,volume_overlap_inorganic_cofactors,volume_overlap_waters
EX4M,APO,pH7_0,gnina,stage2,gnina_stage2,actives_final_00004_gnina_stage2.sdf,False,missing_receptor,False,False,False,False,False,False,False,,,,,,,,,,,,,,,,,,,,,,,,,,,,,,,,,,,,,,,,,,,,,,,,,,,,,,,,,,,,,,,,,,,,,,,,,,,,,,,,,,,,,,,,,,,,,,,,,,,,,,,,,,,,
EX4M,APO,pH7_0,gnina,stage2,gnina_stage2,decoys_final_00016_gnina_stage2.sdf,False,missing_receptor,False,False,False,False,False,False,False,,,,,,,,,,,,,,,,,,,,,,,,,,,,,,,,,,,,,,,,,,,,,,,,,,,,,,,,,,,,,,,,,,,,,,,,,,,,,,,,,,,,,,,,,,,,,,,,,,,,,,,,,,,,
EX4M,HOLO,pH7_0,gnina,stage2,gnina_stage2,actives_final_00004_gnina_stage2.sdf,False,,True,True,True,True,True,True,False,0.8884650917164889,/home/michael/atlas/code/protein_automation/post_docked/full_fast_consenuss/EX4M/HOLO/pH7_0/gnina_stage2/actives_final_00004_gnina_stage2.sdf,CHEMBL117353,0.0,True,True,True,False,True,True,True,True,True,True,True,True,True,True,True,True,True,False,True,True,35.0,0.9537275748506292,1.0078888600505056,0.0,0.0,48.0,1.062671897537547,0.0,445.0,0.9901381566928026,0.0,35.0,48.0,445.0,2.0,2.0,0.0018190217317756,0.0,0.0,,0.0,0.0,,22.0,204.3355217750417,54.38967967051629,3.7568804047545914,2.7986650389069405,0,28,2133.0,N,O,1.6,1.55,3.1500000000000004,2.7986650389069405,3.1500000000000004,,False,0.0,,,,,,,,,,,,,False,0.0,,,,,,,,,,,,,False,0.0,,,,,,,,,,,,0.0109218567156416,,,
EX4M,HOLO,pH7_0,gnina,stage2,gnina_stage2,decoys_final_00016_gnina_stage2.sdf,False,,True,True,True,True,True,True,False,0.8239684687298251,/home/michael/atlas/code/protein_automation/post_docked/full_fast_consenuss/EX4M/HOLO/pH7_0/gnina_stage2/decoys_final_00016_gnina_stage2.sdf,ZINC08994462,0.0,True,True,True,False,True,True,True,True,True,True,True,True,True,True,True,True,True,False,True,True,29.0,0.9544255256565102,1.056040065454001,0.0,0.0,41.0,1.0546091666807298,0.0,281.0,0.8781567702952586,0.0,29.0,41.0,281.0,3.0,3.0,0.00233365698061,0.0,0.0,,0.0,0.0,,9.0,123.12056676996066,63.59883146739028,1.9358935365516836,2.554302253062458,0,28,2188.0,O,O,1.55,1.55,3.1,2.554302253062458,3.1,,False,0.0,,,,,,,,,,,,,False,0.0,,,,,,,,,,,,,False,0.0,,,,,,,,,,,,0.0159441953163926,,,
EX4M,APO,pH7_0,gnina,stage3,gnina_stage3,EX4M.sanitized_gnina_stage3.sdf,False,missing_receptor,False,False,False,False,False,False,False,,,,,,,,,,,,,,,,,,,,,,,,,,,,,,,,,,,,,,,,,,,,,,,,,,,,,,,,,,,,,,,,,,,,,,,,,,,,,,,,,,,,,,,,,,,,,,,,,,,,,,,,,,,,
EX4M,APO,pH7_0,gnina,stage3,gnina_stage3,KEU_A510.sanitized_gnina_stage3.sdf,False,missing_receptor,False,False,False,False,False,False,False,,,,,,,,,,,,,,,,,,,,,,,,,,,,,,,,,,,,,,,,,,,,,,,,,,,,,,,,,,,,,,,,,,,,,,,,,,,,,,,,,,,,,,,,,,,,,,,,,,,,,,,,,,,,
EX4M,APO,pH7_0,gnina,stage3,gnina_stage3,KEU_B610.sanitized_gnina_stage3.sdf,False,missing_receptor,False,False,False,False,False,False,False,,,,,,,,,,,,,,,,,,,,,,,,,,,,,,,,,,,,,,,,,,,,,,,,,,,,,,,,,,,,,,,,,,,,,,,,,,,,,,,,,,,,,,,,,,,,,,,,,,,,,,,,,,,,
EX4M,APO,pH7_0,gnina,stage3,gnina_stage3,decoys_final_00016_gnina_stage3.sdf,False,missing_receptor,False,False,False,False,False,False,False,,,,,,,,,,,,,,,,,,,,,,,,,,,,,,,,,,,,,,,,,,,,,,,,,,,,,,,,,,,,,,,,,,,,,,,,,,,,,,,,,,,,,,,,,,,,,,,,,,,,,,,,,,,,
EX4M,HOLO,pH7_0,gnina,stage3,gnina_stage3,EX4M.sanitized_gnina_stage3.sdf,False,,True,True,True,True,True,True,False,0.8871018885364859,/home/michael/atlas/code/protein_automation/post_docked/full_fast_consenuss/EX4M/HOLO/pH7_0/gnina_stage3/EX4M.sanitized_gnina_stage3.sdf,/home/michael/atlas/code/protein_automation/docked/full_fast_consenuss/EX4M/HOLO/pH7_0/gnina_stage3/EX4M.sanitized_gnina_stage3.pdbqt,0.0,True,True,True,False,True,False,True,True,True,True,True,True,True,True,True,True,True,False,True,True,39.0,0.8419966240614658,1.138591471602518,0.0,0.0,57.0,1.1310807172378037,0.0,607.0,0.9771631239267856,0.0,39.0,57.0,607.0,1.0,1.0,0.0075211528912184,1.0,0.0,0.0132920484956192,1.0,1.0,0.0068755358151966,4.0,669.1641972726114,69.23798291433232,9.664698032878336,2.794370948889931,0,34,1642.0,O,N,1.55,1.6,3.1500000000000004,2.794370948889931,3.1500000000000004,,False,0.0,,,,,,,,,,,,,False,0.0,,,,,,,,,,,,,False,0.0,,,,,,,,,,,,0.0118053235326873,,,
EX4M,HOLO,pH7_0,gnina,stage3,gnina_stage3,KEU_A510.sanitized_gnina_stage3.sdf,False,,True,True,True,True,True,True,False,0.8859065615955534,/home/michael/atlas/code/protein_automation/post_docked/full_fast_consenuss/EX4M/HOLO/pH7_0/gnina_stage3/KEU_A510.sanitized_gnina_stage3.sdf,/home/michael/atlas/code/protein_automation/docked/full_fast_consenuss/EX4M/HOLO/pH7_0/gnina_stage3/KEU_A510.sanitized_gnina_stage3.pdbqt,0.0,True,True,True,False,True,False,True,True,True,True,True,True,True,True,True,True,True,False,True,True,39.0,0.8419032824225569,1.1385921400772234,0.0,0.0,57.0,1.131192168330615,0.0,607.0,0.9769447218028258,0.0,39.0,57.0,607.0,1.0,1.0,0.0078781731796596,1.0,0.0,0.0132841979592565,1.0,1.0,0.0074075619903228,4.0,649.0851328959354,69.23798291433232,9.37469732038618,2.790605669025993,0,13,2133.0,N,O,1.6,1.55,3.1500000000000004,2.7906056690259935,3.1500000000000004,,False,0.0,,,,,,,,,,,,,False,0.0,,,,,,,,,,,,,False,0.0,,,,,,,,,,,,0.0116770462633451,,,
EX4M,HOLO,pH7_0,gnina,stage3,gnina_stage3,KEU_B610.sanitized_gnina_stage3.sdf,False,,True,False,False,,,,0,False,/home/michael/atlas/code/protein_automation/post_docked/full_fast_consenuss/EX4M/HOLO/pH7_0/gnina_stage3/KEU_B610.sanitized_gnina_stage3.sdf,/home/michael/atlas/code/protein_automation/docked/full_fast_consenuss/EX4M/HOLO/pH7_0/gnina_stage3/KEU_B610.sanitized_gnina_stage3.pdbqt,0.0,True,False,True,True,,,,,True,True,True,True,True,True,True,True,True,False,True,True,,,,,,,,,,,,,,,,,,,,,,,,,2.7967103890106357,0.0,7.0,1642.0,O,N,1.55,1.6,3.1500000000000004,2.7967103890106357,3.1500000000000004,0.8878445679398841,False,,,,,,,,,,,,,,False,0.0,,,,,,,,,,,,,False,0.0,,,,,,,,,,,,0.0113975876950315,,,,,,
EX4M,HOLO,pH7_0,gnina,stage3,gnina_stage3,decoys_final_00016_gnina_stage3.sdf,False,,True,True,True,True,True,True,False,0.8772205240534501,/home/michael/atlas/code/protein_automation/post_docked/full_fast_consenuss/EX4M/HOLO/pH7_0/gnina_stage3/decoys_final_00016_gnina_stage3.sdf,ZINC08994462,0.0,True,True,True,False,True,True,True,True,True,True,True,True,True,True,True,True,True,False,True,True,29.0,0.95412023500171,1.0565136632742629,0.0,0.0,41.0,1.054511397802245,0.0,281.0,0.9878673740023592,0.0,29.0,41.0,281.0,3.0,3.0,0.0023421684546944,0.0,0.0,,0.0,0.0,,9.0,119.63484993014008,63.59883146739028,1.8810856610074944,2.763244650768368,0,1,1642.0,O,N,1.55,1.6,3.1500000000000004,2.763244650768368,3.1500000000000004,,False,0.0,,,,,,,,,,,,,False,0.0,,,,,,,,,,,,,False,0.0,,,,,,,,,,,,0.0163528245787908,,,
EX4M,APO,pH7_0,vina,stage1,stage1,actives_final_00001_stage1.sdf,False,missing_receptor,False,False,False,False,False,False,False,,,,,,,,,,,,,,,,,,,,,,,,,,,,,,,,,,,,,,,,,,,,,,,,,,,,,,,,,,,,,,,,,,,,,,,,,,,,,,,,,,,,,,,,,,,,,,,,,,,,,,,,,,,,
EX4M,APO,pH7_0,vina,stage1,stage1,actives_final_00002_stage1.sdf,False,missing_receptor,False,False,False,False,False,False,False,,,,,,,,,,,,,,,,,,,,,,,,,,,,,,,,,,,,,,,,,,,,,,,,,,,,,,,,,,,,,,,,,,,,,,,,,,,,,,,,,,,,,,,,,,,,,,,,,,,,,,,,,,,,
EX4M,APO,pH7_0,vina,stage1,stage1,actives_final_00003_stage1.sdf,False,missing_receptor,False,False,False,False,False,False,False,,,,,,,,,,,,,,,,,,,,,,,,,,,,,,,,,,,,,,,,,,,,,,,,,,,,,,,,,,,,,,,,,,,,,,,,,,,,,,,,,,,,,,,,,,,,,,,,,,,,,,,,,,,,
EX4M,APO,pH7_0,vina,stage1,stage1,actives_final_00004_stage1.sdf,False,missing_receptor,False,False,False,False,False,False,False,,,,,,,,,,,,,,,,,,,,,,,,,,,,,,,,,,,,,,,,,,,,,,,,,,,,,,,,,,,,,,,,,,,,,,,,,,,,,,,,,,,,,,,,,,,,,,,,,,,,,,,,,,,,
EX4M,APO,pH7_0,vina,stage1,stage1,actives_final_00005_stage1.sdf,False,missing_receptor,False,False,False,False,False,False,False,,,,,,,,,,,,,,,,,,,,,,,,,,,,,,,,,,,,,,,,,,,,,,,,,,,,,,,,,,,,,,,,,,,,,,,,,,,,,,,,,,,,,,,,,,,,,,,,,,,,,,,,,,,,
EX4M,APO,pH7_0,vina,stage1,stage1,decoys_final_00001_stage1.sdf,False,missing_receptor,False,False,False,False,False,False,False,,,,,,,,,,,,,,,,,,,,,,,,,,,,,,,,,,,,,,,,,,,,,,,,,,,,,,,,,,,,,,,,,,,,,,,,,,,,,,,,,,,,,,,,,,,,,,,,,,,,,,,,,,,,
EX4M,APO,pH7_0,vina,stage1,stage1,decoys_final_00002_stage1.sdf,False,missing_receptor,False,False,False,False,False,False,False,,,,,,,,,,,,,,,,,,,,,,,,,,,,,,,,,,,,,,,,,,,,,,,,,,,,,,,,,,,,,,,,,,,,,,,,,,,,,,,,,,,,,,,,,,,,,,,,,,,,,,,,,,,,
EX4M,APO,pH7_0,vina,stage1,stage1,decoys_final_00003_stage1.sdf,False,missing_receptor,False,False,False,False,False,False,False,,,,,,,,,,,,,,,,,,,,,,,,,,,,,,,,,,,,,,,,,,,,,,,,,,,,,,,,,,,,,,,,,,,,,,,,,,,,,,,,,,,,,,,,,,,,,,,,,,,,,,,,,,,,
EX4M,APO,pH7_0,vina,stage1,stage1,decoys_final_00004_stage1.sdf,False,missing_receptor,False,False,False,False,False,False,False,,,,,,,,,,,,,,,,,,,,,,,,,,,,,,,,,,,,,,,,,,,,,,,,,,,,,,,,,,,,,,,,,,,,,,,,,,,,,,,,,,,,,,,,,,,,,,,,,,,,,,,,,,,,
EX4M,APO,pH7_0,vina,stage1,stage1,decoys_final_00005_stage1.sdf,False,missing_receptor,False,False,False,False,False,False,False,,,,,,,,,,,,,,,,,,,,,,,,,,,,,,,,,,,,,,,,,,,,,,,,,,,,,,,,,,,,,,,,,,,,,,,,,,,,,,,,,,,,,,,,,,,,,,,,,,,,,,,,,,,,
EX4M,APO,pH7_0,vina,stage1,stage1,decoys_final_00006_stage1.sdf,False,missing_receptor,False,False,False,False,False,False,False,,,,,,,,,,,,,,,,,,,,,,,,,,,,,,,,,,,,,,,,,,,,,,,,,,,,,,,,,,,,,,,,,,,,,,,,,,,,,,,,,,,,,,,,,,,,,,,,,,,,,,,,,,,,
EX4M,APO,pH7_0,vina,stage1,stage1,decoys_final_00007_stage1.sdf,False,missing_receptor,False,False,False,False,False,False,False,,,,,,,,,,,,,,,,,,,,,,,,,,,,,,,,,,,,,,,,,,,,,,,,,,,,,,,,,,,,,,,,,,,,,,,,,,,,,,,,,,,,,,,,,,,,,,,,,,,,,,,,,,,,
EX4M,APO,pH7_0,vina,stage1,stage1,decoys_final_00008_stage1.sdf,False,missing_receptor,False,False,False,False,False,False,False,,,,,,,,,,,,,,,,,,,,,,,,,,,,,,,,,,,,,,,,,,,,,,,,,,,,,,,,,,,,,,,,,,,,,,,,,,,,,,,,,,,,,,,,,,,,,,,,,,,,,,,,,,,,
EX4M,APO,pH7_0,vina,stage1,stage1,decoys_final_00009_stage1.sdf,False,missing_receptor,False,False,False,False,False,False,False,,,,,,,,,,,,,,,,,,,,,,,,,,,,,,,,,,,,,,,,,,,,,,,,,,,,,,,,,,,,,,,,,,,,,,,,,,,,,,,,,,,,,,,,,,,,,,,,,,,,,,,,,,,,
EX4M,APO,pH7_0,vina,stage1,stage1,decoys_final_00010_stage1.sdf,False,missing_receptor,False,False,False,False,False,False,False,,,,,,,,,,,,,,,,,,,,,,,,,,,,,,,,,,,,,,,,,,,,,,,,,,,,,,,,,,,,,,,,,,,,,,,,,,,,,,,,,,,,,,,,,,,,,,,,,,,,,,,,,,,,
EX4M,APO,pH7_0,vina,stage1,stage1,decoys_final_00011_stage1.sdf,False,missing_receptor,False,False,False,False,False,False,False,,,,,,,,,,,,,,,,,,,,,,,,,,,,,,,,,,,,,,,,,,,,,,,,,,,,,,,,,,,,,,,,,,,,,,,,,,,,,,,,,,,,,,,,,,,,,,,,,,,,,,,,,,,,
EX4M,APO,pH7_0,vina,stage1,stage1,decoys_final_00012_stage1.sdf,False,missing_receptor,False,False,False,False,False,False,False,,,,,,,,,,,,,,,,,,,,,,,,,,,,,,,,,,,,,,,,,,,,,,,,,,,,,,,,,,,,,,,,,,,,,,,,,,,,,,,,,,,,,,,,,,,,,,,,,,,,,,,,,,,,
EX4M,APO,pH7_0,vina,stage1,stage1,decoys_final_00013_stage1.sdf,False,missing_receptor,False,False,False,False,False,False,False,,,,,,,,,,,,,,,,,,,,,,,,,,,,,,,,,,,,,,,,,,,,,,,,,,,,,,,,,,,,,,,,,,,,,,,,,,,,,,,,,,,,,,,,,,,,,,,,,,,,,,,,,,,,
EX4M,APO,pH7_0,vina,stage1,stage1,decoys_final_00014_stage1.sdf,False,missing_receptor,False,False,False,False,False,False,False,,,,,,,,,,,,,,,,,,,,,,,,,,,,,,,,,,,,,,,,,,,,,,,,,,,,,,,,,,,,,,,,,,,,,,,,,,,,,,,,,,,,,,,,,,,,,,,,,,,,,,,,,,,,
EX4M,APO,pH7_0,vina,stage1,stage1,decoys_final_00015_stage1.sdf,False,missing_receptor,False,False,False,False,False,False,False,,,,,,,,,,,,,,,,,,,,,,,,,,,,,,,,,,,,,,,,,,,,,,,,,,,,,,,,,,,,,,,,,,,,,,,,,,,,,,,,,,,,,,,,,,,,,,,,,,,,,,,,,,,,
EX4M,APO,pH7_0,vina,stage1,stage1,decoys_final_00016_stage1.sdf,False,missing_receptor,False,False,False,False,False,False,False,,,,,,,,,,,,,,,,,,,,,,,,,,,,,,,,,,,,,,,,,,,,,,,,,,,,,,,,,,,,,,,,,,,,,,,,,,,,,,,,,,,,,,,,,,,,,,,,,,,,,,,,,,,,
EX4M,APO,pH7_0,vina,stage1,stage1,decoys_final_00017_stage1.sdf,False,missing_receptor,False,False,False,False,False,False,False,,,,,,,,,,,,,,,,,,,,,,,,,,,,,,,,,,,,,,,,,,,,,,,,,,,,,,,,,,,,,,,,,,,,,,,,,,,,,,,,,,,,,,,,,,,,,,,,,,,,,,,,,,,,
EX4M,APO,pH7_0,vina,stage1,stage1,decoys_final_00018_stage1.sdf,False,missing_receptor,False,False,False,False,False,False,False,,,,,,,,,,,,,,,,,,,,,,,,,,,,,,,,,,,,,,,,,,,,,,,,,,,,,,,,,,,,,,,,,,,,,,,,,,,,,,,,,,,,,,,,,,,,,,,,,,,,,,,,,,,,
EX4M,APO,pH7_0,vina,stage1,stage1,decoys_final_00019_stage1.sdf,False,missing_receptor,False,False,False,False,False,False,False,,,,,,,,,,,,,,,,,,,,,,,,,,,,,,,,,,,,,,,,,,,,,,,,,,,,,,,,,,,,,,,,,,,,,,,,,,,,,,,,,,,,,,,,,,,,,,,,,,,,,,,,,,,,
EX4M,APO,pH7_0,vina,stage1,stage1,decoys_final_00020_stage1.sdf,False,missing_receptor,False,False,False,False,False,False,False,,,,,,,,,,,,,,,,,,,,,,,,,,,,,,,,,,,,,,,,,,,,,,,,,,,,,,,,,,,,,,,,,,,,,,,,,,,,,,,,,,,,,,,,,,,,,,,,,,,,,,,,,,,,
EX4M,APO,pH7_0,vina,stage1,stage1,decoys_final_00021_stage1.sdf,False,missing_receptor,False,False,False,False,False,False,False,,,,,,,,,,,,,,,,,,,,,,,,,,,,,,,,,,,,,,,,,,,,,,,,,,,,,,,,,,,,,,,,,,,,,,,,,,,,,,,,,,,,,,,,,,,,,,,,,,,,,,,,,,,,
EX4M,APO,pH7_0,vina,stage1,stage1,decoys_final_00022_stage1.sdf,False,missing_receptor,False,False,False,False,False,False,False,,,,,,,,,,,,,,,,,,,,,,,,,,,,,,,,,,,,,,,,,,,,,,,,,,,,,,,,,,,,,,,,,,,,,,,,,,,,,,,,,,,,,,,,,,,,,,,,,,,,,,,,,,,,
EX4M,APO,pH7_0,vina,stage1,stage1,decoys_final_00023_stage1.sdf,False,missing_receptor,False,False,False,False,False,False,False,,,,,,,,,,,,,,,,,,,,,,,,,,,,,,,,,,,,,,,,,,,,,,,,,,,,,,,,,,,,,,,,,,,,,,,,,,,,,,,,,,,,,,,,,,,,,,,,,,,,,,,,,,,,
EX4M,APO,pH7_0,vina,stage1,stage1,decoys_final_00024_stage1.sdf,False,missing_receptor,False,False,False,False,False,False,False,,,,,,,,,,,,,,,,,,,,,,,,,,,,,,,,,,,,,,,,,,,,,,,,,,,,,,,,,,,,,,,,,,,,,,,,,,,,,,,,,,,,,,,,,,,,,,,,,,,,,,,,,,,,
EX4M,APO,pH7_0,vina,stage1,stage1,decoys_final_00025_stage1.sdf,False,missing_receptor,False,False,False,False,False,False,False,,,,,,,,,,,,,,,,,,,,,,,,,,,,,,,,,,,,,,,,,,,,,,,,,,,,,,,,,,,,,,,,,,,,,,,,,,,,,,,,,,,,,,,,,,,,,,,,,,,,,,,,,,,,
EX4M,APO,pH7_0,vina,stage1,stage1,decoys_final_00026_stage1.sdf,False,missing_receptor,False,False,False,False,False,False,False,,,,,,,,,,,,,,,,,,,,,,,,,,,,,,,,,,,,,,,,,,,,,,,,,,,,,,,,,,,,,,,,,,,,,,,,,,,,,,,,,,,,,,,,,,,,,,,,,,,,,,,,,,,,
EX4M,APO,pH7_0,vina,stage1,stage1,decoys_final_00027_stage1.sdf,False,missing_receptor,False,False,False,False,False,False,False,,,,,,,,,,,,,,,,,,,,,,,,,,,,,,,,,,,,,,,,,,,,,,,,,,,,,,,,,,,,,,,,,,,,,,,,,,,,,,,,,,,,,,,,,,,,,,,,,,,,,,,,,,,,
EX4M,APO,pH7_0,vina,stage1,stage1,decoys_final_00028_stage1.sdf,False,missing_receptor,False,False,False,False,False,False,False,,,,,,,,,,,,,,,,,,,,,,,,,,,,,,,,,,,,,,,,,,,,,,,,,,,,,,,,,,,,,,,,,,,,,,,,,,,,,,,,,,,,,,,,,,,,,,,,,,,,,,,,,,,,
EX4M,APO,pH7_0,vina,stage1,stage1,decoys_final_00029_stage1.sdf,False,missing_receptor,False,False,False,False,False,False,False,,,,,,,,,,,,,,,,,,,,,,,,,,,,,,,,,,,,,,,,,,,,,,,,,,,,,,,,,,,,,,,,,,,,,,,,,,,,,,,,,,,,,,,,,,,,,,,,,,,,,,,,,,,,
EX4M,APO,pH7_0,vina,stage1,stage1,decoys_final_00030_stage1.sdf,False,missing_receptor,False,False,False,False,False,False,False,,,,,,,,,,,,,,,,,,,,,,,,,,,,,,,,,,,,,,,,,,,,,,,,,,,,,,,,,,,,,,,,,,,,,,,,,,,,,,,,,,,,,,,,,,,,,,,,,,,,,,,,,,,,
EX4M,APO,pH7_0,vina,stage1,stage1,decoys_final_00031_stage1.sdf,False,missing_receptor,False,False,False,False,False,False,False,,,,,,,,,,,,,,,,,,,,,,,,,,,,,,,,,,,,,,,,,,,,,,,,,,,,,,,,,,,,,,,,,,,,,,,,,,,,,,,,,,,,,,,,,,,,,,,,,,,,,,,,,,,,
EX4M,APO,pH7_0,vina,stage1,stage1,decoys_final_00032_stage1.sdf,False,missing_receptor,False,False,False,False,False,False,False,,,,,,,,,,,,,,,,,,,,,,,,,,,,,,,,,,,,,,,,,,,,,,,,,,,,,,,,,,,,,,,,,,,,,,,,,,,,,,,,,,,,,,,,,,,,,,,,,,,,,,,,,,,,
EX4M,APO,pH7_0,vina,stage1,stage1,decoys_final_00033_stage1.sdf,False,missing_receptor,False,False,False,False,False,False,False,,,,,,,,,,,,,,,,,,,,,,,,,,,,,,,,,,,,,,,,,,,,,,,,,,,,,,,,,,,,,,,,,,,,,,,,,,,,,,,,,,,,,,,,,,,,,,,,,,,,,,,,,,,,
EX4M,APO,pH7_0,vina,stage1,stage1,decoys_final_00034_stage1.sdf,False,missing_receptor,False,False,False,False,False,False,False,,,,,,,,,,,,,,,,,,,,,,,,,,,,,,,,,,,,,,,,,,,,,,,,,,,,,,,,,,,,,,,,,,,,,,,,,,,,,,,,,,,,,,,,,,,,,,,,,,,,,,,,,,,,
EX4M,APO,pH7_0,vina,stage1,stage1,decoys_final_00035_stage1.sdf,False,missing_receptor,False,False,False,False,False,False,False,,,,,,,,,,,,,,,,,,,,,,,,,,,,,,,,,,,,,,,,,,,,,,,,,,,,,,,,,,,,,,,,,,,,,,,,,,,,,,,,,,,,,,,,,,,,,,,,,,,,,,,,,,,,
EX4M,APO,pH7_0,vina,stage1,stage1,decoys_final_00036_stage1.sdf,False,missing_receptor,False,False,False,False,False,False,False,,,,,,,,,,,,,,,,,,,,,,,,,,,,,,,,,,,,,,,,,,,,,,,,,,,,,,,,,,,,,,,,,,,,,,,,,,,,,,,,,,,,,,,,,,,,,,,,,,,,,,,,,,,,
EX4M,APO,pH7_0,vina,stage1,stage1,decoys_final_00037_stage1.sdf,False,missing_receptor,False,False,False,False,False,False,False,,,,,,,,,,,,,,,,,,,,,,,,,,,,,,,,,,,,,,,,,,,,,,,,,,,,,,,,,,,,,,,,,,,,,,,,,,,,,,,,,,,,,,,,,,,,,,,,,,,,,,,,,,,,
EX4M,APO,pH7_0,vina,stage1,stage1,decoys_final_00038_stage1.sdf,False,missing_receptor,False,False,False,False,False,False,False,,,,,,,,,,,,,,,,,,,,,,,,,,,,,,,,,,,,,,,,,,,,,,,,,,,,,,,,,,,,,,,,,,,,,,,,,,,,,,,,,,,,,,,,,,,,,,,,,,,,,,,,,,,,
EX4M,APO,pH7_0,vina,stage1,stage1,decoys_final_00039_stage1.sdf,False,missing_receptor,False,False,False,False,False,False,False,,,,,,,,,,,,,,,,,,,,,,,,,,,,,,,,,,,,,,,,,,,,,,,,,,,,,,,,,,,,,,,,,,,,,,,,,,,,,,,,,,,,,,,,,,,,,,,,,,,,,,,,,,,,
EX4M,APO,pH7_0,vina,stage1,stage1,decoys_final_00040_stage1.sdf,False,missing_receptor,False,False,False,False,False,False,False,,,,,,,,,,,,,,,,,,,,,,,,,,,,,,,,,,,,,,,,,,,,,,,,,,,,,,,,,,,,,,,,,,,,,,,,,,,,,,,,,,,,,,,,,,,,,,,,,,,,,,,,,,,,
EX4M,APO,pH7_0,vina,stage1,stage1,decoys_final_00041_stage1.sdf,False,missing_receptor,False,False,False,False,False,False,False,,,,,,,,,,,,,,,,,,,,,,,,,,,,,,,,,,,,,,,,,,,,,,,,,,,,,,,,,,,,,,,,,,,,,,,,,,,,,,,,,,,,,,,,,,,,,,,,,,,,,,,,,,,,
EX4M,APO,pH7_0,vina,stage1,stage1,decoys_final_00042_stage1.sdf,False,missing_receptor,False,False,False,False,False,False,False,,,,,,,,,,,,,,,,,,,,,,,,,,,,,,,,,,,,,,,,,,,,,,,,,,,,,,,,,,,,,,,,,,,,,,,,,,,,,,,,,,,,,,,,,,,,,,,,,,,,,,,,,,,,
EX4M,APO,pH7_0,vina,stage1,stage1,decoys_final_00043_stage1.sdf,False,missing_receptor,False,False,False,False,False,False,False,,,,,,,,,,,,,,,,,,,,,,,,,,,,,,,,,,,,,,,,,,,,,,,,,,,,,,,,,,,,,,,,,,,,,,,,,,,,,,,,,,,,,,,,,,,,,,,,,,,,,,,,,,,,
EX4M,APO,pH7_0,vina,stage1,stage1,decoys_final_00044_stage1.sdf,False,missing_receptor,False,False,False,False,False,False,False,,,,,,,,,,,,,,,,,,,,,,,,,,,,,,,,,,,,,,,,,,,,,,,,,,,,,,,,,,,,,,,,,,,,,,,,,,,,,,,,,,,,,,,,,,,,,,,,,,,,,,,,,,,,
EX4M,APO,pH7_0,vina,stage1,stage1,decoys_final_00045_stage1.sdf,False,missing_receptor,False,False,False,False,False,False,False,,,,,,,,,,,,,,,,,,,,,,,,,,,,,,,,,,,,,,,,,,,,,,,,,,,,,,,,,,,,,,,,,,,,,,,,,,,,,,,,,,,,,,,,,,,,,,,,,,,,,,,,,,,,
EX4M,APO,pH7_0,vina,stage1,stage1,decoys_final_00046_stage1.sdf,False,missing_receptor,False,False,False,False,False,False,False,,,,,,,,,,,,,,,,,,,,,,,,,,,,,,,,,,,,,,,,,,,,,,,,,,,,,,,,,,,,,,,,,,,,,,,,,,,,,,,,,,,,,,,,,,,,,,,,,,,,,,,,,,,,
EX4M,APO,pH7_0,vina,stage1,stage1,decoys_final_00047_stage1.sdf,False,missing_receptor,False,False,False,False,False,False,False,,,,,,,,,,,,,,,,,,,,,,,,,,,,,,,,,,,,,,,,,,,,,,,,,,,,,,,,,,,,,,,,,,,,,,,,,,,,,,,,,,,,,,,,,,,,,,,,,,,,,,,,,,,,
EX4M,APO,pH7_0,vina,stage1,stage1,decoys_final_00048_stage1.sdf,False,missing_receptor,False,False,False,False,False,False,False,,,,,,,,,,,,,,,,,,,,,,,,,,,,,,,,,,,,,,,,,,,,,,,,,,,,,,,,,,,,,,,,,,,,,,,,,,,,,,,,,,,,,,,,,,,,,,,,,,,,,,,,,,,,
EX4M,APO,pH7_0,vina,stage1,stage1,decoys_final_00049_stage1.sdf,False,missing_receptor,False,False,False,False,False,False,False,,,,,,,,,,,,,,,,,,,,,,,,,,,,,,,,,,,,,,,,,,,,,,,,,,,,,,,,,,,,,,,,,,,,,,,,,,,,,,,,,,,,,,,,,,,,,,,,,,,,,,,,,,,,
EX4M,APO,pH7_0,vina,stage1,stage1,decoys_final_00050_stage1.sdf,False,missing_receptor,False,False,False,False,False,False,False,,,,,,,,,,,,,,,,,,,,,,,,,,,,,,,,,,,,,,,,,,,,,,,,,,,,,,,,,,,,,,,,,,,,,,,,,,,,,,,,,,,,,,,,,,,,,,,,,,,,,,,,,,,,
EX4M,HOLO,pH7_0,vina,stage1,stage1,actives_final_00001_stage1.sdf,False,,True,True,True,True,True,True,False,0.911777755118621,/home/michael/atlas/code/protein_automation/post_docked/full_fast_consenuss/EX4M/HOLO/pH7_0/stage1/actives_final_00001_stage1.sdf,CHEMBL23388,0.0,True,True,True,False,True,True,True,True,True,True,True,True,True,True,True,True,True,False,True,True,35.0,0.954201690426611,1.008139908127249,0.0,0.0,48.0,1.0625031576202226,0.0,445.0,0.99105840334215,0.0,35.0,48.0,445.0,2.0,2.0,0.000907551704307,0.0,0.0,,0.0,0.0,,18.0,159.4569192092661,53.46854947902192,2.9822563125978965,2.8720999286236566,0,19,170.0,O,N,1.55,1.6,3.1500000000000004,2.8720999286236566,3.1500000000000004,,False,0.0,,,,,,,,,,,,,False,0.0,,,,,,,,,,,,,False,0.0,,,,,,,,,,,,0.0111241984033503,,,
EX4M,HOLO,pH7_0,vina,stage1,stage1,actives_final_00002_stage1.sdf,False,,True,True,True,True,True,True,False,0.9017490353481522,/home/michael/atlas/code/protein_automation/post_docked/full_fast_consenuss/EX4M/HOLO/pH7_0/stage1/actives_final_00002_stage1.sdf,CHEMBL490934,0.0,True,True,True,False,True,True,True,True,True,True,True,True,True,True,True,True,True,False,True,True,34.0,0.9540240560957284,1.0450776713798071,0.0,0.0,47.0,1.0624599524695733,0.0,415.0,0.989672784356415,0.0,34.0,47.0,415.0,2.0,2.0,0.002003196220998,0.0,0.0,,0.0,0.0,,18.0,181.06451918780184,77.85107713533705,2.325780526749008,2.84050946134668,0,13,1858.0,O,N,1.55,1.6,3.1500000000000004,2.84050946134668,3.1500000000000004,,False,0.0,,,,,,,,,,,,,False,0.0,,,,,,,,,,,,,False,0.0,,,,,,,,,,,,0.006962690488702,,,
EX4M,HOLO,pH7_0,vina,stage1,stage1,actives_final_00003_stage1.sdf,True,,True,True,True,True,True,True,False,0.93486571105546,/home/michael/atlas/code/protein_automation/post_docked/full_fast_consenuss/EX4M/HOLO/pH7_0/stage1/actives_final_00003_stage1.sdf,CHEMBL491104,0.0,True,True,True,False,True,True,True,True,True,True,True,True,True,True,True,True,True,False,True,True,35.0,0.9539707067841952,1.0455485537071998,0.0,0.0,48.0,1.062522185337566,0.0,445.0,0.98971159392924,0.0,35.0,48.0,445.0,2.0,2.0,0.002210150255052,0.0,0.0,,0.0,0.0,,20.0,203.9738413795085,80.11424020297865,2.5460372695630307,2.9448269898246995,0,12,138.0,O,N,1.55,1.6,3.1500000000000004,2.9448269898246995,3.1500000000000004,,False,0.0,,,,,,,,,,,,,False,0.0,,,,,,,,,,,,,False,0.0,,,,,,,,,,,,0.007257448433919,,,
EX4M,HOLO,pH7_0,vina,stage1,stage1,actives_final_00004_stage1.sdf,False,,True,True,True,True,True,True,False,0.8909924090109252,/home/michael/atlas/code/protein_automation/post_docked/full_fast_consenuss/EX4M/HOLO/pH7_0/stage1/actives_final_00004_stage1.sdf,CHEMBL117353,0.0,True,True,True,False,True,True,True,True,True,True,True,True,True,True,True,True,True,False,True,True,35.0,0.9539073670282944,1.0079577793089678,0.0,0.0,48.0,1.062840983324247,0.0,445.0,0.990340011335653,0.0,35.0,48.0,445.0,2.0,2.0,0.0018658398215849,0.0,0.0,,0.0,0.0,,22.0,136.87375461294312,54.38967967051629,2.51653908318824,2.806626088384415,0,30,2186.0,O,N,1.55,1.6,3.1500000000000004,2.806626088384415,3.1500000000000004,,False,0.0,,,,,,,,,,,,,False,0.0,,,,,,,,,,,,,False,0.0,,,,,,,,,,,,0.0092028515878159,,,
EX4M,HOLO,pH7_0,vina,stage1,stage1,actives_final_00005_stage1.sdf,False,,True,True,True,True,True,True,False,0.9173583729817472,/home/michael/atlas/code/protein_automation/post_docked/full_fast_consenuss/EX4M/HOLO/pH7_0/stage1/actives_final_00005_stage1.sdf,CHEMBL117353,0.0,True,True,True,False,True,True,True,True,True,True,True,True,True,True,True,True,True,False,True,True,35.0,0.9540682049941076,1.0151121391265228,0.0,0.0,48.0,1.0625937792702973,0.0,445.0,0.9891360960280636,0.0,35.0,48.0,445.0,2.0,2.0,0.0017508048338412,0.0,0.0,,0.0,0.0,,22.0,202.48291469214263,54.38967967051629,3.722818665576829,2.889678874892504,0,12,170.0,O,N,1.55,1.6,3.1500000000000004,2.8896788748925037,3.1500000000000004,,False,0.0,,,,,,,,,,,,,False,0.0,,,,,,,,,,,,,False,0.0,,,,,,,,,,,,0.0083181700025994,,,
EX4M,HOLO,pH7_0,vina,stage1,stage1,decoys_final_00001_stage1.sdf,False,,True,True,True,True,True,True,False,0.8130008115165842,/home/michael/atlas/code/protein_automation/post_docked/full_fast_consenuss/EX4M/HOLO/pH7_0/stage1/decoys_final_00001_stage1.sdf,ZINC04095838,0.0,True,True,True,False,True,True,True,True,True,True,True,True,True,True,True,True,True,False,True,True,26.0,0.9682791487217788,1.018544905939203,0.0,0.0,39.0,1.0382616477413016,0.0,235.0,0.9552116751971178,0.0,26.0,39.0,235.0,0.0,0.0,,10.0,10.0,0.2434369266099338,0.0,0.0,,12.0,98.15677551909388,66.0971538832044,1.4850378534080269,2.6422526374288986,0,25,1685.0,O,C,1.55,1.7,3.25,2.6422526374288986,3.25,,False,0.0,,,,,,,,,,,,,False,0.0,,,,,,,,,,,,,False,0.0,,,,,,,,,,,,0.0200351493848857,,,
EX4M,HOLO,pH7_0,vina,stage1,stage1,decoys_final_00002_stage1.sdf,False,,True,True,True,True,True,True,False,0.8886211614952078,/home/michael/atlas/code/protein_automation/post_docked/full_fast_consenuss/EX4M/HOLO/pH7_0/stage1/decoys_final_00002_stage1.sdf,ZINC04514067,0.0,True,False,True,False,True,True,True,True,True,True,True,True,True,True,True,True,True,False,True,True,25.0,0.9579838325336476,1.0308145262143504,0.0,0.0,38.0,1.072821338452793,0.0,190.0,0.9916866197125797,0.0,25.0,38.0,190.0,1.0,1.0,2.6065826587047312e-05,0.0,0.0,,0.0,0.0,,10.0,186.71779626288424,78.13527589058133,2.389673475068536,2.7556360427313367,0,24,158.0,O,N,1.55,1.6,3.1500000000000004,2.799156658709905,3.1500000000000004,,False,0.0,,,,,,,,,,,,,False,0.0,,,,,,,,,,,,,False,0.0,,,,,,,,,,,,0.0122364457831325,,,
EX4M,HOLO,pH7_0,vina,stage1,stage1,decoys_final_00003_stage1.sdf,True,,True,True,True,True,True,True,False,0.9372904673143451,/home/michael/atlas/code/protein_automation/post_docked/full_fast_consenuss/EX4M/HOLO/pH7_0/stage1/decoys_final_00003_stage1.sdf,ZINC04903759,0.0,True,True,True,False,True,True,True,True,True,True,True,True,True,True,True,True,True,False,True,True,25.0,0.8784835046959386,1.045763896947428,0.0,0.0,38.0,1.0500078435387596,0.0,190.0,0.983192680505716,0.0,25.0,38.0,190.0,1.0,1.0,0.002127970383239,0.0,0.0,,0.0,0.0,,13.0,173.98326036119352,67.40921558643936,2.581001111607558,2.999506126014748,0,19,1653.0,C,O,1.7,1.55,3.25,3.0461940187716214,3.25,,False,0.0,,,,,,,,,,,,,False,0.0,,,,,,,,,,,,,False,0.0,,,,,,,,,,,,0.0079836613442257,,,
EX4M,HOLO,pH7_0,vina,stage1,stage1,decoys_final_00004_stage1.sdf,False,,True,True,True,True,True,True,False,0.8687794493020987,/home/michael/atlas/code/protein_automation/post_docked/full_fast_consenuss/EX4M/HOLO/pH7_0/stage1/decoys_final_00004_stage1.sdf,ZINC05010475,0.0,True,True,True,False,True,True,True,True,True,True,True,True,True,True,True,True,True,False,True,True,36.0,0.8397405088415615,1.020478466399117,0.0,0.0,56.0,1.1386158285296812,0.0,436.0,0.9475360994509692,0.0,36.0,56.0,436.0,4.0,4.0,0.0027807346069705,0.0,0.0,,0.0,0.0,,15.0,306.1517621902575,49.86830123132483,6.139205760591418,2.693216292836506,0,11,2516.0,O,O,1.55,1.55,3.1,2.693216292836506,3.1,,False,0.0,,,,,,,,,,,,,False,0.0,,,,,,,,,,,,,False,0.0,,,,,,,,,,,,0.0055408970976253,,,
EX4M,HOLO,pH7_0,vina,stage1,stage1,decoys_final_00005_stage1.sdf,False,,True,True,True,True,True,True,False,0.8203634888890317,/home/michael/atlas/code/protein_automation/post_docked/full_fast_consenuss/EX4M/HOLO/pH7_0/stage1/decoys_final_00005_stage1.sdf,ZINC05488280,0.0,True,True,True,False,True,True,True,True,True,True,True,True,True,True,True,True,True,False,True,True,31.0,0.8398071058249454,1.0529369275407754,0.0,0.0,48.0,1.1385252230493357,0.0,327.0,0.9348702388860018,0.0,31.0,48.0,327.0,3.0,3.0,0.0021602110041432,0.0,0.0,,0.0,0.0,,13.0,315.3469306950938,43.78560576966704,7.202068468664509,2.5431268155559983,0,13,160.0,O,O,1.55,1.55,3.1,2.5431268155559983,3.1,,False,0.0,,,,,,,,,,,,,False,0.0,,,,,,,,,,,,,False,0.0,,,,,,,,,,,,0.0096899224806201,,,
EX4M,HOLO,pH7_0,vina,stage1,stage1,decoys_final_00006_stage1.sdf,False,,True,True,True,True,True,True,False,0.9183315187642642,/home/michael/atlas/code/protein_automation/post_docked/full_fast_consenuss/EX4M/HOLO/pH7_0/stage1/decoys_final_00006_stage1.sdf,ZINC04523147,0.0,True,True,True,False,True,True,True,True,True,True,True,True,True,True,True,True,True,False,True,True,29.0,0.839839153740927,1.0336282587258332,0.0,0.0,43.0,1.1383966430724863,0.0,279.0,0.9475241779168934,0.0,29.0,43.0,279.0,3.0,3.0,0.0038168971269185,0.0,0.0,,0.0,0.0,,11.0,213.1986945423813,41.68739653185384,5.114224256712065,2.846827708169219,0,26,160.0,O,O,1.55,1.55,3.1,2.846827708169219,3.1,,False,0.0,,,,,,,,,,,,,False,0.0,,,,,,,,,,,,,False,0.0,,,,,,,,,,,,0.0045322110715441,,,
EX4M,HOLO,pH7_0,vina,stage1,stage1,decoys_final_00007_stage1.sdf,False,,True,True,True,True,True,True,False,0.9010730704312987,/home/michael/atlas/code/protein_automation/post_docked/full_fast_consenuss/EX4M/HOLO/pH7_0/stage1/decoys_final_00007_stage1.sdf,ZINC08613167,0.0,True,False,True,False,True,True,True,True,True,True,True,True,True,True,True,True,True,False,True,True,25.0,0.9572991569390612,1.0297862058963083,0.0,0.0,38.0,1.0414652914038087,0.0,190.0,1.0010826510535908,0.0,25.0,38.0,190.0,1.0,1.0,0.0025153796558825,0.0,0.0,,0.0,0.0,,10.0,154.70241514430978,77.33435757545847,2.0004357700050712,2.8383801718585917,0,17,176.0,O,N,1.55,1.6,3.1500000000000004,2.8383801718585913,3.1500000000000004,,False,0.0,,,,,,,,,,,,,False,0.0,,,,,,,,,,,,,False,0.0,,,,,,,,,,,,0.0124645892351274,,,
EX4M,HOLO,pH7_0,vina,stage1,stage1,decoys_final_00008_stage1.sdf,True,,True,True,True,True,True,True,False,0.9281390755702613,/home/michael/atlas/code/protein_automation/post_docked/full_fast_consenuss/EX4M/HOLO/pH7_0/stage1/decoys_final_00008_stage1.sdf,ZINC01842158,0.0,True,False,True,False,True,True,True,True,True,True,True,True,True,True,True,True,True,False,True,True,25.0,0.957403414454316,1.0278995142133394,0.0,0.0,38.0,1.072896835521461,0.0,190.0,1.0009397365560786,0.0,25.0,38.0,190.0,1.0,1.0,0.0020370335124256,0.0,0.0,,0.0,0.0,,10.0,167.8186797653569,75.35279774643708,2.227106156430561,2.8772311342678103,0,25,160.0,O,O,1.55,1.55,3.1,2.8772311342678103,3.1,,False,0.0,,,,,,,,,,,,,False,0.0,,,,,,,,,,,,,False,0.0,,,,,,,,,,,,0.0097451274362818,,,
EX4M,HOLO,pH7_0,vina,stage1,stage1,decoys_final_00009_stage1.sdf,False,,True,True,True,True,True,True,False,0.9141644655833429,/home/michael/atlas/code/protein_automation/post_docked/full_fast_consenuss/EX4M/HOLO/pH7_0/stage1/decoys_final_00009_stage1.sdf,ZINC12504005,0.0,True,False,True,False,True,True,True,True,True,True,True,True,True,True,True,True,True,False,True,True,25.0,0.957630745198219,1.0285420338230364,0.0,0.0,38.0,1.0728873707495754,0.0,190.0,1.0012056977937764,0.0,25.0,38.0,190.0,1.0,1.0,0.0023868342526692,0.0,0.0,,0.0,0.0,,10.0,211.1611141834729,85.23831115237945,2.477302885623612,2.833909843308363,0,24,160.0,O,O,1.55,1.55,3.1,2.833909843308363,3.1,,False,0.0,,,,,,,,,,,,,False,0.0,,,,,,,,,,,,,False,0.0,,,,,,,,,,,,0.0115094339622641,,,
EX4M,HOLO,pH7_0,vina,stage1,stage1,decoys_final_00010_stage1.sdf,False,,True,True,True,True,True,True,False,0.8922515335753328,/home/michael/atlas/code/protein_automation/post_docked/full_fast_consenuss/EX4M/HOLO/pH7_0/stage1/decoys_final_00010_stage1.sdf,ZINC05544356,0.0,True,False,True,False,True,True,True,True,True,True,True,True,True,True,True,True,True,False,True,True,25.0,0.957797420118149,1.0288259075058572,0.0,0.0,38.0,1.072747303421318,0.0,190.0,1.0013515882210038,0.0,25.0,38.0,190.0,1.0,1.0,0.0023066420691535,0.0,0.0,,0.0,0.0,,10.0,179.37637894317626,85.3799521954631,2.100919177519848,2.765979754083532,0,24,160.0,O,O,1.55,1.55,3.1,2.765979754083532,3.1,,False,0.0,,,,,,,,,,,,,False,0.0,,,,,,,,,,,,,False,0.0,,,,,,,,,,,,0.0116607109272145,,,
EX4M,HOLO,pH7_0,vina,stage1,stage1,decoys_final_00011_stage1.sdf,False,,True,True,True,True,True,True,False,0.8819661603556483,/home/michael/atlas/code/protein_automation/post_docked/full_fast_consenuss/EX4M/HOLO/pH7_0/stage1/decoys_final_00011_stage1.sdf,ZINC13522515,0.0,True,False,True,False,True,True,True,True,True,True,True,True,True,True,True,True,True,False,True,True,24.0,0.9583513780962432,1.0286919959723833,0.0,0.0,36.0,1.0419062569511517,0.0,171.0,1.000930651985963,0.0,24.0,36.0,171.0,1.0,1.0,0.0015480714675026,0.0,0.0,,0.0,0.0,,11.0,179.318849096929,73.42935790973043,2.442059337048441,2.73409509710251,0,18,1643.0,O,O,1.55,1.55,3.1,2.73409509710251,3.1,,False,0.0,,,,,,,,,,,,,False,0.0,,,,,,,,,,,,,False,0.0,,,,,,,,,,,,0.010744285993358,,,
EX4M,HOLO,pH7_0,vina,stage1,stage1,decoys_final_00012_stage1.sdf,False,,True,True,True,True,True,True,False,0.8705548005553857,/home/michael/atlas/code/protein_automation/post_docked/full_fast_consenuss/EX4M/HOLO/pH7_0/stage1/decoys_final_00012_stage1.sdf,ZINC13523828,0.0,True,True,True,False,True,True,True,True,True,True,True,True,True,True,True,True,True,False,True,True,25.0,0.9576593887397272,1.051457689979694,0.0,0.0,38.0,1.0723524041842436,0.0,190.0,1.000853703936462,0.0,25.0,38.0,190.0,1.0,1.0,0.0021496958475848,0.0,0.0,,0.0,0.0,,11.0,173.0867411939508,71.9661243526411,2.40511411099212,2.698719881721696,0,19,2636.0,O,O,1.55,1.55,3.1,2.6987198817216957,3.1,,False,0.0,,,,,,,,,,,,,False,0.0,,,,,,,,,,,,,False,0.0,,,,,,,,,,,,0.0163751395608485,,,
EX4M,HOLO,pH7_0,vina,stage1,stage1,decoys_final_00013_stage1.sdf,False,,True,True,True,True,True,True,False,0.9045316597074476,/home/michael/atlas/code/protein_automation/post_docked/full_fast_consenuss/EX4M/HOLO/pH7_0/stage1/decoys_final_00013_stage1.sdf,ZINC13538982,0.0,True,True,True,False,True,True,True,True,True,True,True,True,True,True,True,True,True,False,True,True,24.0,0.95806880534409,1.022928377226438,0.0,0.0,36.0,1.050921724906921,0.0,171.0,1.0007491390900156,0.0,24.0,36.0,171.0,1.0,1.0,0.0021161131441202,0.0,0.0,,0.0,0.0,,11.0,145.694793078806,72.76978414591012,2.0021330939593627,2.804048145093088,0,17,2635.0,O,O,1.55,1.55,3.1,2.8040481450930876,3.1,,False,0.0,,,,,,,,,,,,,False,0.0,,,,,,,,,,,,,False,0.0,,,,,,,,,,,,0.0134450506625097,,,
EX4M,HOLO,pH7_0,vina,stage1,stage1,decoys_final_00014_stage1.sdf,False,,True,True,True,True,True,True,False,0.9042154852351163,/home/michael/atlas/code/protein_automation/post_docked/full_fast_consenuss/EX4M/HOLO/pH7_0/stage1/decoys_final_00014_stage1.sdf,ZINC17326403,0.0,True,True,True,False,True,True,True,True,True,True,True,True,True,True,True,True,True,False,True,True,23.0,0.9582621827571418,1.0282227981503649,0.0,0.0,35.0,1.0728388107088205,0.0,173.0,1.00246798740762,0.0,23.0,35.0,173.0,1.0,1.0,0.0018981472094127,0.0,0.0,,0.0,0.0,,9.0,118.9735433582694,33.90204559979885,3.509332291116241,2.8482787784906165,0,8,150.0,O,N,1.55,1.6,3.1500000000000004,2.8482787784906165,3.1500000000000004,,False,0.0,,,,,,,,,,,,,False,0.0,,,,,,,,,,,,,False,0.0,,,,,,,,,,,,0.0098502758077226,,,
EX4M,HOLO,pH7_0,vina,stage1,stage1,decoys_final_00015_stage1.sdf,False,,True,True,True,True,True,True,False,0.8675498648204908,/home/michael/atlas/code/protein_automation/post_docked/full_fast_consenuss/EX4M/HOLO/pH7_0/stage1/decoys_final_00015_stage1.sdf,ZINC19014754,0.0,True,False,True,False,True,True,True,True,True,True,True,True,True,True,True,True,True,False,True,True,25.0,0.9578763126542938,1.0288794179220708,0.0,0.0,38.0,1.0725249426771588,0.0,190.0,1.0145787744210135,0.0,25.0,38.0,190.0,1.0,1.0,0.0023722821517507,0.0,0.0,,0.0,0.0,,10.0,185.890141191797,76.73835833964182,2.4223888184974256,2.6894045809435214,0,23,160.0,O,O,1.55,1.55,3.1,2.6894045809435214,3.1,,False,0.0,,,,,,,,,,,,,False,0.0,,,,,,,,,,,,,False,0.0,,,,,,,,,,,,0.0121166224914805,,,
EX4M,HOLO,pH7_0,vina,stage1,stage1,decoys_final_00016_stage1.sdf,False,,True,True,True,True,True,True,False,0.8697686796266354,/home/michael/atlas/code/protein_automation/post_docked/full_fast_consenuss/EX4M/HOLO/pH7_0/stage1/decoys_final_00016_stage1.sdf,ZINC08994462,0.0,True,True,True,False,True,True,True,True,True,True,True,True,True,True,True,True,True,False,True,True,29.0,0.9543695717706988,1.0565967846428406,0.0,0.0,41.0,1.0543896259245569,0.0,281.0,0.987834079326578,0.0,29.0,41.0,281.0,3.0,3.0,0.0023028976202523,0.0,0.0,,0.0,0.0,,9.0,122.57039516079948,63.59883146739028,1.927242880612458,2.7397713408239017,0,1,1642.0,O,N,1.55,1.6,3.1500000000000004,2.7397713408239017,3.1500000000000004,,False,0.0,,,,,,,,,,,,,False,0.0,,,,,,,,,,,,,False,0.0,,,,,,,,,,,,0.0159697069476457,,,
EX4M,HOLO,pH7_0,vina,stage1,stage1,decoys_final_00017_stage1.sdf,True,,True,True,True,True,True,True,False,0.9263233674606034,/home/michael/atlas/code/protein_automation/post_docked/full_fast_consenuss/EX4M/HOLO/pH7_0/stage1/decoys_final_00017_stage1.sdf,ZINC08479210,0.0,True,True,True,False,True,False,True,True,True,True,True,True,True,True,True,True,True,False,True,True,24.0,0.948765710566293,1.038173107529375,0.0,0.0,35.0,1.0387495739360824,0.0,194.0,0.9606128903422172,0.0,24.0,35.0,194.0,1.0,1.0,0.0018253714079668,1.0,0.0,0.00214311216059,0.0,0.0,,10.0,138.55602437306842,38.95952858952992,3.5564091607182413,2.917918607500901,0,9,1643.0,N,O,1.6,1.55,3.1500000000000004,2.917918607500901,3.1500000000000004,,False,0.0,,,,,,,,,,,,,False,0.0,,,,,,,,,,,,,False,0.0,,,,,,,,,,,,0.0080403889304412,,,
EX4M,HOLO,pH7_0,vina,stage1,stage1,decoys_final_00018_stage1.sdf,False,,True,True,True,True,True,True,False,0.8485356180557536,/home/michael/atlas/code/protein_automation/post_docked/full_fast_consenuss/EX4M/HOLO/pH7_0/stage1/decoys_final_00018_stage1.sdf,ZINC32933181,0.0,True,True,True,False,True,True,True,True,True,True,True,True,True,True,True,True,True,False,True,True,29.0,0.9269067722234108,1.067258128540045,0.0,0.0,41.0,1.0489869620515488,0.0,281.0,0.987535982647422,0.0,29.0,41.0,281.0,2.0,2.0,0.0031738008639517,0.0,0.0,,0.0,0.0,,11.0,210.31390360550424,78.20571303027815,2.6892396406395407,2.6304604159728364,0,14,1333.0,O,O,1.55,1.55,3.1,2.6304604159728364,3.1,,False,0.0,,,,,,,,,,,,,False,0.0,,,,,,,,,,,,,False,0.0,,,,,,,,,,,,0.0131344251662072,,,
EX4M,HOLO,pH7_0,vina,stage1,stage1,decoys_final_00019_stage1.sdf,False,,True,False,False,,,,0,False,/home/michael/atlas/code/protein_automation/post_docked/full_fast_consenuss/EX4M/HOLO/pH7_0/stage1/decoys_final_00019_stage1.sdf,ZINC33529354,0.0,True,False,True,True,,,,,True,True,True,True,True,True,True,True,True,False,True,True,,,,,,,,,,,,,,,,,,,,,,,,,3.0278243013754937,0.0,28.0,1823.0,C,O,1.7,1.55,3.25,3.118049871313795,3.25,0.9593999604042446,False,,,,,,,,,,,,,,False,0.0,,,,,,,,,,,,,False,0.0,,,,,,,,,,,,0.0034385745545482,,,,,,
EX4M,HOLO,pH7_0,vina,stage1,stage1,decoys_final_00020_stage1.sdf,False,,True,False,False,,,,0,False,/home/michael/atlas/code/protein_automation/post_docked/full_fast_consenuss/EX4M/HOLO/pH7_0/stage1/decoys_final_00020_stage1.sdf,ZINC33529356,0.0,True,False,True,True,,,,,True,True,True,True,True,True,True,True,True,False,True,True,,,,,,,,,,,,,,,,,,,,,,,,,2.913808161152686,0.0,9.0,176.0,O,N,1.55,1.6,3.1500000000000004,2.913808161152686,3.1500000000000004,0.9250184638579954,False,,,,,,,,,,,,,,False,0.0,,,,,,,,,,,,,False,0.0,,,,,,,,,,,,0.0040694944435748,,,,,,
EX4M,HOLO,pH7_0,vina,stage1,stage1,decoys_final_00021_stage1.sdf,False,,True,True,True,True,True,True,False,0.8736540413544831,/home/michael/atlas/code/protein_automation/post_docked/full_fast_consenuss/EX4M/HOLO/pH7_0/stage1/decoys_final_00021_stage1.sdf,ZINC34920969,0.0,True,False,True,False,True,True,True,True,True,True,True,True,True,True,True,True,True,False,True,True,25.0,0.9062220180897796,1.035443235936431,0.0,0.0,38.0,1.0601292667599895,0.0,190.0,0.9773040759357318,0.0,25.0,38.0,190.0,0.0,0.0,,0.0,0.0,,0.0,0.0,,12.0,235.97325944281903,59.23784938958124,3.983487953638,2.7083275281988977,0,19,2636.0,O,O,1.55,1.55,3.1,2.7083275281988977,3.1,,False,0.0,,,,,,,,,,,,,False,0.0,,,,,,,,,,,,,False,0.0,,,,,,,,,,,,0.0113293051359516,,,
EX4M,HOLO,pH7_0,vina,stage1,stage1,decoys_final_00022_stage1.sdf,False,,True,True,True,True,True,True,False,0.872625781433528,/home/michael/atlas/code/protein_automation/post_docked/full_fast_consenuss/EX4M/HOLO/pH7_0/stage1/decoys_final_00022_stage1.sdf,ZINC03860156,0.0,True,False,True,False,True,True,True,True,True,True,True,True,True,True,True,True,True,False,True,True,25.0,0.9580590153826818,1.029384300878455,0.0,0.0,38.0,1.0602870625705276,0.0,190.0,1.0009449053264148,0.0,25.0,38.0,190.0,1.0,1.0,0.0001540058172975,0.0,0.0,,0.0,0.0,,10.0,164.82428020090023,75.46337504415402,2.1841625835640226,2.7051399224439368,0,19,2636.0,O,O,1.55,1.55,3.1,2.7051399224439368,3.1,,False,0.0,,,,,,,,,,,,,False,0.0,,,,,,,,,,,,,False,0.0,,,,,,,,,,,,0.0131332082551594,,,
EX4M,HOLO,pH7_0,vina,stage1,stage1,decoys_final_00023_stage1.sdf,False,,True,True,True,True,True,True,False,0.8981901681889496,/home/michael/atlas/code/protein_automation/post_docked/full_fast_consenuss/EX4M/HOLO/pH7_0/stage1/decoys_final_00023_stage1.sdf,ZINC38100504,0.0,True,False,True,False,True,True,True,True,True,True,True,True,True,True,True,True,True,False,True,True,22.0,0.951703680131506,1.049657834956529,0.0,0.0,34.0,1.0587853396942974,0.0,154.0,0.971107712284608,0.0,22.0,34.0,154.0,1.0,1.0,0.0025243392437639,1.0,1.0,0.2266440783088041,0.0,0.0,,10.0,188.9721290319592,67.92354650665507,2.7821298908979064,2.8292990297951914,0,21,1370.0,N,O,1.6,1.55,3.1500000000000004,2.8292990297951914,3.1500000000000004,,False,0.0,,,,,,,,,,,,,False,0.0,,,,,,,,,,,,,False,0.0,,,,,,,,,,,,0.0125773607506488,,,
EX4M,HOLO,pH7_0,vina,stage1,stage1,decoys_final_00024_stage1.sdf,False,,True,True,True,True,True,True,False,0.9023882060985298,/home/michael/atlas/code/protein_automation/post_docked/full_fast_consenuss/EX4M/HOLO/pH7_0/stage1/decoys_final_00024_stage1.sdf,ZINC03844586,0.0,True,True,True,False,True,True,True,True,True,True,True,True,True,True,True,True,True,False,True,True,25.0,0.8591424477597811,1.0078774467899945,0.0,0.0,38.0,1.1199645548021129,0.0,213.0,0.9426507928453722,0.0,25.0,38.0,213.0,2.0,2.0,0.0027666736075333,0.0,0.0,,0.0,0.0,,14.0,270.5659622329891,24.718865109696427,10.945727525607744,2.7974034389054423,0,22,1823.0,O,O,1.55,1.55,3.1,2.7974034389054423,3.1,,False,0.0,,,,,,,,,,,,,False,0.0,,,,,,,,,,,,,False,0.0,,,,,,,,,,,,0.0041768186564566,,,
EX4M,HOLO,pH7_0,vina,stage1,stage1,decoys_final_00025_stage1.sdf,False,,True,True,True,True,True,True,False,0.9000457982244506,/home/michael/atlas/code/protein_automation/post_docked/full_fast_consenuss/EX4M/HOLO/pH7_0/stage1/decoys_final_00025_stage1.sdf,ZINC38637630,0.0,True,True,True,False,True,True,True,True,True,True,True,True,True,True,True,True,True,False,True,True,31.0,0.859551435640435,1.0527361410911382,0.0,0.0,48.0,1.119947362313323,0.0,327.0,0.9489406041983042,0.0,31.0,48.0,327.0,3.0,3.0,0.0030628253381511,0.0,0.0,,0.0,0.0,,13.0,284.48094901537263,43.1744216046147,6.589108514773152,2.83514426440702,0,13,150.0,O,N,1.55,1.6,3.1500000000000004,2.83514426440702,3.1500000000000004,,False,0.0,,,,,,,,,,,,,False,0.0,,,,,,,,,,,,,False,0.0,,,,,,,,,,,,0.0059619019921477,,,
EX4M,HOLO,pH7_0,vina,stage1,stage1,decoys_final_00026_stage1.sdf,False,,True,True,True,True,True,True,False,0.8879429774295978,/home/michael/atlas/code/protein_automation/post_docked/full_fast_consenuss/EX4M/HOLO/pH7_0/stage1/decoys_final_00026_stage1.sdf,ZINC38648213,0.0,True,True,True,False,True,False,True,True,True,True,True,True,True,True,True,True,True,False,True,True,25.0,0.8597218067744657,1.0443469514062582,0.0,0.0,37.0,1.1199443328346894,0.0,214.0,0.9477609964921384,0.0,25.0,37.0,214.0,1.0,1.0,0.0002930424109665,2.0,0.0,0.0022283980645338,0.0,0.0,,9.0,223.0038276292551,38.533812915418096,5.787224537544457,2.790535790847348,0,26,1653.0,N,O,1.6,1.55,3.1500000000000004,2.7970203789032335,3.1500000000000004,,False,0.0,,,,,,,,,,,,,False,0.0,,,,,,,,,,,,,False,0.0,,,,,,,,,,,,0.0093862815884476,,,
EX4M,HOLO,pH7_0,vina,stage1,stage1,decoys_final_00027_stage1.sdf,False,,True,True,True,True,True,True,False,0.8669969717681703,/home/michael/atlas/code/protein_automation/post_docked/full_fast_consenuss/EX4M/HOLO/pH7_0/stage1/decoys_final_00027_stage1.sdf,ZINC39710155,0.0,True,True,True,False,True,True,True,True,True,True,True,True,True,True,True,True,True,False,True,True,27.0,0.8913562604394037,1.0725561296904296,0.0,0.0,40.0,1.0824867984133395,0.0,233.0,0.9579067834106968,0.0,27.0,40.0,233.0,1.0,1.0,0.0015237167601816,0.0,0.0,,1.0,1.0,0.0014044158306674,14.0,242.91397319995644,91.53082815872528,2.653903368805042,2.7310404610697367,0,3,2516.0,N,O,1.6,1.55,3.1500000000000004,2.7310404610697367,3.1500000000000004,,False,0.0,,,,,,,,,,,,,False,0.0,,,,,,,,,,,,,False,0.0,,,,,,,,,,,,0.0101665205959684,,,
EX4M,HOLO,pH7_0,vina,stage1,stage1,decoys_final_00028_stage1.sdf,True,,True,True,True,True,True,True,False,0.9202316701477817,/home/michael/atlas/code/protein_automation/post_docked/full_fast_consenuss/EX4M/HOLO/pH7_0/stage1/decoys_final_00028_stage1.sdf,ZINC39937132,0.0,True,False,True,False,True,True,True,True,True,True,True,True,True,True,True,True,True,False,True,True,28.0,0.951767375993491,1.0182287650820454,0.0,0.0,41.0,1.0622505776078364,0.0,256.0,0.971796450706186,0.0,28.0,41.0,256.0,1.0,1.0,0.0028982606461544,5.0,5.0,0.2439736126900084,0.0,0.0,,17.0,105.13798432023464,64.93226662199761,1.6191947361439591,2.852718177458124,0,11,2636.0,O,O,1.55,1.55,3.1,2.8527181774581236,3.1,,False,0.0,,,,,,,,,,,,,False,0.0,,,,,,,,,,,,,False,0.0,,,,,,,,,,,,0.0064837905236907,,,
EX4M,HOLO,pH7_0,vina,stage1,stage1,decoys_final_00029_stage1.sdf,False,,True,True,True,True,True,True,False,0.8952831651995347,/home/michael/atlas/code/protein_automation/post_docked/full_fast_consenuss/EX4M/HOLO/pH7_0/stage1/decoys_final_00029_stage1.sdf,ZINC39944747,0.0,True,True,True,False,True,True,True,True,True,True,True,True,True,True,True,True,True,False,True,True,26.0,0.9759409432131276,1.0192022842946231,0.0,0.0,39.0,1.0627349856815238,0.0,235.0,0.9860476401864297,0.0,26.0,39.0,235.0,0.0,0.0,,10.0,10.0,0.2440081154857133,0.0,0.0,,12.0,191.68116530804048,66.83541272166397,2.8679581303147863,2.775377812118557,0,27,2636.0,O,O,1.55,1.55,3.1,2.7753778121185575,3.1,,False,0.0,,,,,,,,,,,,,False,0.0,,,,,,,,,,,,,False,0.0,,,,,,,,,,,,0.0136162687886825,,,
EX4M,HOLO,pH7_0,vina,stage1,stage1,decoys_final_00030_stage1.sdf,False,,True,True,True,True,True,True,False,0.9105517335998005,/home/michael/atlas/code/protein_automation/post_docked/full_fast_consenuss/EX4M/HOLO/pH7_0/stage1/decoys_final_00030_stage1.sdf,ZINC40378083,0.0,True,False,True,False,True,True,True,True,True,True,True,True,True,True,True,True,True,False,True,True,22.0,0.951986526809628,1.0519721579628447,0.0,0.0,34.0,1.0494939518058164,0.0,154.0,0.9565923887351624,0.0,22.0,34.0,154.0,2.0,2.0,0.0021601709130244,0.0,0.0,,0.0,0.0,,11.0,148.78151498128258,66.73356501016977,2.22948549142563,2.868237960839372,0,9,158.0,O,N,1.55,1.6,3.1500000000000004,2.8682379608393718,3.1500000000000004,,False,0.0,,,,,,,,,,,,,False,0.0,,,,,,,,,,,,,False,0.0,,,,,,,,,,,,0.0080078125,,,
EX4M,HOLO,pH7_0,vina,stage1,stage1,decoys_final_00031_stage1.sdf,False,,True,True,True,True,True,True,False,0.9014077324407974,/home/michael/atlas/code/protein_automation/post_docked/full_fast_consenuss/EX4M/HOLO/pH7_0/stage1/decoys_final_00031_stage1.sdf,ZINC40384514,0.0,True,True,True,False,True,True,True,True,True,True,True,True,True,True,True,True,True,False,True,True,21.0,0.9518053636348844,1.0506693033975911,0.0,0.0,32.0,1.0500620991383376,0.0,137.0,0.939258723637622,0.0,21.0,32.0,137.0,2.0,2.0,0.002472640984877,0.0,0.0,,0.0,0.0,,6.0,135.2031838221989,61.5019626029274,2.1983555987490297,2.794363970566472,0,9,160.0,O,O,1.55,1.55,3.1,2.7943639705664722,3.1,,False,0.0,,,,,,,,,,,,,False,0.0,,,,,,,,,,,,,False,0.0,,,,,,,,,,,,0.0091111561044745,,,
EX4M,HOLO,pH7_0,vina,stage1,stage1,decoys_final_00032_stage1.sdf,False,,True,True,True,True,True,True,False,0.9054782274094182,/home/michael/atlas/code/protein_automation/post_docked/full_fast_consenuss/EX4M/HOLO/pH7_0/stage1/decoys_final_00032_stage1.sdf,ZINC40385359,0.0,True,False,True,False,True,True,True,True,True,True,True,True,True,True,True,True,True,False,True,True,22.0,0.9521195465638168,1.0519429792670418,0.0,0.0,35.0,1.0497791789501316,0.0,153.0,0.9794531719933928,0.0,22.0,35.0,153.0,2.0,2.0,0.0021190487606794,0.0,0.0,,0.0,0.0,,11.0,178.44799799781947,91.8512103533848,1.9427941919465788,2.894126638556093,0,10,176.0,N,N,1.6,1.6,3.2,2.8975303277101383,3.2,,False,0.0,,,,,,,,,,,,,False,0.0,,,,,,,,,,,,,False,0.0,,,,,,,,,,,,0.0113948919449901,,,
EX4M,HOLO,pH7_0,vina,stage1,stage1,decoys_final_00033_stage1.sdf,True,,True,True,True,True,True,True,False,0.9667218689338727,/home/michael/atlas/code/protein_automation/post_docked/full_fast_consenuss/EX4M/HOLO/pH7_0/stage1/decoys_final_00033_stage1.sdf,ZINC41070135,0.0,True,True,True,False,True,True,True,True,True,True,True,True,True,True,True,True,True,False,True,True,20.0,0.9519801583764756,1.0026078601105015,0.0,0.0,28.0,1.0493516566349546,0.0,123.0,0.9440044769799854,0.0,20.0,28.0,123.0,2.0,2.0,0.0021078810190901,0.0,0.0,,0.0,0.0,,6.0,81.33036447334811,37.691947510512,2.157764982843237,3.0866708603283217,0,13,176.0,N,N,1.6,1.6,3.2,3.0935099805883928,3.2,,False,0.0,,,,,,,,,,,,,False,0.0,,,,,,,,,,,,,False,0.0,,,,,,,,,,,,0.0062205062205062,,,
EX4M,HOLO,pH7_0,vina,stage1,stage1,decoys_final_00034_stage1.sdf,True,,True,True,True,True,True,True,False,0.9662111692940835,/home/michael/atlas/code/protein_automation/post_docked/full_fast_consenuss/EX4M/HOLO/pH7_0/stage1/decoys_final_00034_stage1.sdf,ZINC41071201,0.0,True,True,True,False,True,True,True,True,True,True,True,True,True,True,True,True,True,False,True,True,20.0,0.9522848519548882,1.0020828962096575,0.0,0.0,28.0,1.049557477752919,0.0,123.0,0.9712834364174174,0.0,20.0,28.0,123.0,2.0,2.0,0.0026861852772263,0.0,0.0,,0.0,0.0,,6.0,73.48156234924267,29.86920745365144,2.4601108838681194,3.1401863002057717,0,8,1643.0,C,O,1.7,1.55,3.25,3.1401863002057713,3.25,,False,0.0,,,,,,,,,,,,,False,0.0,,,,,,,,,,,,,False,0.0,,,,,,,,,,,,0.0034283265481037,,,
EX4M,HOLO,pH7_0,vina,stage1,stage1,decoys_final_00035_stage1.sdf,False,,True,True,True,True,True,True,False,0.8889527187966658,/home/michael/atlas/code/protein_automation/post_docked/full_fast_consenuss/EX4M/HOLO/pH7_0/stage1/decoys_final_00035_stage1.sdf,ZINC43508786,0.0,True,False,True,False,True,True,True,True,True,True,True,True,True,True,True,True,True,False,True,True,22.0,0.9519827529284588,1.0200550695494743,0.0,0.0,34.0,1.0626696895294183,0.0,154.0,0.9831543269350298,0.0,22.0,34.0,154.0,1.0,1.0,0.0023200186582763,0.0,0.0,,0.0,0.0,,12.0,158.58440231743896,59.42118406012585,2.6688192910624924,2.8002010642094977,0,20,176.0,O,N,1.55,1.6,3.1500000000000004,2.8002010642094977,3.1500000000000004,,False,0.0,,,,,,,,,,,,,False,0.0,,,,,,,,,,,,,False,0.0,,,,,,,,,,,,0.0083156062657126,,,
EX4M,HOLO,pH7_0,vina,stage1,stage1,decoys_final_00036_stage1.sdf,False,,True,True,True,True,True,True,False,0.8779290502504598,/home/michael/atlas/code/protein_automation/post_docked/full_fast_consenuss/EX4M/HOLO/pH7_0/stage1/decoys_final_00036_stage1.sdf,ZINC44559715,0.0,True,False,True,False,True,True,True,True,True,True,True,True,True,True,True,True,True,False,True,True,25.0,0.9576880314245332,1.0227961740687563,0.0,0.0,38.0,1.0600680804290197,0.0,190.0,1.0009381310992524,0.0,25.0,38.0,190.0,1.0,1.0,0.0004182303351061,0.0,0.0,,0.0,0.0,,10.0,150.71872137084398,75.55904900033887,1.994714377230556,2.721580055776425,0,17,1643.0,O,O,1.55,1.55,3.1,2.721580055776425,3.1,,False,0.0,,,,,,,,,,,,,False,0.0,,,,,,,,,,,,,False,0.0,,,,,,,,,,,,0.0071187710753091,,,
EX4M,HOLO,pH7_0,vina,stage1,stage1,decoys_final_00037_stage1.sdf,True,,True,True,True,True,True,True,False,0.944354590897111,/home/michael/atlas/code/protein_automation/post_docked/full_fast_consenuss/EX4M/HOLO/pH7_0/stage1/decoys_final_00037_stage1.sdf,ZINC53640048,0.0,True,False,True,False,True,True,True,True,True,True,True,True,True,True,True,True,True,False,True,True,26.0,0.9538626850025884,1.0209946954703564,0.0,0.0,36.0,1.0273777372419866,0.0,214.0,0.9879472906048942,0.0,26.0,36.0,214.0,3.0,3.0,0.0021041650740423,0.0,0.0,,0.0,0.0,,9.0,144.37739898137886,104.66792341163608,1.379385338654079,2.9747169613259,0,16,1653.0,N,O,1.6,1.55,3.1500000000000004,2.9747169613259,3.1500000000000004,,False,0.0,,,,,,,,,,,,,False,0.0,,,,,,,,,,,,,False,0.0,,,,,,,,,,,,0.0051564722617354,,,
EX4M,HOLO,pH7_0,vina,stage1,stage1,decoys_final_00038_stage1.sdf,False,,True,True,True,True,True,True,False,0.8914964211294265,/home/michael/atlas/code/protein_automation/post_docked/full_fast_consenuss/EX4M/HOLO/pH7_0/stage1/decoys_final_00038_stage1.sdf,ZINC38581022,0.0,True,True,True,False,True,True,True,True,True,True,True,True,True,True,True,True,True,False,True,True,22.0,0.9576161459022824,1.029864794364281,0.0,0.0,33.0,1.0535991280883952,0.0,155.0,1.0027424075046327,0.0,22.0,33.0,155.0,1.0,1.0,0.0001404178596666,0.0,0.0,,0.0,0.0,,9.0,118.53694855211444,34.94655648424136,3.391949321403583,2.7636389055012223,0,16,2636.0,O,O,1.55,1.55,3.1,2.7636389055012223,3.1,,False,0.0,,,,,,,,,,,,,False,0.0,,,,,,,,,,,,,False,0.0,,,,,,,,,,,,0.0123918174665617,,,
EX4M,HOLO,pH7_0,vina,stage1,stage1,decoys_final_00039_stage1.sdf,False,,True,True,True,True,True,True,False,0.895871722181915,/home/michael/atlas/code/protein_automation/post_docked/full_fast_consenuss/EX4M/HOLO/pH7_0/stage1/decoys_final_00039_stage1.sdf,ZINC33979260,0.0,True,False,True,False,True,True,True,True,True,True,True,True,True,True,True,True,True,False,True,True,26.0,0.9286577646867652,1.065579188222965,0.0,0.0,40.0,1.059861139282118,0.0,210.0,0.9775347754544702,0.0,26.0,40.0,210.0,1.0,1.0,0.000452479424469,0.0,0.0,,0.0,0.0,,10.0,171.91259029488018,77.29627888129477,2.224073303177884,2.8219959248730326,0,25,150.0,O,N,1.55,1.6,3.1500000000000004,2.8219959248730326,3.1500000000000004,,False,0.0,,,,,,,,,,,,,False,0.0,,,,,,,,,,,,,False,0.0,,,,,,,,,,,,0.0138863511785127,,,
EX4M,HOLO,pH7_0,vina,stage1,stage1,decoys_final_00040_stage1.sdf,False,,True,True,True,True,True,True,False,0.887299088504872,/home/michael/atlas/code/protein_automation/post_docked/full_fast_consenuss/EX4M/HOLO/pH7_0/stage1/decoys_final_00040_stage1.sdf,ZINC28975915,0.0,True,True,True,False,True,False,True,True,True,True,True,True,True,True,True,True,True,False,True,True,23.0,0.9360880014065498,1.0640408282987497,0.0,0.0,33.0,1.0493231037393516,0.0,175.0,0.9712818937071774,0.0,23.0,33.0,175.0,1.0,1.0,0.0027231868131798,1.0,0.0,0.0020486190639448,0.0,0.0,,9.0,157.25057810009892,33.24354450224539,4.730259075998278,2.7949921287903474,0,13,1643.0,N,O,1.6,1.55,3.1500000000000004,2.7949921287903474,3.1500000000000004,,False,0.0,,,,,,,,,,,,,False,0.0,,,,,,,,,,,,,False,0.0,,,,,,,,,,,,0.0093475415965601,,,
EX4M,HOLO,pH7_0,vina,stage1,stage1,decoys_final_00041_stage1.sdf,False,,True,True,True,True,True,True,False,0.8523808567770627,/home/michael/atlas/code/protein_automation/post_docked/full_fast_consenuss/EX4M/HOLO/pH7_0/stage1/decoys_final_00041_stage1.sdf,ZINC61882467,0.0,True,True,True,False,True,True,True,True,True,True,True,True,True,True,True,True,True,False,True,True,21.0,0.9287595845371726,1.0190528306413484,0.0,0.0,31.0,1.05890987417253,0.0,138.0,0.9728029212730606,0.0,21.0,31.0,138.0,1.0,1.0,0.0029887284683945,0.0,0.0,,0.0,0.0,,7.0,124.6998846529522,68.1947349568587,1.8285852233583684,2.7276187416866007,0,20,170.0,N,N,1.6,1.6,3.2,2.7276187416866007,3.2,,False,0.0,,,,,,,,,,,,,False,0.0,,,,,,,,,,,,,False,0.0,,,,,,,,,,,,0.0125786163522012,,,
EX4M,HOLO,pH7_0,vina,stage1,stage1,decoys_final_00042_stage1.sdf,False,,True,True,True,True,True,True,False,0.8395757726102773,/home/michael/atlas/code/protein_automation/post_docked/full_fast_consenuss/EX4M/HOLO/pH7_0/stage1/decoys_final_00042_stage1.sdf,ZINC64003696,0.0,True,False,True,False,True,False,True,True,True,True,True,True,True,True,True,True,True,False,True,True,23.0,0.9377011954749842,1.0645437341881512,0.0,0.0,32.0,1.0437845929142204,0.0,176.0,0.7968366380385583,0.0,23.0,32.0,176.0,0.0,0.0,,1.0,0.0,0.0027476609326662,1.0,1.0,0.0012794513932993,12.0,121.15324707294246,44.68335781941671,2.7113729358158607,2.644663683722374,0,0,1653.0,N,O,1.6,1.55,3.1500000000000004,2.644663683722374,3.1500000000000004,,False,0.0,,,,,,,,,,,,,False,0.0,,,,,,,,,,,,,False,0.0,,,,,,,,,,,,0.0083972252646951,,,
EX4M,HOLO,pH7_0,vina,stage1,stage1,decoys_final_00043_stage1.sdf,False,,True,True,True,True,True,True,False,0.8875712456188413,/home/michael/atlas/code/protein_automation/post_docked/full_fast_consenuss/EX4M/HOLO/pH7_0/stage1/decoys_final_00043_stage1.sdf,ZINC64033513,0.0,True,False,True,False,True,True,True,True,True,True,True,True,True,True,True,True,True,False,True,True,23.0,0.9455357353185082,1.0292403555902074,0.0,0.0,35.0,1.059855036574115,0.0,173.0,0.9363728384516586,0.0,23.0,35.0,173.0,1.0,1.0,0.0005841264934769,0.0,0.0,,0.0,0.0,,9.0,108.35072413680618,38.92915297572317,2.7832797750409672,2.7958494236993503,0,17,2084.0,O,N,1.55,1.6,3.1500000000000004,2.7958494236993503,3.1500000000000004,,False,0.0,,,,,,,,,,,,,False,0.0,,,,,,,,,,,,,False,0.0,,,,,,,,,,,,0.0170321064996084,,,
EX4M,HOLO,pH7_0,vina,stage1,stage1,decoys_final_00044_stage1.sdf,True,,True,True,True,True,True,True,False,0.9414855863268371,/home/michael/atlas/code/protein_automation/post_docked/full_fast_consenuss/EX4M/HOLO/pH7_0/stage1/decoys_final_00044_stage1.sdf,ZINC35462764,0.0,True,True,True,False,True,True,True,True,True,True,True,True,True,True,True,True,True,False,True,True,28.0,0.9521676555155524,1.0106494365666705,0.0,0.0,41.0,1.0587033559615984,0.0,256.0,0.9696964247930516,0.0,28.0,41.0,256.0,2.0,2.0,0.0046455862583847,0.0,0.0,,0.0,0.0,,12.0,128.08278508031424,50.90260710118904,2.5162323184291746,2.918605317613195,0,26,160.0,O,O,1.55,1.55,3.1,2.918605317613195,3.1,,False,0.0,,,,,,,,,,,,,False,0.0,,,,,,,,,,,,,False,0.0,,,,,,,,,,,,0.004990850108135,,,
EX4M,HOLO,pH7_0,vina,stage1,stage1,decoys_final_00045_stage1.sdf,True,,True,True,True,True,True,True,False,0.9387179734139974,/home/michael/atlas/code/protein_automation/post_docked/full_fast_consenuss/EX4M/HOLO/pH7_0/stage1/decoys_final_00045_stage1.sdf,ZINC65356748,0.0,True,True,True,False,True,True,True,True,True,True,True,True,True,True,True,True,True,False,True,True,29.0,0.9749993126447972,1.0608825278940452,0.0,0.0,43.0,1.0622409088138678,0.0,279.0,0.9875090728903648,0.0,29.0,43.0,279.0,2.0,2.0,0.1813372198805139,5.0,5.0,0.2440506649122448,0.0,0.0,,11.0,139.93679711524533,56.264912656381874,2.48710591572158,2.9569616162540924,0,23,176.0,O,N,1.55,1.6,3.1500000000000004,2.9569616162540924,3.1500000000000004,,False,0.0,,,,,,,,,,,,,False,0.0,,,,,,,,,,,,,False,0.0,,,,,,,,,,,,0.0031524805043968,,,
EX4M,HOLO,pH7_0,vina,stage1,stage1,decoys_final_00046_stage1.sdf,False,,True,True,True,True,True,True,False,0.889178864601739,/home/michael/atlas/code/protein_automation/post_docked/full_fast_consenuss/EX4M/HOLO/pH7_0/stage1/decoys_final_00046_stage1.sdf,ZINC65739396,0.0,True,True,True,False,True,True,True,True,True,True,True,True,True,True,True,True,True,False,True,True,29.0,0.976615093952666,1.0228562560495829,0.0,0.0,42.0,1.06284434852512,0.0,280.0,1.0069025130483606,0.0,29.0,42.0,280.0,1.0,1.0,0.0029340486143662,10.0,10.0,0.2439825254350318,0.0,0.0,,22.0,158.6526160214897,71.20506572865199,2.22810855376614,2.857824522254651,0,12,1653.0,C,O,1.7,1.55,3.25,2.889831309955652,3.25,,False,0.0,,,,,,,,,,,,,False,0.0,,,,,,,,,,,,,False,0.0,,,,,,,,,,,,0.0085361998103066,,,
EX4M,HOLO,pH7_0,vina,stage1,stage1,decoys_final_00047_stage1.sdf,False,,True,True,True,True,True,True,False,0.8311469389703481,/home/michael/atlas/code/protein_automation/post_docked/full_fast_consenuss/EX4M/HOLO/pH7_0/stage1/decoys_final_00047_stage1.sdf,ZINC65742951,0.0,True,True,True,False,True,True,True,True,True,True,True,True,True,True,True,True,True,False,True,True,40.0,0.9762984655082652,1.018098443632667,0.0,0.0,60.0,1.0628312032778018,0.0,530.0,0.935962836437762,0.0,40.0,60.0,530.0,3.0,3.0,0.0108679189345698,5.0,5.0,0.2564557117679313,0.0,0.0,,18.0,179.07851928248732,124.0018202998252,1.4441604070770222,2.7201472386619097,0,27,176.0,C,N,1.7,1.6,3.3,2.7427848986021486,3.3,,False,0.0,,,,,,,,,,,,,False,0.0,,,,,,,,,,,,,False,0.0,,,,,,,,,,,,0.007868296816366,,,
EX4M,HOLO,pH7_0,vina,stage1,stage1,decoys_final_00048_stage1.sdf,False,,True,True,True,True,True,True,False,0.8454917720526415,/home/michael/atlas/code/protein_automation/post_docked/full_fast_consenuss/EX4M/HOLO/pH7_0/stage1/decoys_final_00048_stage1.sdf,ZINC65748719,0.0,True,True,True,False,True,True,True,True,True,True,True,True,True,True,True,True,True,False,True,True,28.0,0.9759853528287824,1.0538569551150492,0.0,0.0,41.0,1.0624602678284225,0.0,256.0,1.0051827421048798,0.0,28.0,41.0,256.0,2.0,2.0,0.0023277775804247,5.0,5.0,0.256592896302645,0.0,0.0,,13.0,110.00688724896544,58.59871733606684,1.8772917266784173,2.663299081965821,0,13,176.0,O,N,1.55,1.6,3.1500000000000004,2.663299081965821,3.1500000000000004,,False,0.0,,,,,,,,,,,,,False,0.0,,,,,,,,,,,,,False,0.0,,,,,,,,,,,,0.0091836734693877,,,
EX4M,HOLO,pH7_0,vina,stage1,stage1,decoys_final_00049_stage1.sdf,False,,True,True,True,True,True,True,False,0.8945740590573805,/home/michael/atlas/code/protein_automation/post_docked/full_fast_consenuss/EX4M/HOLO/pH7_0/stage1/decoys_final_00049_stage1.sdf,ZINC65748839,0.0,True,False,True,False,True,True,True,True,True,True,True,True,True,True,True,True,True,False,True,True,25.0,0.9573621934250572,1.0425474035698137,0.0,0.0,38.0,1.0597743409604328,0.0,190.0,1.014477357072345,0.0,25.0,38.0,190.0,1.0,1.0,0.0003181440978946,0.0,0.0,,0.0,0.0,,10.0,199.0854523884635,75.05095378719116,2.65267051705932,2.77317958307788,0,16,1333.0,O,O,1.55,1.55,3.1,2.7731795830778796,3.1,,False,0.0,,,,,,,,,,,,,False,0.0,,,,,,,,,,,,,False,0.0,,,,,,,,,,,,0.0100511695906432,,,
EX4M,HOLO,pH7_0,vina,stage1,stage1,decoys_final_00050_stage1.sdf,False,,True,True,True,True,True,True,False,0.9070886206016474,/home/michael/atlas/code/protein_automation/post_docked/full_fast_consenuss/EX4M/HOLO/pH7_0/stage1/decoys_final_00050_stage1.sdf,ZINC66637161,0.0,True,True,True,False,True,True,True,True,True,True,True,True,True,True,True,True,True,False,True,True,26.0,0.9376842612995396,1.0603205346884832,0.0,0.0,37.0,1.044779688243135,0.0,213.0,0.9798560071372558,0.0,26.0,37.0,213.0,2.0,2.0,0.0030183589667341,0.0,0.0,,0.0,0.0,,11.0,123.86552523167128,75.3375123912413,1.6441414283553093,2.902683585925272,0,20,2186.0,N,N,1.6,1.6,3.2,2.902683585925272,3.2,,False,0.0,,,,,,,,,,,,,False,0.0,,,,,,,,,,,,,False,0.0,,,,,,,,,,,,0.0072451267897188,,,
EX4M,APO,pH7_0,gnina,stage1,gnina_stage1,actives_final_00001_gnina_stage1.sdf,False,missing_receptor,False,False,False,False,False,False,False,,,,,,,,,,,,,,,,,,,,,,,,,,,,,,,,,,,,,,,,,,,,,,,,,,,,,,,,,,,,,,,,,,,,,,,,,,,,,,,,,,,,,,,,,,,,,,,,,,,,,,,,,,,,
EX4M,APO,pH7_0,gnina,stage1,gnina_stage1,actives_final_00002_gnina_stage1.sdf,False,missing_receptor,False,False,False,False,False,False,False,,,,,,,,,,,,,,,,,,,,,,,,,,,,,,,,,,,,,,,,,,,,,,,,,,,,,,,,,,,,,,,,,,,,,,,,,,,,,,,,,,,,,,,,,,,,,,,,,,,,,,,,,,,,
EX4M,APO,pH7_0,gnina,stage1,gnina_stage1,actives_final_00003_gnina_stage1.sdf,False,missing_receptor,False,False,False,False,False,False,False,,,,,,,,,,,,,,,,,,,,,,,,,,,,,,,,,,,,,,,,,,,,,,,,,,,,,,,,,,,,,,,,,,,,,,,,,,,,,,,,,,,,,,,,,,,,,,,,,,,,,,,,,,,,
EX4M,APO,pH7_0,gnina,stage1,gnina_stage1,actives_final_00004_gnina_stage1.sdf,False,missing_receptor,False,False,False,False,False,False,False,,,,,,,,,,,,,,,,,,,,,,,,,,,,,,,,,,,,,,,,,,,,,,,,,,,,,,,,,,,,,,,,,,,,,,,,,,,,,,,,,,,,,,,,,,,,,,,,,,,,,,,,,,,,
EX4M,APO,pH7_0,gnina,stage1,gnina_stage1,actives_final_00005_gnina_stage1.sdf,False,missing_receptor,False,False,False,False,False,False,False,,,,,,,,,,,,,,,,,,,,,,,,,,,,,,,,,,,,,,,,,,,,,,,,,,,,,,,,,,,,,,,,,,,,,,,,,,,,,,,,,,,,,,,,,,,,,,,,,,,,,,,,,,,,
EX4M,APO,pH7_0,gnina,stage1,gnina_stage1,decoys_final_00001_gnina_stage1.sdf,False,missing_receptor,False,False,False,False,False,False,False,,,,,,,,,,,,,,,,,,,,,,,,,,,,,,,,,,,,,,,,,,,,,,,,,,,,,,,,,,,,,,,,,,,,,,,,,,,,,,,,,,,,,,,,,,,,,,,,,,,,,,,,,,,,
EX4M,APO,pH7_0,gnina,stage1,gnina_stage1,decoys_final_00002_gnina_stage1.sdf,False,missing_receptor,False,False,False,False,False,False,False,,,,,,,,,,,,,,,,,,,,,,,,,,,,,,,,,,,,,,,,,,,,,,,,,,,,,,,,,,,,,,,,,,,,,,,,,,,,,,,,,,,,,,,,,,,,,,,,,,,,,,,,,,,,
EX4M,APO,pH7_0,gnina,stage1,gnina_stage1,decoys_final_00003_gnina_stage1.sdf,False,missing_receptor,False,False,False,False,False,False,False,,,,,,,,,,,,,,,,,,,,,,,,,,,,,,,,,,,,,,,,,,,,,,,,,,,,,,,,,,,,,,,,,,,,,,,,,,,,,,,,,,,,,,,,,,,,,,,,,,,,,,,,,,,,
EX4M,APO,pH7_0,gnina,stage1,gnina_stage1,decoys_final_00004_gnina_stage1.sdf,False,missing_receptor,False,False,False,False,False,False,False,,,,,,,,,,,,,,,,,,,,,,,,,,,,,,,,,,,,,,,,,,,,,,,,,,,,,,,,,,,,,,,,,,,,,,,,,,,,,,,,,,,,,,,,,,,,,,,,,,,,,,,,,,,,
EX4M,APO,pH7_0,gnina,stage1,gnina_stage1,decoys_final_00005_gnina_stage1.sdf,False,missing_receptor,False,False,False,False,False,False,False,,,,,,,,,,,,,,,,,,,,,,,,,,,,,,,,,,,,,,,,,,,,,,,,,,,,,,,,,,,,,,,,,,,,,,,,,,,,,,,,,,,,,,,,,,,,,,,,,,,,,,,,,,,,
EX4M,APO,pH7_0,gnina,stage1,gnina_stage1,decoys_final_00006_gnina_stage1.sdf,False,missing_receptor,False,False,False,False,False,False,False,,,,,,,,,,,,,,,,,,,,,,,,,,,,,,,,,,,,,,,,,,,,,,,,,,,,,,,,,,,,,,,,,,,,,,,,,,,,,,,,,,,,,,,,,,,,,,,,,,,,,,,,,,,,
EX4M,APO,pH7_0,gnina,stage1,gnina_stage1,decoys_final_00007_gnina_stage1.sdf,False,missing_receptor,False,False,False,False,False,False,False,,,,,,,,,,,,,,,,,,,,,,,,,,,,,,,,,,,,,,,,,,,,,,,,,,,,,,,,,,,,,,,,,,,,,,,,,,,,,,,,,,,,,,,,,,,,,,,,,,,,,,,,,,,,
EX4M,APO,pH7_0,gnina,stage1,gnina_stage1,decoys_final_00008_gnina_stage1.sdf,False,missing_receptor,False,False,False,False,False,False,False,,,,,,,,,,,,,,,,,,,,,,,,,,,,,,,,,,,,,,,,,,,,,,,,,,,,,,,,,,,,,,,,,,,,,,,,,,,,,,,,,,,,,,,,,,,,,,,,,,,,,,,,,,,,
EX4M,APO,pH7_0,gnina,stage1,gnina_stage1,decoys_final_00009_gnina_stage1.sdf,False,missing_receptor,False,False,False,False,False,False,False,,,,,,,,,,,,,,,,,,,,,,,,,,,,,,,,,,,,,,,,,,,,,,,,,,,,,,,,,,,,,,,,,,,,,,,,,,,,,,,,,,,,,,,,,,,,,,,,,,,,,,,,,,,,
EX4M,APO,pH7_0,gnina,stage1,gnina_stage1,decoys_final_00010_gnina_stage1.sdf,False,missing_receptor,False,False,False,False,False,False,False,,,,,,,,,,,,,,,,,,,,,,,,,,,,,,,,,,,,,,,,,,,,,,,,,,,,,,,,,,,,,,,,,,,,,,,,,,,,,,,,,,,,,,,,,,,,,,,,,,,,,,,,,,,,
EX4M,APO,pH7_0,gnina,stage1,gnina_stage1,decoys_final_00011_gnina_stage1.sdf,False,missing_receptor,False,False,False,False,False,False,False,,,,,,,,,,,,,,,,,,,,,,,,,,,,,,,,,,,,,,,,,,,,,,,,,,,,,,,,,,,,,,,,,,,,,,,,,,,,,,,,,,,,,,,,,,,,,,,,,,,,,,,,,,,,
EX4M,APO,pH7_0,gnina,stage1,gnina_stage1,decoys_final_00012_gnina_stage1.sdf,False,missing_receptor,False,False,False,False,False,False,False,,,,,,,,,,,,,,,,,,,,,,,,,,,,,,,,,,,,,,,,,,,,,,,,,,,,,,,,,,,,,,,,,,,,,,,,,,,,,,,,,,,,,,,,,,,,,,,,,,,,,,,,,,,,
EX4M,APO,pH7_0,gnina,stage1,gnina_stage1,decoys_final_00013_gnina_stage1.sdf,False,missing_receptor,False,False,False,False,False,False,False,,,,,,,,,,,,,,,,,,,,,,,,,,,,,,,,,,,,,,,,,,,,,,,,,,,,,,,,,,,,,,,,,,,,,,,,,,,,,,,,,,,,,,,,,,,,,,,,,,,,,,,,,,,,
EX4M,APO,pH7_0,gnina,stage1,gnina_stage1,decoys_final_00014_gnina_stage1.sdf,False,missing_receptor,False,False,False,False,False,False,False,,,,,,,,,,,,,,,,,,,,,,,,,,,,,,,,,,,,,,,,,,,,,,,,,,,,,,,,,,,,,,,,,,,,,,,,,,,,,,,,,,,,,,,,,,,,,,,,,,,,,,,,,,,,
EX4M,APO,pH7_0,gnina,stage1,gnina_stage1,decoys_final_00015_gnina_stage1.sdf,False,missing_receptor,False,False,False,False,False,False,False,,,,,,,,,,,,,,,,,,,,,,,,,,,,,,,,,,,,,,,,,,,,,,,,,,,,,,,,,,,,,,,,,,,,,,,,,,,,,,,,,,,,,,,,,,,,,,,,,,,,,,,,,,,,
EX4M,APO,pH7_0,gnina,stage1,gnina_stage1,decoys_final_00016_gnina_stage1.sdf,False,missing_receptor,False,False,False,False,False,False,False,,,,,,,,,,,,,,,,,,,,,,,,,,,,,,,,,,,,,,,,,,,,,,,,,,,,,,,,,,,,,,,,,,,,,,,,,,,,,,,,,,,,,,,,,,,,,,,,,,,,,,,,,,,,
EX4M,APO,pH7_0,gnina,stage1,gnina_stage1,decoys_final_00017_gnina_stage1.sdf,False,missing_receptor,False,False,False,False,False,False,False,,,,,,,,,,,,,,,,,,,,,,,,,,,,,,,,,,,,,,,,,,,,,,,,,,,,,,,,,,,,,,,,,,,,,,,,,,,,,,,,,,,,,,,,,,,,,,,,,,,,,,,,,,,,
EX4M,APO,pH7_0,gnina,stage1,gnina_stage1,decoys_final_00018_gnina_stage1.sdf,False,missing_receptor,False,False,False,False,False,False,False,,,,,,,,,,,,,,,,,,,,,,,,,,,,,,,,,,,,,,,,,,,,,,,,,,,,,,,,,,,,,,,,,,,,,,,,,,,,,,,,,,,,,,,,,,,,,,,,,,,,,,,,,,,,
EX4M,APO,pH7_0,gnina,stage1,gnina_stage1,decoys_final_00019_gnina_stage1.sdf,False,missing_receptor,False,False,False,False,False,False,False,,,,,,,,,,,,,,,,,,,,,,,,,,,,,,,,,,,,,,,,,,,,,,,,,,,,,,,,,,,,,,,,,,,,,,,,,,,,,,,,,,,,,,,,,,,,,,,,,,,,,,,,,,,,
EX4M,APO,pH7_0,gnina,stage1,gnina_stage1,decoys_final_00020_gnina_stage1.sdf,False,missing_receptor,False,False,False,False,False,False,False,,,,,,,,,,,,,,,,,,,,,,,,,,,,,,,,,,,,,,,,,,,,,,,,,,,,,,,,,,,,,,,,,,,,,,,,,,,,,,,,,,,,,,,,,,,,,,,,,,,,,,,,,,,,
EX4M,APO,pH7_0,gnina,stage1,gnina_stage1,decoys_final_00021_gnina_stage1.sdf,False,missing_receptor,False,False,False,False,False,False,False,,,,,,,,,,,,,,,,,,,,,,,,,,,,,,,,,,,,,,,,,,,,,,,,,,,,,,,,,,,,,,,,,,,,,,,,,,,,,,,,,,,,,,,,,,,,,,,,,,,,,,,,,,,,
EX4M,APO,pH7_0,gnina,stage1,gnina_stage1,decoys_final_00022_gnina_stage1.sdf,False,missing_receptor,False,False,False,False,False,False,False,,,,,,,,,,,,,,,,,,,,,,,,,,,,,,,,,,,,,,,,,,,,,,,,,,,,,,,,,,,,,,,,,,,,,,,,,,,,,,,,,,,,,,,,,,,,,,,,,,,,,,,,,,,,
EX4M,APO,pH7_0,gnina,stage1,gnina_stage1,decoys_final_00023_gnina_stage1.sdf,False,missing_receptor,False,False,False,False,False,False,False,,,,,,,,,,,,,,,,,,,,,,,,,,,,,,,,,,,,,,,,,,,,,,,,,,,,,,,,,,,,,,,,,,,,,,,,,,,,,,,,,,,,,,,,,,,,,,,,,,,,,,,,,,,,
EX4M,APO,pH7_0,gnina,stage1,gnina_stage1,decoys_final_00024_gnina_stage1.sdf,False,missing_receptor,False,False,False,False,False,False,False,,,,,,,,,,,,,,,,,,,,,,,,,,,,,,,,,,,,,,,,,,,,,,,,,,,,,,,,,,,,,,,,,,,,,,,,,,,,,,,,,,,,,,,,,,,,,,,,,,,,,,,,,,,,
EX4M,APO,pH7_0,gnina,stage1,gnina_stage1,decoys_final_00025_gnina_stage1.sdf,False,missing_receptor,False,False,False,False,False,False,False,,,,,,,,,,,,,,,,,,,,,,,,,,,,,,,,,,,,,,,,,,,,,,,,,,,,,,,,,,,,,,,,,,,,,,,,,,,,,,,,,,,,,,,,,,,,,,,,,,,,,,,,,,,,
EX4M,APO,pH7_0,gnina,stage1,gnina_stage1,decoys_final_00026_gnina_stage1.sdf,False,missing_receptor,False,False,False,False,False,False,False,,,,,,,,,,,,,,,,,,,,,,,,,,,,,,,,,,,,,,,,,,,,,,,,,,,,,,,,,,,,,,,,,,,,,,,,,,,,,,,,,,,,,,,,,,,,,,,,,,,,,,,,,,,,
EX4M,APO,pH7_0,gnina,stage1,gnina_stage1,decoys_final_00027_gnina_stage1.sdf,False,missing_receptor,False,False,False,False,False,False,False,,,,,,,,,,,,,,,,,,,,,,,,,,,,,,,,,,,,,,,,,,,,,,,,,,,,,,,,,,,,,,,,,,,,,,,,,,,,,,,,,,,,,,,,,,,,,,,,,,,,,,,,,,,,
EX4M,APO,pH7_0,gnina,stage1,gnina_stage1,decoys_final_00028_gnina_stage1.sdf,False,missing_receptor,False,False,False,False,False,False,False,,,,,,,,,,,,,,,,,,,,,,,,,,,,,,,,,,,,,,,,,,,,,,,,,,,,,,,,,,,,,,,,,,,,,,,,,,,,,,,,,,,,,,,,,,,,,,,,,,,,,,,,,,,,
EX4M,APO,pH7_0,gnina,stage1,gnina_stage1,decoys_final_00029_gnina_stage1.sdf,False,missing_receptor,False,False,False,False,False,False,False,,,,,,,,,,,,,,,,,,,,,,,,,,,,,,,,,,,,,,,,,,,,,,,,,,,,,,,,,,,,,,,,,,,,,,,,,,,,,,,,,,,,,,,,,,,,,,,,,,,,,,,,,,,,
EX4M,APO,pH7_0,gnina,stage1,gnina_stage1,decoys_final_00030_gnina_stage1.sdf,False,missing_receptor,False,False,False,False,False,False,False,,,,,,,,,,,,,,,,,,,,,,,,,,,,,,,,,,,,,,,,,,,,,,,,,,,,,,,,,,,,,,,,,,,,,,,,,,,,,,,,,,,,,,,,,,,,,,,,,,,,,,,,,,,,
EX4M,APO,pH7_0,gnina,stage1,gnina_stage1,decoys_final_00031_gnina_stage1.sdf,False,missing_receptor,False,False,False,False,False,False,False,,,,,,,,,,,,,,,,,,,,,,,,,,,,,,,,,,,,,,,,,,,,,,,,,,,,,,,,,,,,,,,,,,,,,,,,,,,,,,,,,,,,,,,,,,,,,,,,,,,,,,,,,,,,
EX4M,APO,pH7_0,gnina,stage1,gnina_stage1,decoys_final_00032_gnina_stage1.sdf,False,missing_receptor,False,False,False,False,False,False,False,,,,,,,,,,,,,,,,,,,,,,,,,,,,,,,,,,,,,,,,,,,,,,,,,,,,,,,,,,,,,,,,,,,,,,,,,,,,,,,,,,,,,,,,,,,,,,,,,,,,,,,,,,,,
EX4M,APO,pH7_0,gnina,stage1,gnina_stage1,decoys_final_00033_gnina_stage1.sdf,False,missing_receptor,False,False,False,False,False,False,False,,,,,,,,,,,,,,,,,,,,,,,,,,,,,,,,,,,,,,,,,,,,,,,,,,,,,,,,,,,,,,,,,,,,,,,,,,,,,,,,,,,,,,,,,,,,,,,,,,,,,,,,,,,,
EX4M,APO,pH7_0,gnina,stage1,gnina_stage1,decoys_final_00034_gnina_stage1.sdf,False,missing_receptor,False,False,False,False,False,False,False,,,,,,,,,,,,,,,,,,,,,,,,,,,,,,,,,,,,,,,,,,,,,,,,,,,,,,,,,,,,,,,,,,,,,,,,,,,,,,,,,,,,,,,,,,,,,,,,,,,,,,,,,,,,
EX4M,APO,pH7_0,gnina,stage1,gnina_stage1,decoys_final_00035_gnina_stage1.sdf,False,missing_receptor,False,False,False,False,False,False,False,,,,,,,,,,,,,,,,,,,,,,,,,,,,,,,,,,,,,,,,,,,,,,,,,,,,,,,,,,,,,,,,,,,,,,,,,,,,,,,,,,,,,,,,,,,,,,,,,,,,,,,,,,,,
EX4M,APO,pH7_0,gnina,stage1,gnina_stage1,decoys_final_00036_gnina_stage1.sdf,False,missing_receptor,False,False,False,False,False,False,False,,,,,,,,,,,,,,,,,,,,,,,,,,,,,,,,,,,,,,,,,,,,,,,,,,,,,,,,,,,,,,,,,,,,,,,,,,,,,,,,,,,,,,,,,,,,,,,,,,,,,,,,,,,,
EX4M,APO,pH7_0,gnina,stage1,gnina_stage1,decoys_final_00037_gnina_stage1.sdf,False,missing_receptor,False,False,False,False,False,False,False,,,,,,,,,,,,,,,,,,,,,,,,,,,,,,,,,,,,,,,,,,,,,,,,,,,,,,,,,,,,,,,,,,,,,,,,,,,,,,,,,,,,,,,,,,,,,,,,,,,,,,,,,,,,
EX4M,APO,pH7_0,gnina,stage1,gnina_stage1,decoys_final_00038_gnina_stage1.sdf,False,missing_receptor,False,False,False,False,False,False,False,,,,,,,,,,,,,,,,,,,,,,,,,,,,,,,,,,,,,,,,,,,,,,,,,,,,,,,,,,,,,,,,,,,,,,,,,,,,,,,,,,,,,,,,,,,,,,,,,,,,,,,,,,,,
EX4M,APO,pH7_0,gnina,stage1,gnina_stage1,decoys_final_00039_gnina_stage1.sdf,False,missing_receptor,False,False,False,False,False,False,False,,,,,,,,,,,,,,,,,,,,,,,,,,,,,,,,,,,,,,,,,,,,,,,,,,,,,,,,,,,,,,,,,,,,,,,,,,,,,,,,,,,,,,,,,,,,,,,,,,,,,,,,,,,,
EX4M,APO,pH7_0,gnina,stage1,gnina_stage1,decoys_final_00040_gnina_stage1.sdf,False,missing_receptor,False,False,False,False,False,False,False,,,,,,,,,,,,,,,,,,,,,,,,,,,,,,,,,,,,,,,,,,,,,,,,,,,,,,,,,,,,,,,,,,,,,,,,,,,,,,,,,,,,,,,,,,,,,,,,,,,,,,,,,,,,
EX4M,APO,pH7_0,gnina,stage1,gnina_stage1,decoys_final_00041_gnina_stage1.sdf,False,missing_receptor,False,False,False,False,False,False,False,,,,,,,,,,,,,,,,,,,,,,,,,,,,,,,,,,,,,,,,,,,,,,,,,,,,,,,,,,,,,,,,,,,,,,,,,,,,,,,,,,,,,,,,,,,,,,,,,,,,,,,,,,,,
EX4M,APO,pH7_0,gnina,stage1,gnina_stage1,decoys_final_00042_gnina_stage1.sdf,False,missing_receptor,False,False,False,False,False,False,False,,,,,,,,,,,,,,,,,,,,,,,,,,,,,,,,,,,,,,,,,,,,,,,,,,,,,,,,,,,,,,,,,,,,,,,,,,,,,,,,,,,,,,,,,,,,,,,,,,,,,,,,,,,,
EX4M,APO,pH7_0,gnina,stage1,gnina_stage1,decoys_final_00043_gnina_stage1.sdf,False,missing_receptor,False,False,False,False,False,False,False,,,,,,,,,,,,,,,,,,,,,,,,,,,,,,,,,,,,,,,,,,,,,,,,,,,,,,,,,,,,,,,,,,,,,,,,,,,,,,,,,,,,,,,,,,,,,,,,,,,,,,,,,,,,
EX4M,APO,pH7_0,gnina,stage1,gnina_stage1,decoys_final_00044_gnina_stage1.sdf,False,missing_receptor,False,False,False,False,False,False,False,,,,,,,,,,,,,,,,,,,,,,,,,,,,,,,,,,,,,,,,,,,,,,,,,,,,,,,,,,,,,,,,,,,,,,,,,,,,,,,,,,,,,,,,,,,,,,,,,,,,,,,,,,,,
EX4M,APO,pH7_0,gnina,stage1,gnina_stage1,decoys_final_00045_gnina_stage1.sdf,False,missing_receptor,False,False,False,False,False,False,False,,,,,,,,,,,,,,,,,,,,,,,,,,,,,,,,,,,,,,,,,,,,,,,,,,,,,,,,,,,,,,,,,,,,,,,,,,,,,,,,,,,,,,,,,,,,,,,,,,,,,,,,,,,,
EX4M,APO,pH7_0,gnina,stage1,gnina_stage1,decoys_final_00046_gnina_stage1.sdf,False,missing_receptor,False,False,False,False,False,False,False,,,,,,,,,,,,,,,,,,,,,,,,,,,,,,,,,,,,,,,,,,,,,,,,,,,,,,,,,,,,,,,,,,,,,,,,,,,,,,,,,,,,,,,,,,,,,,,,,,,,,,,,,,,,
EX4M,APO,pH7_0,gnina,stage1,gnina_stage1,decoys_final_00047_gnina_stage1.sdf,False,missing_receptor,False,False,False,False,False,False,False,,,,,,,,,,,,,,,,,,,,,,,,,,,,,,,,,,,,,,,,,,,,,,,,,,,,,,,,,,,,,,,,,,,,,,,,,,,,,,,,,,,,,,,,,,,,,,,,,,,,,,,,,,,,
EX4M,APO,pH7_0,gnina,stage1,gnina_stage1,decoys_final_00048_gnina_stage1.sdf,False,missing_receptor,False,False,False,False,False,False,False,,,,,,,,,,,,,,,,,,,,,,,,,,,,,,,,,,,,,,,,,,,,,,,,,,,,,,,,,,,,,,,,,,,,,,,,,,,,,,,,,,,,,,,,,,,,,,,,,,,,,,,,,,,,
EX4M,APO,pH7_0,gnina,stage1,gnina_stage1,decoys_final_00049_gnina_stage1.sdf,False,missing_receptor,False,False,False,False,False,False,False,,,,,,,,,,,,,,,,,,,,,,,,,,,,,,,,,,,,,,,,,,,,,,,,,,,,,,,,,,,,,,,,,,,,,,,,,,,,,,,,,,,,,,,,,,,,,,,,,,,,,,,,,,,,
EX4M,APO,pH7_0,gnina,stage1,gnina_stage1,decoys_final_00050_gnina_stage1.sdf,False,missing_receptor,False,False,False,False,False,False,False,,,,,,,,,,,,,,,,,,,,,,,,,,,,,,,,,,,,,,,,,,,,,,,,,,,,,,,,,,,,,,,,,,,,,,,,,,,,,,,,,,,,,,,,,,,,,,,,,,,,,,,,,,,,
EX4M,HOLO,pH7_0,gnina,stage1,gnina_stage1,actives_final_00001_gnina_stage1.sdf,False,,True,True,True,True,True,True,False,0.8985672188962837,/home/michael/atlas/code/protein_automation/post_docked/full_fast_consenuss/EX4M/HOLO/pH7_0/gnina_stage1/actives_final_00001_gnina_stage1.sdf,CHEMBL23388,0.0,True,True,True,False,True,True,True,True,True,True,True,True,True,True,True,True,True,False,True,True,35.0,0.95463512654757,1.0080895114246962,0.0,0.0,48.0,1.0621895187450685,0.0,445.0,0.9912445915001776,0.0,35.0,48.0,445.0,2.0,2.0,0.0006891326315308,0.0,0.0,,0.0,0.0,,18.0,149.8912438350525,53.46854947902192,2.8033534721913766,2.833826741351704,0,29,1409.0,N,N,1.6,1.6,3.2,2.875415100468108,3.2,,False,0.0,,,,,,,,,,,,,False,0.0,,,,,,,,,,,,,False,0.0,,,,,,,,,,,,0.0093754126502046,,,
EX4M,HOLO,pH7_0,gnina,stage1,gnina_stage1,actives_final_00002_gnina_stage1.sdf,False,,True,True,True,True,True,True,False,0.9001760136946243,/home/michael/atlas/code/protein_automation/post_docked/full_fast_consenuss/EX4M/HOLO/pH7_0/gnina_stage1/actives_final_00002_gnina_stage1.sdf,CHEMBL490934,0.0,True,True,True,False,True,True,True,True,True,True,True,True,True,True,True,True,True,False,True,True,34.0,0.9535424901902618,1.0455683756789635,0.0,0.0,47.0,1.0625134598722767,0.0,415.0,0.9897299736118989,0.0,34.0,47.0,415.0,2.0,2.0,0.0020373632700825,0.0,0.0,,0.0,0.0,,18.0,237.62155354896515,77.85107713533705,3.052257750215602,2.835554443138067,0,26,2186.0,O,N,1.55,1.6,3.1500000000000004,2.835554443138067,3.1500000000000004,,False,0.0,,,,,,,,,,,,,False,0.0,,,,,,,,,,,,,False,0.0,,,,,,,,,,,,0.0071494770289951,,,
EX4M,HOLO,pH7_0,gnina,stage1,gnina_stage1,actives_final_00003_gnina_stage1.sdf,False,,True,True,True,True,True,True,False,0.8677733500457567,/home/michael/atlas/code/protein_automation/post_docked/full_fast_consenuss/EX4M/HOLO/pH7_0/gnina_stage1/actives_final_00003_gnina_stage1.sdf,CHEMBL491104,0.0,True,True,True,False,True,True,True,True,True,True,True,True,True,True,True,True,True,False,True,True,35.0,0.953772788938828,1.045473970171276,0.0,0.0,48.0,1.0627113271299042,0.0,445.0,0.9896744195637938,0.0,35.0,48.0,445.0,2.0,2.0,0.0022174158821321,0.0,0.0,,0.0,0.0,,20.0,230.1139188489984,80.11424020297865,2.8723223020773627,2.733486052644134,0,28,2133.0,N,O,1.6,1.55,3.1500000000000004,2.733486052644134,3.1500000000000004,,False,0.0,,,,,,,,,,,,,False,0.0,,,,,,,,,,,,,False,0.0,,,,,,,,,,,,0.0077845839714139,,,
EX4M,HOLO,pH7_0,gnina,stage1,gnina_stage1,actives_final_00004_gnina_stage1.sdf,False,,True,True,True,True,True,True,False,0.8906095025128787,/home/michael/atlas/code/protein_automation/post_docked/full_fast_consenuss/EX4M/HOLO/pH7_0/gnina_stage1/actives_final_00004_gnina_stage1.sdf,CHEMBL117353,0.0,True,True,True,False,True,True,True,True,True,True,True,True,True,True,True,True,True,False,True,True,35.0,0.9537294150007104,1.0076192654556355,0.0,0.0,48.0,1.0628588610923084,0.0,445.0,0.8953625714961693,0.0,35.0,48.0,445.0,2.0,2.0,0.0021317033785768,0.0,0.0,,0.0,0.0,,22.0,189.86258609605144,54.38967967051629,3.490783311212857,2.8054199329155685,0,30,2186.0,O,N,1.55,1.6,3.1500000000000004,2.8054199329155685,3.1500000000000004,,False,0.0,,,,,,,,,,,,,False,0.0,,,,,,,,,,,,,False,0.0,,,,,,,,,,,,0.0074373695198329,,,
EX4M,HOLO,pH7_0,gnina,stage1,gnina_stage1,actives_final_00005_gnina_stage1.sdf,False,,True,True,True,True,True,True,False,0.9120175790520032,/home/michael/atlas/code/protein_automation/post_docked/full_fast_consenuss/EX4M/HOLO/pH7_0/gnina_stage1/actives_final_00005_gnina_stage1.sdf,CHEMBL117353,0.0,True,True,True,False,True,True,True,True,True,True,True,True,True,True,True,True,True,False,True,True,35.0,0.9541278553201752,1.015373946893961,0.0,0.0,48.0,1.0624927503580928,0.0,445.0,0.9858713397464722,0.0,35.0,48.0,445.0,2.0,2.0,0.0017473955348174,0.0,0.0,,0.0,0.0,,22.0,178.92695895401354,54.38967967051629,3.289722609839285,2.8728553740138105,0,30,2186.0,O,N,1.55,1.6,3.1500000000000004,2.8728553740138105,3.1500000000000004,,False,0.0,,,,,,,,,,,,,False,0.0,,,,,,,,,,,,,False,0.0,,,,,,,,,,,,0.0071614583333333,,,
EX4M,HOLO,pH7_0,gnina,stage1,gnina_stage1,decoys_final_00001_gnina_stage1.sdf,False,,True,True,True,True,True,True,False,0.794648135249895,/home/michael/atlas/code/protein_automation/post_docked/full_fast_consenuss/EX4M/HOLO/pH7_0/gnina_stage1/decoys_final_00001_gnina_stage1.sdf,ZINC04095838,0.0,True,True,True,False,True,True,True,True,True,True,True,True,True,True,True,True,True,False,True,True,26.0,0.9681060533687476,1.018595718482691,0.0,0.0,39.0,1.0352662067776102,0.0,235.0,1.0096660257647598,0.0,26.0,39.0,235.0,0.0,0.0,,10.0,10.0,0.2557179269591881,0.0,0.0,,12.0,149.7855386583407,66.0971538832044,2.2661420327267967,2.503141626037169,0,8,2084.0,O,N,1.55,1.6,3.1500000000000004,2.5031416260371695,3.1500000000000004,,False,0.0,,,,,,,,,,,,,False,0.0,,,,,,,,,,,,,False,0.0,,,,,,,,,,,,0.0263574064312071,,,
EX4M,HOLO,pH7_0,gnina,stage1,gnina_stage1,decoys_final_00002_gnina_stage1.sdf,False,,True,True,True,True,True,True,False,0.8697923370997352,/home/michael/atlas/code/protein_automation/post_docked/full_fast_consenuss/EX4M/HOLO/pH7_0/gnina_stage1/decoys_final_00002_gnina_stage1.sdf,ZINC04514067,0.0,True,False,True,False,True,True,True,True,True,True,True,True,True,True,True,True,True,False,True,True,25.0,0.9577952029038196,1.0315469725639277,0.0,0.0,38.0,1.0412911592853218,0.0,190.0,0.8076295449143793,0.0,25.0,38.0,190.0,1.0,1.0,0.0004846259662647,0.0,0.0,,0.0,0.0,,10.0,247.57526522473265,78.13527589058133,3.168546631503942,2.69635624500918,0,20,2189.0,O,O,1.55,1.55,3.1,2.6963562450091794,3.1,,False,0.0,,,,,,,,,,,,,False,0.0,,,,,,,,,,,,,False,0.0,,,,,,,,,,,,0.0126655152561888,,,
EX4M,HOLO,pH7_0,gnina,stage1,gnina_stage1,decoys_final_00003_gnina_stage1.sdf,False,,True,True,True,True,True,True,False,0.9161050041879617,/home/michael/atlas/code/protein_automation/post_docked/full_fast_consenuss/EX4M/HOLO/pH7_0/gnina_stage1/decoys_final_00003_gnina_stage1.sdf,ZINC04903759,0.0,True,True,True,False,True,True,True,True,True,True,True,True,True,True,True,True,True,False,True,True,25.0,0.8784613620831145,1.0460658954461917,0.0,0.0,38.0,1.0493915555239406,0.0,190.0,0.9784636446677544,0.0,25.0,38.0,190.0,1.0,1.0,0.0018875560452994,0.0,0.0,,0.0,0.0,,13.0,159.2553258321694,67.40921558643936,2.362515635980885,2.9395401000836823,0,18,1653.0,C,O,1.7,1.55,3.25,2.9773412636108754,3.25,,False,0.0,,,,,,,,,,,,,False,0.0,,,,,,,,,,,,,False,0.0,,,,,,,,,,,,0.0057610109645047,,,
EX4M,HOLO,pH7_0,gnina,stage1,gnina_stage1,decoys_final_00004_gnina_stage1.sdf,False,,True,True,True,True,True,True,False,0.8342443788620025,/home/michael/atlas/code/protein_automation/post_docked/full_fast_consenuss/EX4M/HOLO/pH7_0/gnina_stage1/decoys_final_00004_gnina_stage1.sdf,ZINC05010475,0.0,True,True,True,False,True,True,True,True,True,True,True,True,True,True,True,True,True,False,True,True,36.0,0.8398029436682057,1.0205718841236515,0.0,0.0,56.0,1.138536751313176,0.0,436.0,0.935294249393544,0.0,36.0,56.0,436.0,4.0,4.0,0.0030461056246705,0.0,0.0,,0.0,0.0,,15.0,319.68724196774883,49.86830123132483,6.410630281645466,2.586157574472208,0,17,1643.0,O,O,1.55,1.55,3.1,2.586157574472208,3.1,,False,0.0,,,,,,,,,,,,,False,0.0,,,,,,,,,,,,,False,0.0,,,,,,,,,,,,0.011270220100769,,,
EX4M,HOLO,pH7_0,gnina,stage1,gnina_stage1,decoys_final_00005_gnina_stage1.sdf,False,,True,True,True,True,True,True,False,0.8804666306018127,/home/michael/atlas/code/protein_automation/post_docked/full_fast_consenuss/EX4M/HOLO/pH7_0/gnina_stage1/decoys_final_00005_gnina_stage1.sdf,ZINC05488280,0.0,True,True,True,False,True,True,True,True,True,True,True,True,True,True,True,True,True,False,True,True,31.0,0.8398012787997335,1.0526069383848138,0.0,0.0,48.0,1.1382681596285007,0.0,327.0,0.9535122221301218,0.0,31.0,48.0,327.0,3.0,3.0,0.0022756363005021,0.0,0.0,,0.0,0.0,,13.0,300.24446683550343,43.78560576966704,6.857150005299254,2.887447661863335,0,14,1813.0,N,C,1.6,1.7,3.3,2.905539880985982,3.3,,False,0.0,,,,,,,,,,,,,False,0.0,,,,,,,,,,,,,False,0.0,,,,,,,,,,,,0.0091675292030164,,,
EX4M,HOLO,pH7_0,gnina,stage1,gnina_stage1,decoys_final_00006_gnina_stage1.sdf,False,,True,True,True,True,True,True,False,0.8150407764165194,/home/michael/atlas/code/protein_automation/post_docked/full_fast_consenuss/EX4M/HOLO/pH7_0/gnina_stage1/decoys_final_00006_gnina_stage1.sdf,ZINC04523147,0.0,True,True,True,False,True,True,True,True,True,True,True,True,True,True,True,True,True,False,True,True,29.0,0.8391867168582351,1.033698769747547,0.0,0.0,43.0,1.138636953124355,0.0,279.0,0.935604206185076,0.0,29.0,43.0,279.0,3.0,3.0,0.0035092407308302,0.0,0.0,,0.0,0.0,,11.0,214.1696474120933,41.68739653185384,5.137515537782354,2.5266264068912103,0,28,1643.0,O,O,1.55,1.55,3.1,2.5266264068912103,3.1,,False,0.0,,,,,,,,,,,,,False,0.0,,,,,,,,,,,,,False,0.0,,,,,,,,,,,,0.0124374091423033,,,
EX4M,HOLO,pH7_0,gnina,stage1,gnina_stage1,decoys_final_00007_gnina_stage1.sdf,False,,True,True,True,True,True,True,False,0.9051439310408603,/home/michael/atlas/code/protein_automation/post_docked/full_fast_consenuss/EX4M/HOLO/pH7_0/gnina_stage1/decoys_final_00007_gnina_stage1.sdf,ZINC08613167,0.0,True,False,True,False,True,True,True,True,True,True,True,True,True,True,True,True,True,False,True,True,25.0,0.957238334811274,1.0294422183888527,0.0,0.0,38.0,1.0731855574949476,0.0,190.0,0.9855264623143044,0.0,25.0,38.0,190.0,1.0,1.0,0.0021976208183202,0.0,0.0,,0.0,0.0,,10.0,347.5712188008138,76.64326970749131,4.534921593602645,2.805946186226667,0,19,1333.0,O,O,1.55,1.55,3.1,2.805946186226667,3.1,,False,0.0,,,,,,,,,,,,,False,0.0,,,,,,,,,,,,,False,0.0,,,,,,,,,,,,0.0098335854765506,,,
EX4M,HOLO,pH7_0,gnina,stage1,gnina_stage1,decoys_final_00008_gnina_stage1.sdf,True,,True,True,True,True,True,True,False,0.9775677469743025,/home/michael/atlas/code/protein_automation/post_docked/full_fast_consenuss/EX4M/HOLO/pH7_0/gnina_stage1/decoys_final_00008_gnina_stage1.sdf,ZINC01842158,0.0,True,False,True,False,True,True,True,True,True,True,True,True,True,True,True,True,True,False,True,True,25.0,0.9572797460415414,1.0285854461673452,0.0,0.0,38.0,1.0726144628498728,0.0,190.0,1.0010397396931507,0.0,25.0,38.0,190.0,1.0,1.0,0.0016496569440929,0.0,0.0,,0.0,0.0,,10.0,190.5168679414838,75.35279774643708,2.5283317094950477,3.067811271900542,0,4,1642.0,O,N,1.55,1.6,3.1500000000000004,3.079338402969053,3.1500000000000004,,False,0.0,,,,,,,,,,,,,False,0.0,,,,,,,,,,,,,False,0.0,,,,,,,,,,,,0.0058358433734939,,,
EX4M,HOLO,pH7_0,gnina,stage1,gnina_stage1,decoys_final_00009_gnina_stage1.sdf,True,,True,True,True,True,True,True,False,0.9286177950940012,/home/michael/atlas/code/protein_automation/post_docked/full_fast_consenuss/EX4M/HOLO/pH7_0/gnina_stage1/decoys_final_00009_gnina_stage1.sdf,ZINC12504005,0.0,True,False,True,False,True,True,True,True,True,True,True,True,True,True,True,True,True,False,True,True,25.0,0.9577236949895336,1.0280616624524663,0.0,0.0,38.0,1.0422739746228629,0.0,190.0,0.9528240840029998,0.0,25.0,38.0,190.0,1.0,1.0,0.0029818532146025,0.0,0.0,,0.0,0.0,,10.0,242.33282701126484,85.23831115237945,2.84300361815064,2.878715164791404,0,19,1333.0,O,O,1.55,1.55,3.1,2.8787151647914038,3.1,,False,0.0,,,,,,,,,,,,,False,0.0,,,,,,,,,,,,,False,0.0,,,,,,,,,,,,0.0118845500848896,,,
EX4M,HOLO,pH7_0,gnina,stage1,gnina_stage1,decoys_final_00010_gnina_stage1.sdf,False,,True,True,True,True,True,True,False,0.8455020230312037,/home/michael/atlas/code/protein_automation/post_docked/full_fast_consenuss/EX4M/HOLO/pH7_0/gnina_stage1/decoys_final_00010_gnina_stage1.sdf,ZINC05544356,0.0,True,False,True,False,True,True,True,True,True,True,True,True,True,True,True,True,True,False,True,True,25.0,0.9572185529216752,1.0287788061729002,0.0,0.0,38.0,1.0728147136418034,0.0,190.0,1.0014037231377728,0.0,25.0,38.0,190.0,1.0,1.0,0.002332669619939,0.0,0.0,,0.0,0.0,,10.0,221.3563552916907,85.3799521954631,2.592603410984963,2.663331372548292,0,14,1349.0,N,O,1.6,1.55,3.1500000000000004,2.663331372548292,3.1500000000000004,,False,0.0,,,,,,,,,,,,,False,0.0,,,,,,,,,,,,,False,0.0,,,,,,,,,,,,0.0135977337110481,,,
EX4M,HOLO,pH7_0,gnina,stage1,gnina_stage1,decoys_final_00011_gnina_stage1.sdf,False,,True,True,True,True,True,True,False,0.8965342565998381,/home/michael/atlas/code/protein_automation/post_docked/full_fast_consenuss/EX4M/HOLO/pH7_0/gnina_stage1/decoys_final_00011_gnina_stage1.sdf,ZINC13522515,0.0,True,False,True,False,True,True,True,True,True,True,True,True,True,True,True,True,True,False,True,True,24.0,0.9578940487232968,1.0283185299142126,0.0,0.0,36.0,1.0728741930357923,0.0,171.0,1.0008078455679208,0.0,24.0,36.0,171.0,1.0,1.0,0.0015292453823885,0.0,0.0,,0.0,0.0,,11.0,171.56494357949646,73.42935790973043,2.3364625330158537,2.779256195459498,0,18,1643.0,O,O,1.55,1.55,3.1,2.779256195459498,3.1,,False,0.0,,,,,,,,,,,,,False,0.0,,,,,,,,,,,,,False,0.0,,,,,,,,,,,,0.0095815408682049,,,
EX4M,HOLO,pH7_0,gnina,stage1,gnina_stage1,decoys_final_00012_gnina_stage1.sdf,True,,True,True,True,True,True,True,False,0.9266338648714663,/home/michael/atlas/code/protein_automation/post_docked/full_fast_consenuss/EX4M/HOLO/pH7_0/gnina_stage1/decoys_final_00012_gnina_stage1.sdf,ZINC13523828,0.0,True,True,True,False,True,True,True,True,True,True,True,True,True,True,True,True,True,False,True,True,25.0,0.9578417633269556,1.051711928049209,0.0,0.0,38.0,1.072365356191831,0.0,190.0,1.0006875699577955,0.0,25.0,38.0,190.0,1.0,1.0,0.0026323979687145,0.0,0.0,,0.0,0.0,,11.0,160.54760899133413,71.9661243526411,2.230877519604016,2.9191911550975886,0,19,1820.0,O,C,1.55,1.7,3.25,3.0115600608322652,3.25,,False,0.0,,,,,,,,,,,,,False,0.0,,,,,,,,,,,,,False,0.0,,,,,,,,,,,,0.0120997766195085,,,
EX4M,HOLO,pH7_0,gnina,stage1,gnina_stage1,decoys_final_00013_gnina_stage1.sdf,False,,True,True,True,True,True,True,False,0.8968602696046175,/home/michael/atlas/code/protein_automation/post_docked/full_fast_consenuss/EX4M/HOLO/pH7_0/gnina_stage1/decoys_final_00013_gnina_stage1.sdf,ZINC13538982,0.0,True,True,True,False,True,True,True,True,True,True,True,True,True,True,True,True,True,False,True,True,24.0,0.9582230302141544,1.023327115535578,0.0,0.0,36.0,1.072990687604436,0.0,171.0,1.0007948434961265,0.0,24.0,36.0,171.0,1.0,1.0,0.0020815814759281,0.0,0.0,,0.0,0.0,,11.0,170.0286014796886,72.76978414591012,2.3365274952412336,2.914795876215007,0,19,1653.0,C,O,1.7,1.55,3.25,2.914795876215007,3.25,,False,0.0,,,,,,,,,,,,,False,0.0,,,,,,,,,,,,,False,0.0,,,,,,,,,,,,0.0097904836498923,,,
EX4M,HOLO,pH7_0,gnina,stage1,gnina_stage1,decoys_final_00014_gnina_stage1.sdf,False,,True,True,True,True,True,True,False,0.8868362922329396,/home/michael/atlas/code/protein_automation/post_docked/full_fast_consenuss/EX4M/HOLO/pH7_0/gnina_stage1/decoys_final_00014_gnina_stage1.sdf,ZINC17326403,0.0,True,True,True,False,True,True,True,True,True,True,True,True,True,True,True,True,True,False,True,True,23.0,0.9579588934304112,1.0289832251249846,0.0,0.0,35.0,1.0727911995849686,0.0,173.0,0.7622107785785688,0.0,23.0,35.0,173.0,1.0,1.0,0.0023866059275082,0.0,0.0,,0.0,0.0,,9.0,223.04765351965705,33.90204559979885,6.57917979795828,2.79353432053376,0,15,1642.0,O,N,1.55,1.6,3.1500000000000004,2.79353432053376,3.1500000000000004,,False,0.0,,,,,,,,,,,,,False,0.0,,,,,,,,,,,,,False,0.0,,,,,,,,,,,,0.0176692475679968,,,
EX4M,HOLO,pH7_0,gnina,stage1,gnina_stage1,decoys_final_00015_gnina_stage1.sdf,False,,True,True,True,True,True,True,False,0.8944209937630881,/home/michael/atlas/code/protein_automation/post_docked/full_fast_consenuss/EX4M/HOLO/pH7_0/gnina_stage1/decoys_final_00015_gnina_stage1.sdf,ZINC19014754,0.0,True,False,True,False,True,True,True,True,True,True,True,True,True,True,True,True,True,False,True,True,25.0,0.9581351158453472,1.0294126438970674,0.0,0.0,38.0,1.0726573336998158,0.0,190.0,1.0142885984363548,0.0,25.0,38.0,190.0,1.0,1.0,0.0024462345063508,0.0,0.0,,0.0,0.0,,10.0,187.2778621296228,76.73835833964182,2.4404726160642665,2.817426130353728,0,25,2084.0,O,N,1.55,1.6,3.1500000000000004,2.817426130353728,3.1500000000000004,,False,0.0,,,,,,,,,,,,,False,0.0,,,,,,,,,,,,,False,0.0,,,,,,,,,,,,0.0109910934242941,,,
EX4M,HOLO,pH7_0,gnina,stage1,gnina_stage1,decoys_final_00016_gnina_stage1.sdf,False,,True,True,True,True,True,True,False,0.8538899177735588,/home/michael/atlas/code/protein_automation/post_docked/full_fast_consenuss/EX4M/HOLO/pH7_0/gnina_stage1/decoys_final_00016_gnina_stage1.sdf,ZINC08994462,0.0,True,True,True,False,True,True,True,True,True,True,True,True,True,True,True,True,True,False,True,True,29.0,0.9548373294041904,1.0565685878613251,0.0,0.0,41.0,1.054777948059123,0.0,281.0,0.9877523385811864,0.0,29.0,41.0,281.0,3.0,3.0,0.0026741314647376,0.0,0.0,,0.0,0.0,,9.0,120.05425713030154,63.59883146739028,1.8876802350033468,2.6470587450980325,0,28,2188.0,O,O,1.55,1.55,3.1,2.6470587450980325,3.1,,False,0.0,,,,,,,,,,,,,False,0.0,,,,,,,,,,,,,False,0.0,,,,,,,,,,,,0.0154987633965375,,,
EX4M,HOLO,pH7_0,gnina,stage1,gnina_stage1,decoys_final_00017_gnina_stage1.sdf,False,,True,True,True,True,True,True,False,0.8785168782245705,/home/michael/atlas/code/protein_automation/post_docked/full_fast_consenuss/EX4M/HOLO/pH7_0/gnina_stage1/decoys_final_00017_gnina_stage1.sdf,ZINC08479210,0.0,True,True,True,False,True,False,True,True,True,True,True,True,True,True,True,True,True,False,True,True,24.0,0.9490296632392377,1.0378276693933202,0.0,0.0,35.0,1.0385471208942705,0.0,194.0,0.9579797776768934,0.0,24.0,35.0,194.0,1.0,1.0,0.0031158733038948,1.0,0.0,0.0024083141542069,0.0,0.0,,10.0,107.208808376146,38.95952858952992,2.751799425133639,2.801135127051176,0,20,1387.0,O,C,1.55,1.7,3.25,2.855179854229854,3.25,,False,0.0,,,,,,,,,,,,,False,0.0,,,,,,,,,,,,,False,0.0,,,,,,,,,,,,0.0129068462401795,,,
EX4M,HOLO,pH7_0,gnina,stage1,gnina_stage1,decoys_final_00018_gnina_stage1.sdf,False,,True,True,True,True,True,True,False,0.7963877025551476,/home/michael/atlas/code/protein_automation/post_docked/full_fast_consenuss/EX4M/HOLO/pH7_0/gnina_stage1/decoys_final_00018_gnina_stage1.sdf,ZINC32933181,0.0,True,True,True,False,True,True,True,True,True,True,True,True,True,True,True,True,True,False,True,True,29.0,0.926580369993093,1.0670130286254906,0.0,0.0,41.0,1.0492033873361448,0.0,281.0,0.803733798134273,0.0,29.0,41.0,281.0,2.0,2.0,0.0028049491225945,0.0,0.0,,0.0,0.0,,11.0,290.1680741954338,89.78097373786288,3.23195508040099,2.5882600333042296,0,17,1653.0,C,O,1.7,1.55,3.25,2.5882600333042296,3.25,,False,0.0,,,,,,,,,,,,,False,0.0,,,,,,,,,,,,,False,0.0,,,,,,,,,,,,0.010761454426871,,,
EX4M,HOLO,pH7_0,gnina,stage1,gnina_stage1,decoys_final_00019_gnina_stage1.sdf,False,,True,False,False,,,,0,False,/home/michael/atlas/code/protein_automation/post_docked/full_fast_consenuss/EX4M/HOLO/pH7_0/gnina_stage1/decoys_final_00019_gnina_stage1.sdf,ZINC33529354,0.0,True,False,True,True,,,,,True,True,True,True,True,True,True,True,True,False,True,True,,,,,,,,,,,,,,,,,,,,,,,,,2.9226251897908475,0.0,26.0,176.0,O,N,1.55,1.6,3.1500000000000004,2.9226251897908475,3.1500000000000004,0.927817520568523,False,,,,,,,,,,,,,,False,0.0,,,,,,,,,,,,,False,0.0,,,,,,,,,,,,0.0044039005976722,,,,,,
EX4M,HOLO,pH7_0,gnina,stage1,gnina_stage1,decoys_final_00020_gnina_stage1.sdf,False,,True,False,False,,,,0,False,/home/michael/atlas/code/protein_automation/post_docked/full_fast_consenuss/EX4M/HOLO/pH7_0/gnina_stage1/decoys_final_00020_gnina_stage1.sdf,ZINC33529356,0.0,True,False,True,True,,,,,True,True,True,True,True,True,True,True,True,False,True,True,,,,,,,,,,,,,,,,,,,,,,,,,2.554460608425976,0.0,6.0,1821.0,O,C,1.55,1.7,3.25,2.6221767674968097,3.25,0.8068236207682491,False,,,,,,,,,,,,,,False,0.0,,,,,,,,,,,,,False,0.0,,,,,,,,,,,,0.0205457967377666,,,,,,
EX4M,HOLO,pH7_0,gnina,stage1,gnina_stage1,decoys_final_00021_gnina_stage1.sdf,False,,True,True,True,True,True,True,False,0.8880083293100556,/home/michael/atlas/code/protein_automation/post_docked/full_fast_consenuss/EX4M/HOLO/pH7_0/gnina_stage1/decoys_final_00021_gnina_stage1.sdf,ZINC34920969,0.0,True,False,True,False,True,True,True,True,True,True,True,True,True,True,True,True,True,False,True,True,25.0,0.9059391615152697,1.035565169581723,0.0,0.0,38.0,1.0600917070730125,0.0,190.0,0.8769197789726407,0.0,25.0,38.0,190.0,0.0,0.0,,0.0,0.0,,0.0,0.0,,12.0,326.27284643423883,58.55264050943113,5.572299448761593,2.7528258208611724,0,17,2188.0,O,O,1.55,1.55,3.1,2.7528258208611724,3.1,,False,0.0,,,,,,,,,,,,,False,0.0,,,,,,,,,,,,,False,0.0,,,,,,,,,,,,0.014586095851487,,,
EX4M,HOLO,pH7_0,gnina,stage1,gnina_stage1,decoys_final_00022_gnina_stage1.sdf,True,,True,True,True,True,True,True,False,0.920181150161437,/home/michael/atlas/code/protein_automation/post_docked/full_fast_consenuss/EX4M/HOLO/pH7_0/gnina_stage1/decoys_final_00022_gnina_stage1.sdf,ZINC03860156,0.0,True,False,True,False,True,True,True,True,True,True,True,True,True,True,True,True,True,False,True,True,25.0,0.957724988461754,1.0290372204558351,0.0,0.0,38.0,1.060234700440833,0.0,190.0,1.0008656870750496,0.0,25.0,38.0,190.0,1.0,1.0,4.837059677220612e-05,0.0,0.0,,0.0,0.0,,10.0,148.53332594609702,75.46337504415402,1.9682836324135968,2.9679811320154927,0,12,1653.0,C,O,1.7,1.55,3.25,2.99058873802467,3.25,,False,0.0,,,,,,,,,,,,,False,0.0,,,,,,,,,,,,,False,0.0,,,,,,,,,,,,0.0095792637114951,,,
EX4M,HOLO,pH7_0,gnina,stage1,gnina_stage1,decoys_final_00023_gnina_stage1.sdf,False,,True,True,True,True,True,True,False,0.8848281254879516,/home/michael/atlas/code/protein_automation/post_docked/full_fast_consenuss/EX4M/HOLO/pH7_0/gnina_stage1/decoys_final_00023_gnina_stage1.sdf,ZINC38100504,0.0,True,False,True,False,True,True,True,True,True,True,True,True,True,True,True,True,True,False,True,True,22.0,0.9518714167028208,1.0496267139039934,0.0,0.0,34.0,1.0588980135371902,0.0,154.0,0.9774098646363514,0.0,22.0,34.0,154.0,1.0,1.0,0.0024370080650617,1.0,1.0,0.2250999739987588,0.0,0.0,,10.0,189.4771756225443,67.92354650665507,2.789565406511563,2.74296718901265,0,1,2188.0,O,O,1.55,1.55,3.1,2.74296718901265,3.1,,False,0.0,,,,,,,,,,,,,False,0.0,,,,,,,,,,,,,False,0.0,,,,,,,,,,,,0.0134080448268961,,,
EX4M,HOLO,pH7_0,gnina,stage1,gnina_stage1,decoys_final_00024_gnina_stage1.sdf,False,,True,True,True,True,True,True,False,0.8537030191777328,/home/michael/atlas/code/protein_automation/post_docked/full_fast_consenuss/EX4M/HOLO/pH7_0/gnina_stage1/decoys_final_00024_gnina_stage1.sdf,ZINC03844586,0.0,True,True,True,False,True,True,True,True,True,True,True,True,True,True,True,True,True,False,True,True,25.0,0.8595162593511811,1.007655314949797,0.0,0.0,38.0,1.12002976813219,0.0,213.0,0.7558719500991304,0.0,25.0,38.0,213.0,2.0,2.0,0.0022513172175981,0.0,0.0,,0.0,0.0,,14.0,441.5047385558602,24.718865109696427,17.861044048606903,2.646479359450972,0,24,1370.0,O,O,1.55,1.55,3.1,2.646479359450972,3.1,,False,0.0,,,,,,,,,,,,,False,0.0,,,,,,,,,,,,,False,0.0,,,,,,,,,,,,0.0140170333569907,,,
EX4M,HOLO,pH7_0,gnina,stage1,gnina_stage1,decoys_final_00025_gnina_stage1.sdf,False,,True,True,True,True,True,True,False,0.8621864372938635,/home/michael/atlas/code/protein_automation/post_docked/full_fast_consenuss/EX4M/HOLO/pH7_0/gnina_stage1/decoys_final_00025_gnina_stage1.sdf,ZINC38637630,0.0,True,True,True,False,True,True,True,True,True,True,True,True,True,True,True,True,True,False,True,True,31.0,0.859574207961785,1.052686922882396,0.0,0.0,48.0,1.120285366145802,0.0,327.0,0.9437671290332952,0.0,31.0,48.0,327.0,3.0,3.0,0.003182343304427,0.0,0.0,,0.0,0.0,,13.0,406.0066444535466,43.1744216046147,9.403869915657436,2.672777955610977,0,17,1643.0,O,O,1.55,1.55,3.1,2.672777955610977,3.1,,False,0.0,,,,,,,,,,,,,False,0.0,,,,,,,,,,,,,False,0.0,,,,,,,,,,,,0.0186915887850467,,,
EX4M,HOLO,pH7_0,gnina,stage1,gnina_stage1,decoys_final_00026_gnina_stage1.sdf,False,,True,True,True,True,True,True,False,0.8545272260410149,/home/michael/atlas/code/protein_automation/post_docked/full_fast_consenuss/EX4M/HOLO/pH7_0/gnina_stage1/decoys_final_00026_gnina_stage1.sdf,ZINC38648213,0.0,True,True,True,False,True,False,True,True,True,True,True,True,True,True,True,True,True,False,True,True,25.0,0.859695379097552,1.0443884205347056,0.0,0.0,37.0,1.11976228031216,0.0,214.0,0.9496089189851752,0.0,25.0,37.0,214.0,1.0,1.0,0.0002530945894731,2.0,0.0,0.0021954693901557,0.0,0.0,,9.0,378.2252249479641,38.533812915418096,9.81541135776442,2.691760762029197,0,23,2133.0,N,O,1.6,1.55,3.1500000000000004,2.6917607620291975,3.1500000000000004,,False,0.0,,,,,,,,,,,,,False,0.0,,,,,,,,,,,,,False,0.0,,,,,,,,,,,,0.0119673617407071,,,
EX4M,HOLO,pH7_0,gnina,stage1,gnina_stage1,decoys_final_00027_gnina_stage1.sdf,False,,True,True,True,True,True,True,False,0.8592416131938171,/home/michael/atlas/code/protein_automation/post_docked/full_fast_consenuss/EX4M/HOLO/pH7_0/gnina_stage1/decoys_final_00027_gnina_stage1.sdf,ZINC39710155,0.0,True,True,True,False,True,True,True,True,True,True,True,True,True,True,True,True,True,False,True,True,27.0,0.8910566008809284,1.0719122123887344,0.0,0.0,40.0,1.0824064729495235,0.0,233.0,0.8318794643491897,0.0,27.0,40.0,233.0,1.0,1.0,0.0020151836541922,0.0,0.0,,1.0,1.0,0.0014182218073511,14.0,287.23610181013345,99.38777933202184,2.8900545292452127,2.663649000900833,0,15,1333.0,O,O,1.55,1.55,3.1,2.663649000900833,3.1,,False,0.0,,,,,,,,,,,,,False,0.0,,,,,,,,,,,,,False,0.0,,,,,,,,,,,,0.0098957412970489,,,
EX4M,HOLO,pH7_0,gnina,stage1,gnina_stage1,decoys_final_00028_gnina_stage1.sdf,False,,True,True,True,True,True,True,False,0.8824807173197644,/home/michael/atlas/code/protein_automation/post_docked/full_fast_consenuss/EX4M/HOLO/pH7_0/gnina_stage1/decoys_final_00028_gnina_stage1.sdf,ZINC39937132,0.0,True,False,True,False,True,True,True,True,True,True,True,True,True,True,True,True,True,False,True,True,28.0,0.9520655210135468,1.0186881210730303,0.0,0.0,41.0,1.062355889841947,0.0,256.0,0.9716917127785448,0.0,28.0,41.0,256.0,1.0,1.0,0.0017804645828214,5.0,5.0,0.2563005251367686,0.0,0.0,,17.0,144.6509234194204,64.93226662199761,2.227720222081634,2.73569022369127,0,11,2189.0,O,O,1.55,1.55,3.1,2.73569022369127,3.1,,False,0.0,,,,,,,,,,,,,False,0.0,,,,,,,,,,,,,False,0.0,,,,,,,,,,,,0.0128183785583485,,,
EX4M,HOLO,pH7_0,gnina,stage1,gnina_stage1,decoys_final_00029_gnina_stage1.sdf,False,,True,True,True,True,True,True,False,0.8549815195903455,/home/michael/atlas/code/protein_automation/post_docked/full_fast_consenuss/EX4M/HOLO/pH7_0/gnina_stage1/decoys_final_00029_gnina_stage1.sdf,ZINC39944747,0.0,True,True,True,False,True,True,True,True,True,True,True,True,True,True,True,True,True,False,True,True,26.0,0.9768330245995656,1.0191054472278194,0.0,0.0,39.0,1.062548572479763,0.0,235.0,0.9962193062423484,0.0,26.0,39.0,235.0,0.0,0.0,,10.0,10.0,0.25568482571478,0.0,0.0,,12.0,117.9125691926318,66.83541272166397,1.7642229529378175,2.6931917867095887,0,9,2084.0,O,N,1.55,1.6,3.1500000000000004,2.6931917867095887,3.1500000000000004,,False,0.0,,,,,,,,,,,,,False,0.0,,,,,,,,,,,,,False,0.0,,,,,,,,,,,,0.0217776203966005,,,
EX4M,HOLO,pH7_0,gnina,stage1,gnina_stage1,decoys_final_00030_gnina_stage1.sdf,False,,True,True,True,True,True,True,False,0.8677486704697625,/home/michael/atlas/code/protein_automation/post_docked/full_fast_consenuss/EX4M/HOLO/pH7_0/gnina_stage1/decoys_final_00030_gnina_stage1.sdf,ZINC40378083,0.0,True,False,True,False,True,True,True,True,True,True,True,True,True,True,True,True,True,False,True,True,22.0,0.9516170872377254,1.0516093744493995,0.0,0.0,34.0,1.0497891400457888,0.0,154.0,0.9570546067274844,0.0,22.0,34.0,154.0,2.0,2.0,0.0026381070799857,0.0,0.0,,0.0,0.0,,11.0,153.04639832062307,66.73356501016977,2.293394610302923,2.733408311979752,0,9,1642.0,O,N,1.55,1.6,3.1500000000000004,2.733408311979752,3.1500000000000004,,False,0.0,,,,,,,,,,,,,False,0.0,,,,,,,,,,,,,False,0.0,,,,,,,,,,,,0.0152911193883552,,,
EX4M,HOLO,pH7_0,gnina,stage1,gnina_stage1,decoys_final_00031_gnina_stage1.sdf,False,,True,True,True,True,True,True,False,0.8010277426030215,/home/michael/atlas/code/protein_automation/post_docked/full_fast_consenuss/EX4M/HOLO/pH7_0/gnina_stage1/decoys_final_00031_gnina_stage1.sdf,ZINC40384514,0.0,True,True,True,False,True,True,True,True,True,True,True,True,True,True,True,True,True,False,True,True,21.0,0.9511509546921424,1.0514575304736276,0.0,0.0,32.0,1.0503121664324586,0.0,137.0,0.867536084058097,0.0,21.0,32.0,137.0,2.0,2.0,0.0026674697381895,0.0,0.0,,0.0,0.0,,6.0,147.64216065539634,61.5019626029274,2.4006089302972717,2.683442937720122,0,6,1370.0,Cl,O,1.8,1.55,3.35,2.683442937720122,3.35,,False,0.0,,,,,,,,,,,,,False,0.0,,,,,,,,,,,,,False,0.0,,,,,,,,,,,,0.016260162601626,,,
EX4M,HOLO,pH7_0,gnina,stage1,gnina_stage1,decoys_final_00032_gnina_stage1.sdf,False,,True,True,True,True,True,True,False,0.897481204242045,/home/michael/atlas/code/protein_automation/post_docked/full_fast_consenuss/EX4M/HOLO/pH7_0/gnina_stage1/decoys_final_00032_gnina_stage1.sdf,ZINC40385359,0.0,True,False,True,False,True,True,True,True,True,True,True,True,True,True,True,True,True,False,True,True,22.0,0.9517185440593672,1.051645524545491,0.0,0.0,35.0,1.0500107236003111,0.0,153.0,0.9503563572040318,0.0,22.0,35.0,153.0,2.0,2.0,0.0023228289893848,0.0,0.0,,0.0,0.0,,11.0,173.35911805953785,91.8512103533848,1.887390676645007,2.827065793362442,0,9,1642.0,O,N,1.55,1.6,3.1500000000000004,2.827065793362442,3.1500000000000004,,False,0.0,,,,,,,,,,,,,False,0.0,,,,,,,,,,,,,False,0.0,,,,,,,,,,,,0.0123456790123456,,,
EX4M,HOLO,pH7_0,gnina,stage1,gnina_stage1,decoys_final_00033_gnina_stage1.sdf,False,,True,True,True,True,True,True,False,0.8952832365068434,/home/michael/atlas/code/protein_automation/post_docked/full_fast_consenuss/EX4M/HOLO/pH7_0/gnina_stage1/decoys_final_00033_gnina_stage1.sdf,ZINC41070135,0.0,True,True,True,False,True,True,True,True,True,True,True,True,True,True,True,True,True,False,True,True,20.0,0.95166097453918,1.002089669154953,0.0,0.0,28.0,1.049279738732921,0.0,123.0,0.9668382208734744,0.0,20.0,28.0,123.0,2.0,2.0,0.0020965223523025,0.0,0.0,,0.0,0.0,,6.0,82.45491992970331,37.691947510512,2.1876004127063813,2.820142194996557,0,17,1653.0,N,O,1.6,1.55,3.1500000000000004,2.820142194996557,3.1500000000000004,,False,0.0,,,,,,,,,,,,,False,0.0,,,,,,,,,,,,,False,0.0,,,,,,,,,,,,0.0117899249732047,,,
EX4M,HOLO,pH7_0,gnina,stage1,gnina_stage1,decoys_final_00034_gnina_stage1.sdf,False,,True,True,True,True,True,True,False,0.9011350307603146,/home/michael/atlas/code/protein_automation/post_docked/full_fast_consenuss/EX4M/HOLO/pH7_0/gnina_stage1/decoys_final_00034_gnina_stage1.sdf,ZINC41071201,0.0,True,True,True,False,True,True,True,True,True,True,True,True,True,True,True,True,True,False,True,True,20.0,0.951456149812814,1.0020535462510676,0.0,0.0,28.0,1.049428250513211,0.0,123.0,0.937802270446224,0.0,20.0,28.0,123.0,2.0,2.0,0.0025514689947954,0.0,0.0,,0.0,0.0,,6.0,111.29945820070208,29.86920745365144,3.726227365537146,2.8385753468949915,0,9,2133.0,N,O,1.6,1.55,3.1500000000000004,2.8385753468949915,3.1500000000000004,,False,0.0,,,,,,,,,,,,,False,0.0,,,,,,,,,,,,,False,0.0,,,,,,,,,,,,0.0124704364652762,,,
EX4M,HOLO,pH7_0,gnina,stage1,gnina_stage1,decoys_final_00035_gnina_stage1.sdf,True,,True,True,True,True,True,True,False,0.9292950646637291,/home/michael/atlas/code/protein_automation/post_docked/full_fast_consenuss/EX4M/HOLO/pH7_0/gnina_stage1/decoys_final_00035_gnina_stage1.sdf,ZINC43508786,0.0,True,False,True,False,True,True,True,True,True,True,True,True,True,True,True,True,True,False,True,True,22.0,0.9518565551621722,1.0203230623497368,0.0,0.0,34.0,1.0624977962889417,0.0,154.0,0.9835621126789316,0.0,22.0,34.0,154.0,1.0,1.0,0.0019826836195473,0.0,0.0,,0.0,0.0,,12.0,156.04782626911822,59.42118406012585,2.6261312146055493,2.897487532328655,0,21,2635.0,N,O,1.6,1.55,3.1500000000000004,2.927279453690747,3.1500000000000004,,False,0.0,,,,,,,,,,,,,False,0.0,,,,,,,,,,,,,False,0.0,,,,,,,,,,,,0.0112185686653771,,,
EX4M,HOLO,pH7_0,gnina,stage1,gnina_stage1,decoys_final_00036_gnina_stage1.sdf,False,,True,True,True,True,True,True,False,0.8909787220197811,/home/michael/atlas/code/protein_automation/post_docked/full_fast_consenuss/EX4M/HOLO/pH7_0/gnina_stage1/decoys_final_00036_gnina_stage1.sdf,ZINC44559715,0.0,True,False,True,False,True,True,True,True,True,True,True,True,True,True,True,True,True,False,True,True,25.0,0.9577728457058317,1.0223545462122563,0.0,0.0,38.0,1.0596249574842351,0.0,190.0,1.00085429134856,0.0,25.0,38.0,190.0,1.0,1.0,0.0002550857239796,0.0,0.0,,0.0,0.0,,10.0,173.36276895101307,75.55904900033887,2.294401150419926,2.922675144452426,0,25,1350.0,O,S,1.55,1.8,3.35,2.984778718766267,3.35,,False,0.0,,,,,,,,,,,,,False,0.0,,,,,,,,,,,,,False,0.0,,,,,,,,,,,,0.0146671681083113,,,
EX4M,HOLO,pH7_0,gnina,stage1,gnina_stage1,decoys_final_00037_gnina_stage1.sdf,True,,True,True,True,True,True,True,False,0.9464248677176205,/home/michael/atlas/code/protein_automation/post_docked/full_fast_consenuss/EX4M/HOLO/pH7_0/gnina_stage1/decoys_final_00037_gnina_stage1.sdf,ZINC53640048,0.0,True,False,True,False,True,True,True,True,True,True,True,True,True,True,True,True,True,False,True,True,26.0,0.9543172926407304,1.0207635160074704,0.0,0.0,36.0,1.026910242451887,0.0,214.0,0.9881542061793038,0.0,26.0,36.0,214.0,3.0,3.0,0.0023496284776525,0.0,0.0,,0.0,0.0,,9.0,144.16951290632107,104.66792341163608,1.377399189810367,2.981238333310505,0,16,1653.0,N,O,1.6,1.55,3.1500000000000004,2.981238333310505,3.1500000000000004,,False,0.0,,,,,,,,,,,,,False,0.0,,,,,,,,,,,,,False,0.0,,,,,,,,,,,,0.005167498218104,,,
EX4M,HOLO,pH7_0,gnina,stage1,gnina_stage1,decoys_final_00038_gnina_stage1.sdf,False,,True,True,True,True,True,True,False,0.9083134415707291,/home/michael/atlas/code/protein_automation/post_docked/full_fast_consenuss/EX4M/HOLO/pH7_0/gnina_stage1/decoys_final_00038_gnina_stage1.sdf,ZINC38581022,0.0,True,True,True,False,True,True,True,True,True,True,True,True,True,True,True,True,True,False,True,True,22.0,0.9573379775533912,1.029751960142313,0.0,0.0,33.0,1.0538647675393122,0.0,155.0,0.9841868736879636,0.0,22.0,33.0,155.0,1.0,1.0,0.0002787840704917,0.0,0.0,,0.0,0.0,,9.0,153.95896168993394,34.94655648424136,4.405554571860593,2.8611873409477973,0,22,1822.0,O,N,1.55,1.6,3.1500000000000004,2.8611873409477973,3.1500000000000004,,False,0.0,,,,,,,,,,,,,False,0.0,,,,,,,,,,,,,False,0.0,,,,,,,,,,,,0.0057425742574257,,,
EX4M,HOLO,pH7_0,gnina,stage1,gnina_stage1,decoys_final_00039_gnina_stage1.sdf,False,,True,True,True,True,True,True,False,0.877002499268879,/home/michael/atlas/code/protein_automation/post_docked/full_fast_consenuss/EX4M/HOLO/pH7_0/gnina_stage1/decoys_final_00039_gnina_stage1.sdf,ZINC33979260,0.0,True,False,True,False,True,True,True,True,True,True,True,True,True,True,True,True,True,False,True,True,26.0,0.9292720256537408,1.06512553447283,0.0,0.0,40.0,1.0602740615500004,0.0,210.0,0.9775770325642054,0.0,26.0,40.0,210.0,1.0,1.0,0.0003803908398082,0.0,0.0,,0.0,0.0,,10.0,197.1872512808889,77.29627888129477,2.551057491185478,2.7577229737593294,0,24,2186.0,O,N,1.55,1.6,3.1500000000000004,2.762557872696969,3.1500000000000004,,False,0.0,,,,,,,,,,,,,False,0.0,,,,,,,,,,,,,False,0.0,,,,,,,,,,,,0.0185457216305545,,,
EX4M,HOLO,pH7_0,gnina,stage1,gnina_stage1,decoys_final_00040_gnina_stage1.sdf,False,,True,True,True,True,True,True,False,0.8947172863110362,/home/michael/atlas/code/protein_automation/post_docked/full_fast_consenuss/EX4M/HOLO/pH7_0/gnina_stage1/decoys_final_00040_gnina_stage1.sdf,ZINC28975915,0.0,True,True,True,False,True,False,True,True,True,True,True,True,True,True,True,True,True,False,True,True,23.0,0.9365817543298058,1.0647397476028708,0.0,0.0,33.0,1.0495401439729886,0.0,175.0,0.9736497598311808,0.0,23.0,33.0,175.0,1.0,1.0,0.0024834502855979,1.0,0.0,0.002628867993689,0.0,0.0,,9.0,176.36022084042634,33.24354450224539,5.305096778368935,2.8183594518797643,0,0,1333.0,N,O,1.6,1.55,3.1500000000000004,2.8183594518797643,3.1500000000000004,,False,0.0,,,,,,,,,,,,,False,0.0,,,,,,,,,,,,,False,0.0,,,,,,,,,,,,0.0161018535854708,,,
EX4M,HOLO,pH7_0,gnina,stage1,gnina_stage1,decoys_final_00041_gnina_stage1.sdf,False,,True,True,True,True,True,True,False,0.9073335117598685,/home/michael/atlas/code/protein_automation/post_docked/full_fast_consenuss/EX4M/HOLO/pH7_0/gnina_stage1/decoys_final_00041_gnina_stage1.sdf,ZINC61882467,0.0,True,True,True,False,True,True,True,True,True,True,True,True,True,True,True,True,True,False,True,True,21.0,0.928610910834466,1.0194682678115263,0.0,0.0,31.0,1.0586180963163765,0.0,138.0,0.9710725409299924,0.0,21.0,31.0,138.0,1.0,1.0,0.0026218169891465,0.0,0.0,,0.0,0.0,,7.0,129.9968858252841,68.1947349568587,1.9062598587342945,2.854892117051013,0,21,2084.0,N,N,1.6,1.6,3.2,2.9034672376315793,3.2,,False,0.0,,,,,,,,,,,,,False,0.0,,,,,,,,,,,,,False,0.0,,,,,,,,,,,,0.0155787813054624,,,
EX4M,HOLO,pH7_0,gnina,stage1,gnina_stage1,decoys_final_00042_gnina_stage1.sdf,False,,True,True,True,True,True,True,False,0.9070328765007667,/home/michael/atlas/code/protein_automation/post_docked/full_fast_consenuss/EX4M/HOLO/pH7_0/gnina_stage1/decoys_final_00042_gnina_stage1.sdf,ZINC64003696,0.0,True,False,True,False,True,False,True,True,True,True,True,True,True,True,True,True,True,False,True,True,23.0,0.9375403771878452,1.064847524998,0.0,0.0,32.0,1.0437213124918387,0.0,176.0,0.9738801826471828,0.0,23.0,32.0,176.0,0.0,0.0,,1.0,0.0,0.0025573434342892,1.0,1.0,0.0015200223502167,12.0,104.56967873241793,44.68335781941671,2.340237704494496,2.947856848627492,0,22,1823.0,C,O,1.7,1.55,3.25,2.9478568486274916,3.25,,False,0.0,,,,,,,,,,,,,False,0.0,,,,,,,,,,,,,False,0.0,,,,,,,,,,,,0.0132993259245764,,,
EX4M,HOLO,pH7_0,gnina,stage1,gnina_stage1,decoys_final_00043_gnina_stage1.sdf,False,,True,True,True,True,True,True,False,0.8857626331290224,/home/michael/atlas/code/protein_automation/post_docked/full_fast_consenuss/EX4M/HOLO/pH7_0/gnina_stage1/decoys_final_00043_gnina_stage1.sdf,ZINC64033513,0.0,True,False,True,False,True,True,True,True,True,True,True,True,True,True,True,True,True,False,True,True,23.0,0.9459827912494468,1.0290520132027186,0.0,0.0,35.0,1.060019895406151,0.0,173.0,0.9353874175501752,0.0,23.0,35.0,173.0,1.0,1.0,0.0001567848357187,0.0,0.0,,0.0,0.0,,9.0,102.16247599996488,38.92915297572317,2.6243179774210605,2.7458641626999696,0,5,1370.0,O,O,1.55,1.55,3.1,2.7458641626999696,3.1,,False,0.0,,,,,,,,,,,,,False,0.0,,,,,,,,,,,,,False,0.0,,,,,,,,,,,,0.0189416129662175,,,
EX4M,HOLO,pH7_0,gnina,stage1,gnina_stage1,decoys_final_00044_gnina_stage1.sdf,False,,True,True,True,True,True,True,False,0.9121524896704886,/home/michael/atlas/code/protein_automation/post_docked/full_fast_consenuss/EX4M/HOLO/pH7_0/gnina_stage1/decoys_final_00044_gnina_stage1.sdf,ZINC35462764,0.0,True,True,True,False,True,True,True,True,True,True,True,True,True,True,True,True,True,False,True,True,28.0,0.9523395544095556,1.010287836002938,0.0,0.0,41.0,1.0588720429050218,0.0,256.0,0.8073798076779943,0.0,28.0,41.0,256.0,2.0,2.0,0.0048314300548287,0.0,0.0,,0.0,0.0,,12.0,142.7631585952796,50.90260710118904,2.80463352911338,2.8276727179785146,0,28,1653.0,O,O,1.55,1.55,3.1,2.8276727179785146,3.1,,False,0.0,,,,,,,,,,,,,False,0.0,,,,,,,,,,,,,False,0.0,,,,,,,,,,,,0.0103887399463806,,,
EX4M,HOLO,pH7_0,gnina,stage1,gnina_stage1,decoys_final_00045_gnina_stage1.sdf,False,,True,True,True,True,True,True,False,0.8976515202577346,/home/michael/atlas/code/protein_automation/post_docked/full_fast_consenuss/EX4M/HOLO/pH7_0/gnina_stage1/decoys_final_00045_gnina_stage1.sdf,ZINC65356748,0.0,True,True,True,False,True,True,True,True,True,True,True,True,True,True,True,True,True,False,True,True,29.0,0.9753255797965243,1.0609030401288442,0.0,0.0,43.0,1.062581268335665,0.0,279.0,0.9901494196048805,0.0,29.0,43.0,279.0,2.0,2.0,0.1780198794430191,5.0,5.0,0.2563090393507892,0.0,0.0,,11.0,151.0889472012722,56.264912656381874,2.685313814028197,2.7827197127989773,0,26,1333.0,O,O,1.55,1.55,3.1,2.7827197127989773,3.1,,False,0.0,,,,,,,,,,,,,False,0.0,,,,,,,,,,,,,False,0.0,,,,,,,,,,,,0.0083056478405315,,,
EX4M,HOLO,pH7_0,gnina,stage1,gnina_stage1,decoys_final_00046_gnina_stage1.sdf,False,,True,True,True,True,True,True,False,0.801773355745482,/home/michael/atlas/code/protein_automation/post_docked/full_fast_consenuss/EX4M/HOLO/pH7_0/gnina_stage1/decoys_final_00046_gnina_stage1.sdf,ZINC65739396,0.0,True,True,True,False,True,True,True,True,True,True,True,True,True,True,True,True,True,False,True,True,29.0,0.9772753104886418,1.02320725445395,0.0,0.0,42.0,1.0625243929982848,0.0,280.0,1.0072526107665776,0.0,29.0,42.0,280.0,1.0,1.0,0.0022661478734386,10.0,10.0,0.2440528199911895,0.0,0.0,,22.0,427.3025808514319,69.8239455257846,6.119714055597696,2.5255860705982687,0,7,1642.0,O,N,1.55,1.6,3.1500000000000004,2.5255860705982687,3.1500000000000004,,False,0.0,,,,,,,,,,,,,False,0.0,,,,,,,,,,,,,False,0.0,,,,,,,,,,,,0.0133164235890932,,,
EX4M,HOLO,pH7_0,gnina,stage1,gnina_stage1,decoys_final_00047_gnina_stage1.sdf,True,,True,True,True,True,True,True,False,0.9277494318319272,/home/michael/atlas/code/protein_automation/post_docked/full_fast_consenuss/EX4M/HOLO/pH7_0/gnina_stage1/decoys_final_00047_gnina_stage1.sdf,ZINC65742951,0.0,True,True,True,False,True,True,True,True,True,True,True,True,True,True,True,True,True,False,True,True,40.0,0.976067258597275,1.018134327302009,0.0,0.0,60.0,1.0628892540807553,0.0,530.0,0.935993634296144,0.0,40.0,60.0,530.0,3.0,3.0,0.0097883500270242,5.0,5.0,0.2435245878053454,0.0,0.0,,18.0,190.26822103104212,124.0018202998252,1.5343986126251272,3.0615731250453595,0,13,1387.0,N,C,1.6,1.7,3.3,3.0615731250453595,3.3,,False,0.0,,,,,,,,,,,,,False,0.0,,,,,,,,,,,,,False,0.0,,,,,,,,,,,,0.0044632086851628,,,
EX4M,HOLO,pH7_0,gnina,stage1,gnina_stage1,decoys_final_00048_gnina_stage1.sdf,False,,True,True,True,True,True,True,False,0.8709050156624035,/home/michael/atlas/code/protein_automation/post_docked/full_fast_consenuss/EX4M/HOLO/pH7_0/gnina_stage1/decoys_final_00048_gnina_stage1.sdf,ZINC65748719,0.0,True,True,True,False,True,True,True,True,True,True,True,True,True,True,True,True,True,False,True,True,28.0,0.976378700911466,1.0528008595333394,0.0,0.0,41.0,1.0630306102052596,0.0,256.0,0.9817180525240736,0.0,28.0,41.0,256.0,2.0,2.0,0.0031700442294098,5.0,5.0,0.2436359544194215,0.0,0.0,,13.0,137.41629603179928,58.59871733606684,2.345039316197133,2.699805548553451,0,11,1370.0,O,O,1.55,1.55,3.1,2.699805548553451,3.1,,False,0.0,,,,,,,,,,,,,False,0.0,,,,,,,,,,,,,False,0.0,,,,,,,,,,,,0.0117526826775677,,,
EX4M,HOLO,pH7_0,gnina,stage1,gnina_stage1,decoys_final_00049_gnina_stage1.sdf,False,,True,True,True,True,True,True,False,0.8994550321381889,/home/michael/atlas/code/protein_automation/post_docked/full_fast_consenuss/EX4M/HOLO/pH7_0/gnina_stage1/decoys_final_00049_gnina_stage1.sdf,ZINC65748839,0.0,True,False,True,False,True,True,True,True,True,True,True,True,True,True,True,True,True,False,True,True,25.0,0.9572741999985236,1.0425365548008212,0.0,0.0,38.0,1.0597724026278466,0.0,190.0,1.0160986563063028,0.0,25.0,38.0,190.0,1.0,1.0,0.0002122506789611,0.0,0.0,,0.0,0.0,,10.0,155.17664176107357,75.05095378719116,2.067617184467512,2.7883105996283857,0,18,2189.0,O,O,1.55,1.55,3.1,2.7883105996283857,3.1,,False,0.0,,,,,,,,,,,,,False,0.0,,,,,,,,,,,,,False,0.0,,,,,,,,,,,,0.0092777878843005,,,
EX4M,HOLO,pH7_0,gnina,stage1,gnina_stage1,decoys_final_00050_gnina_stage1.sdf,True,,True,True,True,True,True,True,False,0.9757336910385287,/home/michael/atlas/code/protein_automation/post_docked/full_fast_consenuss/EX4M/HOLO/pH7_0/gnina_stage1/decoys_final_00050_gnina_stage1.sdf,ZINC66637161,0.0,True,True,True,False,True,True,True,True,True,True,True,True,True,True,True,True,True,False,True,True,26.0,0.9376347953305084,1.0598658038311797,0.0,0.0,37.0,1.0446941228504332,0.0,213.0,0.9797842625237289,0.0,26.0,37.0,213.0,2.0,2.0,0.002895137772346,0.0,0.0,,0.0,0.0,,11.0,122.90807775040771,75.3375123912413,1.6314326535248984,3.0735611267713656,0,21,1370.0,N,O,1.6,1.55,3.1500000000000004,3.0735611267713656,3.1500000000000004,,False,0.0,,,,,,,,,,,,,False,0.0,,,,,,,,,,,,,False,0.0,,,,,,,,,,,,0.0022417658216933,,,
EX4M,APO,pH7_0,vina,stage3,stage3,EX4M.sanitized_stage3.sdf,False,missing_receptor,False,False,False,False,False,False,False,,,,,,,,,,,,,,,,,,,,,,,,,,,,,,,,,,,,,,,,,,,,,,,,,,,,,,,,,,,,,,,,,,,,,,,,,,,,,,,,,,,,,,,,,,,,,,,,,,,,,,,,,,,,
EX4M,APO,pH7_0,vina,stage3,stage3,EX4M_stage3.sdf,False,missing_receptor,False,False,False,False,False,False,False,,,,,,,,,,,,,,,,,,,,,,,,,,,,,,,,,,,,,,,,,,,,,,,,,,,,,,,,,,,,,,,,,,,,,,,,,,,,,,,,,,,,,,,,,,,,,,,,,,,,,,,,,,,,
EX4M,APO,pH7_0,vina,stage3,stage3,KEU_A510.sanitized_stage3.sdf,False,missing_receptor,False,False,False,False,False,False,False,,,,,,,,,,,,,,,,,,,,,,,,,,,,,,,,,,,,,,,,,,,,,,,,,,,,,,,,,,,,,,,,,,,,,,,,,,,,,,,,,,,,,,,,,,,,,,,,,,,,,,,,,,,,
EX4M,APO,pH7_0,vina,stage3,stage3,KEU_A510_stage3.sdf,False,missing_receptor,False,False,False,False,False,False,False,,,,,,,,,,,,,,,,,,,,,,,,,,,,,,,,,,,,,,,,,,,,,,,,,,,,,,,,,,,,,,,,,,,,,,,,,,,,,,,,,,,,,,,,,,,,,,,,,,,,,,,,,,,,
EX4M,APO,pH7_0,vina,stage3,stage3,KEU_B610.sanitized_stage3.sdf,False,missing_receptor,False,False,False,False,False,False,False,,,,,,,,,,,,,,,,,,,,,,,,,,,,,,,,,,,,,,,,,,,,,,,,,,,,,,,,,,,,,,,,,,,,,,,,,,,,,,,,,,,,,,,,,,,,,,,,,,,,,,,,,,,,
EX4M,APO,pH7_0,vina,stage3,stage3,KEU_B610_stage3.sdf,False,missing_receptor,False,False,False,False,False,False,False,,,,,,,,,,,,,,,,,,,,,,,,,,,,,,,,,,,,,,,,,,,,,,,,,,,,,,,,,,,,,,,,,,,,,,,,,,,,,,,,,,,,,,,,,,,,,,,,,,,,,,,,,,,,
EX4M,APO,pH7_0,vina,stage3,stage3,decoys_final_00016_stage3.sdf,False,missing_receptor,False,False,False,False,False,False,False,,,,,,,,,,,,,,,,,,,,,,,,,,,,,,,,,,,,,,,,,,,,,,,,,,,,,,,,,,,,,,,,,,,,,,,,,,,,,,,,,,,,,,,,,,,,,,,,,,,,,,,,,,,,
EX4M,HOLO,pH7_0,vina,stage3,stage3,EX4M.sanitized_stage3.sdf,False,,True,True,True,True,True,True,False,0.887497209886352,/home/michael/atlas/code/protein_automation/post_docked/full_fast_consenuss/EX4M/HOLO/pH7_0/stage3/EX4M.sanitized_stage3.sdf,/home/michael/atlas/code/protein_automation/docked/full_fast_consenuss/EX4M/HOLO/pH7_0/stage3/EX4M.sanitized_stage3.pdbqt,0.0,True,True,True,False,True,False,True,True,True,True,True,True,True,True,True,True,True,False,True,True,39.0,0.8417196699967866,1.1383126834353223,0.0,0.0,57.0,1.1313065866807732,0.0,607.0,0.9770357684872062,0.0,39.0,57.0,607.0,1.0,1.0,0.0077543273608811,1.0,0.0,0.0134294062349486,1.0,1.0,0.0071167548789725,4.0,594.6627366423849,69.23798291433232,8.588677942541407,2.795616211142009,0,13,2133.0,N,O,1.6,1.55,3.1500000000000004,2.795616211142009,3.1500000000000004,,False,0.0,,,,,,,,,,,,,False,0.0,,,,,,,,,,,,,False,0.0,,,,,,,,,,,,0.0130173564753004,,,
EX4M,HOLO,pH7_0,vina,stage3,stage3,EX4M_stage3.sdf,False,,True,True,True,True,True,True,False,0.8691819805406493,/home/michael/atlas/code/protein_automation/post_docked/full_fast_consenuss/EX4M/HOLO/pH7_0/stage3/EX4M_stage3.sdf,/home/michael/atlas/code/protein_automation/docked/full_fast_consenuss/EX4M/HOLO/pH7_0/stage3/EX4M_stage3.pdbqt,0.0,True,True,True,False,True,False,True,True,True,True,True,True,True,True,True,True,True,False,True,True,39.0,0.8414950625030831,1.1389826850385238,0.0,0.0,57.0,1.1311898869748098,0.0,607.0,0.9770887954068568,0.0,39.0,57.0,607.0,1.0,1.0,0.0077793868414148,1.0,0.0,0.0130264651183091,1.0,1.0,0.0073181523784061,4.0,630.2031137615061,68.88020033202818,9.149263659566794,2.694464139676013,0,19,1824.0,O,O,1.55,1.55,3.1,2.694464139676013,3.1,,False,0.0,,,,,,,,,,,,,False,0.0,,,,,,,,,,,,,False,0.0,,,,,,,,,,,,0.0074577025823686,,,
EX4M,HOLO,pH7_0,vina,stage3,stage3,KEU_A510.sanitized_stage3.sdf,False,,True,True,True,True,True,True,False,0.8920425349173592,/home/michael/atlas/code/protein_automation/post_docked/full_fast_consenuss/EX4M/HOLO/pH7_0/stage3/KEU_A510.sanitized_stage3.sdf,/home/michael/atlas/code/protein_automation/docked/full_fast_consenuss/EX4M/HOLO/pH7_0/stage3/KEU_A510.sanitized_stage3.pdbqt,0.0,True,True,True,False,True,False,True,True,True,True,True,True,True,True,True,True,True,False,True,True,39.0,0.8417572021443583,1.1388403398944875,0.0,0.0,57.0,1.1310494532040862,0.0,607.0,0.977048905889533,0.0,39.0,57.0,607.0,1.0,1.0,0.007426986004022,1.0,0.0,0.0131943769478444,1.0,1.0,0.0071178885879791,4.0,671.8941147044835,69.23798291433232,9.704126065252558,2.809933984989682,0,13,2133.0,N,O,1.6,1.55,3.1500000000000004,2.809933984989682,3.1500000000000004,,False,0.0,,,,,,,,,,,,,False,0.0,,,,,,,,,,,,,False,0.0,,,,,,,,,,,,0.0113585746102449,,,
EX4M,HOLO,pH7_0,vina,stage3,stage3,KEU_A510_stage3.sdf,False,,True,True,True,True,True,True,False,0.8706027311608209,/home/michael/atlas/code/protein_automation/post_docked/full_fast_consenuss/EX4M/HOLO/pH7_0/stage3/KEU_A510_stage3.sdf,/home/michael/atlas/code/protein_automation/docked/full_fast_consenuss/EX4M/HOLO/pH7_0/stage3/KEU_A510_stage3.pdbqt,0.0,True,True,True,False,True,False,True,True,True,True,True,True,True,True,True,True,True,False,True,True,39.0,0.8411527620426115,1.1385604985105626,0.0,0.0,57.0,1.1312717990236147,0.0,607.0,0.9771215816044264,0.0,39.0,57.0,607.0,1.0,1.0,0.0077210269732621,1.0,0.0,0.0134981920756338,1.0,1.0,0.0077206207635272,4.0,592.8457581347161,68.88020033202818,8.606911061189995,2.6988684665985447,0,19,1824.0,O,O,1.55,1.55,3.1,2.6988684665985447,3.1,,False,0.0,,,,,,,,,,,,,False,0.0,,,,,,,,,,,,,False,0.0,,,,,,,,,,,,0.0081246521981079,,,
EX4M,HOLO,pH7_0,vina,stage3,stage3,KEU_B610.sanitized_stage3.sdf,False,,True,False,False,,,,0,False,/home/michael/atlas/code/protein_automation/post_docked/full_fast_consenuss/EX4M/HOLO/pH7_0/stage3/KEU_B610.sanitized_stage3.sdf,/home/michael/atlas/code/protein_automation/docked/full_fast_consenuss/EX4M/HOLO/pH7_0/stage3/KEU_B610.sanitized_stage3.pdbqt,0.0,True,False,True,True,,,,,True,True,True,True,True,True,True,True,True,False,True,True,,,,,,,,,,,,,,,,,,,,,,,,,2.709643518989169,0.0,56.0,2133.0,N,O,1.6,1.55,3.1500000000000004,2.709643518989169,3.1500000000000004,0.8602042917425933,False,,,,,,,,,,,,,,False,0.0,,,,,,,,,,,,,False,0.0,,,,,,,,,,,,0.0142778085224128,,,,,,
EX4M,HOLO,pH7_0,vina,stage3,stage3,KEU_B610_stage3.sdf,False,,True,False,False,,,,0,False,/home/michael/atlas/code/protein_automation/post_docked/full_fast_consenuss/EX4M/HOLO/pH7_0/stage3/KEU_B610_stage3.sdf,/home/michael/atlas/code/protein_automation/docked/full_fast_consenuss/EX4M/HOLO/pH7_0/stage3/KEU_B610_stage3.pdbqt,0.0,True,False,True,True,,,,,True,True,True,True,True,True,True,True,True,False,True,True,,,,,,,,,,,,,,,,,,,,,,,,,2.8070245812960013,0.0,56.0,2133.0,N,O,1.6,1.55,3.1500000000000004,2.8070245812960013,3.1500000000000004,0.8911189146971432,False,,,,,,,,,,,,,,False,0.0,,,,,,,,,,,,,False,0.0,,,,,,,,,,,,0.0105532103976894,,,,,,
EX4M,HOLO,pH7_0,vina,stage3,stage3,decoys_final_00016_stage3.sdf,False,,True,True,True,True,True,True,False,0.8769757810419506,/home/michael/atlas/code/protein_automation/post_docked/full_fast_consenuss/EX4M/HOLO/pH7_0/stage3/decoys_final_00016_stage3.sdf,ZINC08994462,0.0,True,True,True,False,True,True,True,True,True,True,True,True,True,True,True,True,True,False,True,True,29.0,0.954483577629476,1.0566070824102385,0.0,0.0,41.0,1.0544739932531149,0.0,281.0,0.9876200452455808,0.0,29.0,41.0,281.0,3.0,3.0,0.00221585430186,0.0,0.0,,0.0,0.0,,9.0,123.0975473285013,63.59883146739028,1.935531588998116,2.7624737102821446,0,1,1642.0,O,N,1.55,1.6,3.1500000000000004,2.7624737102821446,3.1500000000000004,,False,0.0,,,,,,,,,,,,,False,0.0,,,,,,,,,,,,,False,0.0,,,,,,,,,,,,0.015129090610097,,,
EX4M,APO,pH7_0,ledock,stage2,ledock_stage2,actives_final_00004.sdf,False,missing_receptor,False,False,False,False,False,False,False,,,,,,,,,,,,,,,,,,,,,,,,,,,,,,,,,,,,,,,,,,,,,,,,,,,,,,,,,,,,,,,,,,,,,,,,,,,,,,,,,,,,,,,,,,,,,,,,,,,,,,,,,,,,
EX4M,APO,pH7_0,ledock,stage2,ledock_stage2,decoys_final_00016.sdf,False,missing_receptor,False,False,False,False,False,False,False,,,,,,,,,,,,,,,,,,,,,,,,,,,,,,,,,,,,,,,,,,,,,,,,,,,,,,,,,,,,,,,,,,,,,,,,,,,,,,,,,,,,,,,,,,,,,,,,,,,,,,,,,,,,
EX4M,HOLO,pH7_0,ledock,stage2,ledock_stage2,actives_final_00004.sdf,False,,True,True,True,True,True,True,False,0.7972014827392334,/home/michael/atlas/code/protein_automation/post_docked/full_fast_consenuss/EX4M/HOLO/pH7_0/ledock_stage2/actives_final_00004.sdf,/home/michael/atlas/code/protein_automation/post_docked/full_fast_consenuss/EX4M/HOLO/pH7_0/ledock_stage2/actives_final_00004_dock001.pdb,0.0,True,True,True,True,True,True,True,True,True,True,True,True,True,True,True,True,True,False,True,True,35.0,0.9539712324077204,1.0077346271506007,0.0,0.0,48.0,1.062599036015335,0.0,445.0,0.9902830052071988,0.0,35.0,48.0,445.0,2.0,2.0,0.0017671118038391,0.0,0.0,,0.0,0.0,,22.0,241.27803140405172,54.38967967051629,4.43609951126159,2.695642409519486,0,4,1350.0,C,S,1.7,1.8,3.5,2.790205189587317,3.5,,False,0.0,,,,,,,,,,,,,False,0.0,,,,,,,,,,,,,False,0.0,,,,,,,,,,,,0.0266822855655342,,,
EX4M,HOLO,pH7_0,ledock,stage2,ledock_stage2,decoys_final_00016.sdf,False,,True,True,True,True,True,True,False,0.8401519237273524,/home/michael/atlas/code/protein_automation/post_docked/full_fast_consenuss/EX4M/HOLO/pH7_0/ledock_stage2/decoys_final_00016.sdf,/home/michael/atlas/code/protein_automation/post_docked/full_fast_consenuss/EX4M/HOLO/pH7_0/ledock_stage2/decoys_final_00016_dock001.pdb,0.0,True,True,True,True,True,True,True,True,True,True,True,True,True,True,True,True,True,False,True,True,29.0,0.9542550268245932,1.0558805984109028,0.0,0.0,41.0,1.05439461975078,0.0,281.0,0.8731254459220527,0.0,29.0,41.0,281.0,3.0,3.0,0.0021794619686049,0.0,0.0,,0.0,0.0,,9.0,127.41245456431557,63.59883146739028,2.003377288930931,2.6044709635547925,0,13,1370.0,O,O,1.55,1.55,3.1,2.6044709635547925,3.1,,False,0.0,,,,,,,,,,,,,False,0.0,,,,,,,,,,,,,False,0.0,,,,,,,,,,,,0.0243619489559164,,,
EX4M,APO,pH7_0,ledock,stage3,ledock_stage3,EX4M.sanitized.sdf,False,missing_receptor,False,False,False,False,False,False,False,,,,,,,,,,,,,,,,,,,,,,,,,,,,,,,,,,,,,,,,,,,,,,,,,,,,,,,,,,,,,,,,,,,,,,,,,,,,,,,,,,,,,,,,,,,,,,,,,,,,,,,,,,,,
EX4M,APO,pH7_0,ledock,stage3,ledock_stage3,KEU_A510.sanitized.sdf,False,missing_receptor,False,False,False,False,False,False,False,,,,,,,,,,,,,,,,,,,,,,,,,,,,,,,,,,,,,,,,,,,,,,,,,,,,,,,,,,,,,,,,,,,,,,,,,,,,,,,,,,,,,,,,,,,,,,,,,,,,,,,,,,,,
EX4M,APO,pH7_0,ledock,stage3,ledock_stage3,KEU_B610.sanitized.sdf,False,missing_receptor,False,False,False,False,False,False,False,,,,,,,,,,,,,,,,,,,,,,,,,,,,,,,,,,,,,,,,,,,,,,,,,,,,,,,,,,,,,,,,,,,,,,,,,,,,,,,,,,,,,,,,,,,,,,,,,,,,,,,,,,,,
EX4M,APO,pH7_0,ledock,stage3,ledock_stage3,decoys_final_00016.sdf,False,missing_receptor,False,False,False,False,False,False,False,,,,,,,,,,,,,,,,,,,,,,,,,,,,,,,,,,,,,,,,,,,,,,,,,,,,,,,,,,,,,,,,,,,,,,,,,,,,,,,,,,,,,,,,,,,,,,,,,,,,,,,,,,,,
EX4M,HOLO,pH7_0,ledock,stage3,ledock_stage3,EX4M.sanitized.sdf,False,,True,True,True,True,True,True,False,0.8206227010849162,/home/michael/atlas/code/protein_automation/post_docked/full_fast_consenuss/EX4M/HOLO/pH7_0/ledock_stage3/EX4M.sanitized.sdf,/home/michael/atlas/code/protein_automation/post_docked/full_fast_consenuss/EX4M/HOLO/pH7_0/ledock_stage3/EX4M.sanitized_dock001.pdb,0.0,True,True,True,True,True,False,True,True,True,True,True,True,True,True,True,True,True,False,True,True,39.0,0.8410593267510212,1.138855934126998,0.0,0.0,57.0,1.1311164533771958,0.0,607.0,0.9682423749260238,0.0,39.0,57.0,607.0,1.0,1.0,0.0087325506537619,1.0,0.0,0.0129611197069161,1.0,1.0,0.0068356681455003,4.0,1860.8483739039016,69.32294078477592,26.84318283151318,2.5530156677936757,0,28,1642.0,O,N,1.55,1.6,3.1500000000000004,2.584961508417486,3.1500000000000004,,False,0.0,,,,,,,,,,,,,False,0.0,,,,,,,,,,,,,False,0.0,,,,,,,,,,,,0.0207751591645258,,,
EX4M,HOLO,pH7_0,ledock,stage3,ledock_stage3,KEU_A510.sanitized.sdf,False,,True,True,True,True,True,True,False,0.8206227010849162,/home/michael/atlas/code/protein_automation/post_docked/full_fast_consenuss/EX4M/HOLO/pH7_0/ledock_stage3/KEU_A510.sanitized.sdf,/home/michael/atlas/code/protein_automation/post_docked/full_fast_consenuss/EX4M/HOLO/pH7_0/ledock_stage3/KEU_A510.sanitized_dock001.pdb,0.0,True,True,True,True,True,False,True,True,True,True,True,True,True,True,True,True,True,False,True,True,39.0,0.8410593267510212,1.138855934126998,0.0,0.0,57.0,1.1311164533771958,0.0,607.0,0.9682423749260238,0.0,39.0,57.0,607.0,1.0,1.0,0.0087325506537619,1.0,0.0,0.0129611197069161,1.0,1.0,0.0068356681455003,4.0,1860.8483739039016,69.32294078477592,26.84318283151318,2.5530156677936757,0,28,1642.0,O,N,1.55,1.6,3.1500000000000004,2.584961508417486,3.1500000000000004,,False,0.0,,,,,,,,,,,,,False,0.0,,,,,,,,,,,,,False,0.0,,,,,,,,,,,,0.0207751591645258,,,
EX4M,HOLO,pH7_0,ledock,stage3,ledock_stage3,KEU_B610.sanitized.sdf,False,,True,False,False,,,,0,False,/home/michael/atlas/code/protein_automation/post_docked/full_fast_consenuss/EX4M/HOLO/pH7_0/ledock_stage3/KEU_B610.sanitized.sdf,/home/michael/atlas/code/protein_automation/post_docked/full_fast_consenuss/EX4M/HOLO/pH7_0/ledock_stage3/KEU_B610.sanitized_dock001.pdb,0.0,True,False,True,True,,,,,True,False,True,True,True,True,True,True,True,False,True,True,,,,,,,,,,,,,,,,,,,,,,,,,1.55658440182343,4.0,50.0,2145.0,N,O,1.6,1.55,3.1500000000000004,1.55658440182343,3.1500000000000004,0.4941537783566444,True,,,,,,,,,,,,,,False,0.0,,,,,,,,,,,,,False,0.0,,,,,,,,,,,,0.0467075038284839,,,,,,
EX4M,HOLO,pH7_0,ledock,stage3,ledock_stage3,decoys_final_00016.sdf,False,,True,True,True,True,True,True,False,0.782535833623809,/home/michael/atlas/code/protein_automation/post_docked/full_fast_consenuss/EX4M/HOLO/pH7_0/ledock_stage3/decoys_final_00016.sdf,/home/michael/atlas/code/protein_automation/post_docked/full_fast_consenuss/EX4M/HOLO/pH7_0/ledock_stage3/decoys_final_00016_dock001.pdb,0.0,True,True,True,True,True,True,True,True,True,True,True,True,True,True,True,True,True,False,True,True,29.0,0.9543467164229944,1.0562090742330363,0.0,0.0,41.0,1.0544931203945027,0.0,281.0,0.9842910790004104,0.0,29.0,41.0,281.0,3.0,3.0,0.0028447186943884,0.0,0.0,,0.0,0.0,,9.0,119.16076239066147,63.59883146739028,1.8736313174521149,2.425861084233808,0,16,1643.0,O,O,1.55,1.55,3.1,2.4258610842338078,3.1,,False,0.0,,,,,,,,,,,,,False,0.0,,,,,,,,,,,,,False,0.0,,,,,,,,,,,,0.0230756551837811,,,
EX4M,APO,pH7_0,vina,stage2,stage2,actives_final_00004_stage2.sdf,False,missing_receptor,False,False,False,False,False,False,False,,,,,,,,,,,,,,,,,,,,,,,,,,,,,,,,,,,,,,,,,,,,,,,,,,,,,,,,,,,,,,,,,,,,,,,,,,,,,,,,,,,,,,,,,,,,,,,,,,,,,,,,,,,,
EX4M,APO,pH7_0,vina,stage2,stage2,decoys_final_00016_stage2.sdf,False,missing_receptor,False,False,False,False,False,False,False,,,,,,,,,,,,,,,,,,,,,,,,,,,,,,,,,,,,,,,,,,,,,,,,,,,,,,,,,,,,,,,,,,,,,,,,,,,,,,,,,,,,,,,,,,,,,,,,,,,,,,,,,,,,
EX4M,HOLO,pH7_0,vina,stage2,stage2,actives_final_00004_stage2.sdf,False,,True,True,True,True,True,True,False,0.906913454030502,/home/michael/atlas/code/protein_automation/post_docked/full_fast_consenuss/EX4M/HOLO/pH7_0/stage2/actives_final_00004_stage2.sdf,CHEMBL117353,0.0,True,True,True,False,True,True,True,True,True,True,True,True,True,True,True,True,True,False,True,True,35.0,0.9541680580617472,1.0077302568745548,0.0,0.0,48.0,1.0627210007766217,0.0,445.0,0.9902046732523586,0.0,35.0,48.0,445.0,2.0,2.0,0.0019068939020879,0.0,0.0,,0.0,0.0,,22.0,164.55128768456197,54.38967967051629,3.025413804261885,2.8567773801960814,0,30,2186.0,O,N,1.55,1.6,3.1500000000000004,2.8567773801960814,3.1500000000000004,,False,0.0,,,,,,,,,,,,,False,0.0,,,,,,,,,,,,,False,0.0,,,,,,,,,,,,0.0088174273858921,,,
EX4M,HOLO,pH7_0,vina,stage2,stage2,decoys_final_00016_stage2.sdf,False,,True,True,True,True,True,True,False,0.8814021445905311,/home/michael/atlas/code/protein_automation/post_docked/full_fast_consenuss/EX4M/HOLO/pH7_0/stage2/decoys_final_00016_stage2.sdf,ZINC08994462,0.0,True,True,True,False,True,True,True,True,True,True,True,True,True,True,True,True,True,False,True,True,29.0,0.9540442912610876,1.0561318094243968,0.0,0.0,41.0,1.0543366079915732,0.0,281.0,0.9878844048073088,0.0,29.0,41.0,281.0,3.0,3.0,0.0026952843200763,0.0,0.0,,0.0,0.0,,9.0,122.5358333235085,63.59883146739028,1.926699445513203,2.7764167554601733,0,1,1642.0,O,N,1.55,1.6,3.1500000000000004,2.7764167554601733,3.1500000000000004,,False,0.0,,,,,,,,,,,,,False,0.0,,,,,,,,,,,,,False,0.0,,,,,,,,,,,,0.0158076733080849,,,
EX4M,APO,pH7_0,ledock,stage1,ledock_stage1,actives_final_00001.sdf,False,missing_receptor,False,False,False,False,False,False,False,,,,,,,,,,,,,,,,,,,,,,,,,,,,,,,,,,,,,,,,,,,,,,,,,,,,,,,,,,,,,,,,,,,,,,,,,,,,,,,,,,,,,,,,,,,,,,,,,,,,,,,,,,,,
EX4M,APO,pH7_0,ledock,stage1,ledock_stage1,actives_final_00002.sdf,False,missing_receptor,False,False,False,False,False,False,False,,,,,,,,,,,,,,,,,,,,,,,,,,,,,,,,,,,,,,,,,,,,,,,,,,,,,,,,,,,,,,,,,,,,,,,,,,,,,,,,,,,,,,,,,,,,,,,,,,,,,,,,,,,,
EX4M,APO,pH7_0,ledock,stage1,ledock_stage1,actives_final_00003.sdf,False,missing_receptor,False,False,False,False,False,False,False,,,,,,,,,,,,,,,,,,,,,,,,,,,,,,,,,,,,,,,,,,,,,,,,,,,,,,,,,,,,,,,,,,,,,,,,,,,,,,,,,,,,,,,,,,,,,,,,,,,,,,,,,,,,
EX4M,APO,pH7_0,ledock,stage1,ledock_stage1,actives_final_00004.sdf,False,missing_receptor,False,False,False,False,False,False,False,,,,,,,,,,,,,,,,,,,,,,,,,,,,,,,,,,,,,,,,,,,,,,,,,,,,,,,,,,,,,,,,,,,,,,,,,,,,,,,,,,,,,,,,,,,,,,,,,,,,,,,,,,,,
EX4M,APO,pH7_0,ledock,stage1,ledock_stage1,actives_final_00005.sdf,False,missing_receptor,False,False,False,False,False,False,False,,,,,,,,,,,,,,,,,,,,,,,,,,,,,,,,,,,,,,,,,,,,,,,,,,,,,,,,,,,,,,,,,,,,,,,,,,,,,,,,,,,,,,,,,,,,,,,,,,,,,,,,,,,,
EX4M,APO,pH7_0,ledock,stage1,ledock_stage1,decoys_final_00001.sdf,False,missing_receptor,False,False,False,False,False,False,False,,,,,,,,,,,,,,,,,,,,,,,,,,,,,,,,,,,,,,,,,,,,,,,,,,,,,,,,,,,,,,,,,,,,,,,,,,,,,,,,,,,,,,,,,,,,,,,,,,,,,,,,,,,,
EX4M,APO,pH7_0,ledock,stage1,ledock_stage1,decoys_final_00002.sdf,False,missing_receptor,False,False,False,False,False,False,False,,,,,,,,,,,,,,,,,,,,,,,,,,,,,,,,,,,,,,,,,,,,,,,,,,,,,,,,,,,,,,,,,,,,,,,,,,,,,,,,,,,,,,,,,,,,,,,,,,,,,,,,,,,,
EX4M,APO,pH7_0,ledock,stage1,ledock_stage1,decoys_final_00003.sdf,False,missing_receptor,False,False,False,False,False,False,False,,,,,,,,,,,,,,,,,,,,,,,,,,,,,,,,,,,,,,,,,,,,,,,,,,,,,,,,,,,,,,,,,,,,,,,,,,,,,,,,,,,,,,,,,,,,,,,,,,,,,,,,,,,,
EX4M,APO,pH7_0,ledock,stage1,ledock_stage1,decoys_final_00004.sdf,False,missing_receptor,False,False,False,False,False,False,False,,,,,,,,,,,,,,,,,,,,,,,,,,,,,,,,,,,,,,,,,,,,,,,,,,,,,,,,,,,,,,,,,,,,,,,,,,,,,,,,,,,,,,,,,,,,,,,,,,,,,,,,,,,,
EX4M,APO,pH7_0,ledock,stage1,ledock_stage1,decoys_final_00005.sdf,False,missing_receptor,False,False,False,False,False,False,False,,,,,,,,,,,,,,,,,,,,,,,,,,,,,,,,,,,,,,,,,,,,,,,,,,,,,,,,,,,,,,,,,,,,,,,,,,,,,,,,,,,,,,,,,,,,,,,,,,,,,,,,,,,,
EX4M,APO,pH7_0,ledock,stage1,ledock_stage1,decoys_final_00006.sdf,False,missing_receptor,False,False,False,False,False,False,False,,,,,,,,,,,,,,,,,,,,,,,,,,,,,,,,,,,,,,,,,,,,,,,,,,,,,,,,,,,,,,,,,,,,,,,,,,,,,,,,,,,,,,,,,,,,,,,,,,,,,,,,,,,,
EX4M,APO,pH7_0,ledock,stage1,ledock_stage1,decoys_final_00007.sdf,False,missing_receptor,False,False,False,False,False,False,False,,,,,,,,,,,,,,,,,,,,,,,,,,,,,,,,,,,,,,,,,,,,,,,,,,,,,,,,,,,,,,,,,,,,,,,,,,,,,,,,,,,,,,,,,,,,,,,,,,,,,,,,,,,,
EX4M,APO,pH7_0,ledock,stage1,ledock_stage1,decoys_final_00008.sdf,False,missing_receptor,False,False,False,False,False,False,False,,,,,,,,,,,,,,,,,,,,,,,,,,,,,,,,,,,,,,,,,,,,,,,,,,,,,,,,,,,,,,,,,,,,,,,,,,,,,,,,,,,,,,,,,,,,,,,,,,,,,,,,,,,,
EX4M,APO,pH7_0,ledock,stage1,ledock_stage1,decoys_final_00009.sdf,False,missing_receptor,False,False,False,False,False,False,False,,,,,,,,,,,,,,,,,,,,,,,,,,,,,,,,,,,,,,,,,,,,,,,,,,,,,,,,,,,,,,,,,,,,,,,,,,,,,,,,,,,,,,,,,,,,,,,,,,,,,,,,,,,,
EX4M,APO,pH7_0,ledock,stage1,ledock_stage1,decoys_final_00010.sdf,False,missing_receptor,False,False,False,False,False,False,False,,,,,,,,,,,,,,,,,,,,,,,,,,,,,,,,,,,,,,,,,,,,,,,,,,,,,,,,,,,,,,,,,,,,,,,,,,,,,,,,,,,,,,,,,,,,,,,,,,,,,,,,,,,,
EX4M,APO,pH7_0,ledock,stage1,ledock_stage1,decoys_final_00011.sdf,False,missing_receptor,False,False,False,False,False,False,False,,,,,,,,,,,,,,,,,,,,,,,,,,,,,,,,,,,,,,,,,,,,,,,,,,,,,,,,,,,,,,,,,,,,,,,,,,,,,,,,,,,,,,,,,,,,,,,,,,,,,,,,,,,,
EX4M,APO,pH7_0,ledock,stage1,ledock_stage1,decoys_final_00012.sdf,False,missing_receptor,False,False,False,False,False,False,False,,,,,,,,,,,,,,,,,,,,,,,,,,,,,,,,,,,,,,,,,,,,,,,,,,,,,,,,,,,,,,,,,,,,,,,,,,,,,,,,,,,,,,,,,,,,,,,,,,,,,,,,,,,,
EX4M,APO,pH7_0,ledock,stage1,ledock_stage1,decoys_final_00013.sdf,False,missing_receptor,False,False,False,False,False,False,False,,,,,,,,,,,,,,,,,,,,,,,,,,,,,,,,,,,,,,,,,,,,,,,,,,,,,,,,,,,,,,,,,,,,,,,,,,,,,,,,,,,,,,,,,,,,,,,,,,,,,,,,,,,,
EX4M,APO,pH7_0,ledock,stage1,ledock_stage1,decoys_final_00014.sdf,False,missing_receptor,False,False,False,False,False,False,False,,,,,,,,,,,,,,,,,,,,,,,,,,,,,,,,,,,,,,,,,,,,,,,,,,,,,,,,,,,,,,,,,,,,,,,,,,,,,,,,,,,,,,,,,,,,,,,,,,,,,,,,,,,,
EX4M,APO,pH7_0,ledock,stage1,ledock_stage1,decoys_final_00015.sdf,False,missing_receptor,False,False,False,False,False,False,False,,,,,,,,,,,,,,,,,,,,,,,,,,,,,,,,,,,,,,,,,,,,,,,,,,,,,,,,,,,,,,,,,,,,,,,,,,,,,,,,,,,,,,,,,,,,,,,,,,,,,,,,,,,,
EX4M,APO,pH7_0,ledock,stage1,ledock_stage1,decoys_final_00016.sdf,False,missing_receptor,False,False,False,False,False,False,False,,,,,,,,,,,,,,,,,,,,,,,,,,,,,,,,,,,,,,,,,,,,,,,,,,,,,,,,,,,,,,,,,,,,,,,,,,,,,,,,,,,,,,,,,,,,,,,,,,,,,,,,,,,,
EX4M,APO,pH7_0,ledock,stage1,ledock_stage1,decoys_final_00017.sdf,False,missing_receptor,False,False,False,False,False,False,False,,,,,,,,,,,,,,,,,,,,,,,,,,,,,,,,,,,,,,,,,,,,,,,,,,,,,,,,,,,,,,,,,,,,,,,,,,,,,,,,,,,,,,,,,,,,,,,,,,,,,,,,,,,,
EX4M,APO,pH7_0,ledock,stage1,ledock_stage1,decoys_final_00018.sdf,False,missing_receptor,False,False,False,False,False,False,False,,,,,,,,,,,,,,,,,,,,,,,,,,,,,,,,,,,,,,,,,,,,,,,,,,,,,,,,,,,,,,,,,,,,,,,,,,,,,,,,,,,,,,,,,,,,,,,,,,,,,,,,,,,,
EX4M,APO,pH7_0,ledock,stage1,ledock_stage1,decoys_final_00019.sdf,False,missing_receptor,False,False,False,False,False,False,False,,,,,,,,,,,,,,,,,,,,,,,,,,,,,,,,,,,,,,,,,,,,,,,,,,,,,,,,,,,,,,,,,,,,,,,,,,,,,,,,,,,,,,,,,,,,,,,,,,,,,,,,,,,,
EX4M,APO,pH7_0,ledock,stage1,ledock_stage1,decoys_final_00020.sdf,False,missing_receptor,False,False,False,False,False,False,False,,,,,,,,,,,,,,,,,,,,,,,,,,,,,,,,,,,,,,,,,,,,,,,,,,,,,,,,,,,,,,,,,,,,,,,,,,,,,,,,,,,,,,,,,,,,,,,,,,,,,,,,,,,,
EX4M,APO,pH7_0,ledock,stage1,ledock_stage1,decoys_final_00021.sdf,False,missing_receptor,False,False,False,False,False,False,False,,,,,,,,,,,,,,,,,,,,,,,,,,,,,,,,,,,,,,,,,,,,,,,,,,,,,,,,,,,,,,,,,,,,,,,,,,,,,,,,,,,,,,,,,,,,,,,,,,,,,,,,,,,,
EX4M,APO,pH7_0,ledock,stage1,ledock_stage1,decoys_final_00022.sdf,False,missing_receptor,False,False,False,False,False,False,False,,,,,,,,,,,,,,,,,,,,,,,,,,,,,,,,,,,,,,,,,,,,,,,,,,,,,,,,,,,,,,,,,,,,,,,,,,,,,,,,,,,,,,,,,,,,,,,,,,,,,,,,,,,,
EX4M,APO,pH7_0,ledock,stage1,ledock_stage1,decoys_final_00023.sdf,False,missing_receptor,False,False,False,False,False,False,False,,,,,,,,,,,,,,,,,,,,,,,,,,,,,,,,,,,,,,,,,,,,,,,,,,,,,,,,,,,,,,,,,,,,,,,,,,,,,,,,,,,,,,,,,,,,,,,,,,,,,,,,,,,,
EX4M,APO,pH7_0,ledock,stage1,ledock_stage1,decoys_final_00024.sdf,False,missing_receptor,False,False,False,False,False,False,False,,,,,,,,,,,,,,,,,,,,,,,,,,,,,,,,,,,,,,,,,,,,,,,,,,,,,,,,,,,,,,,,,,,,,,,,,,,,,,,,,,,,,,,,,,,,,,,,,,,,,,,,,,,,
EX4M,APO,pH7_0,ledock,stage1,ledock_stage1,decoys_final_00025.sdf,False,missing_receptor,False,False,False,False,False,False,False,,,,,,,,,,,,,,,,,,,,,,,,,,,,,,,,,,,,,,,,,,,,,,,,,,,,,,,,,,,,,,,,,,,,,,,,,,,,,,,,,,,,,,,,,,,,,,,,,,,,,,,,,,,,
EX4M,APO,pH7_0,ledock,stage1,ledock_stage1,decoys_final_00026.sdf,False,missing_receptor,False,False,False,False,False,False,False,,,,,,,,,,,,,,,,,,,,,,,,,,,,,,,,,,,,,,,,,,,,,,,,,,,,,,,,,,,,,,,,,,,,,,,,,,,,,,,,,,,,,,,,,,,,,,,,,,,,,,,,,,,,
EX4M,APO,pH7_0,ledock,stage1,ledock_stage1,decoys_final_00027.sdf,False,missing_receptor,False,False,False,False,False,False,False,,,,,,,,,,,,,,,,,,,,,,,,,,,,,,,,,,,,,,,,,,,,,,,,,,,,,,,,,,,,,,,,,,,,,,,,,,,,,,,,,,,,,,,,,,,,,,,,,,,,,,,,,,,,
EX4M,APO,pH7_0,ledock,stage1,ledock_stage1,decoys_final_00028.sdf,False,missing_receptor,False,False,False,False,False,False,False,,,,,,,,,,,,,,,,,,,,,,,,,,,,,,,,,,,,,,,,,,,,,,,,,,,,,,,,,,,,,,,,,,,,,,,,,,,,,,,,,,,,,,,,,,,,,,,,,,,,,,,,,,,,
EX4M,APO,pH7_0,ledock,stage1,ledock_stage1,decoys_final_00029.sdf,False,missing_receptor,False,False,False,False,False,False,False,,,,,,,,,,,,,,,,,,,,,,,,,,,,,,,,,,,,,,,,,,,,,,,,,,,,,,,,,,,,,,,,,,,,,,,,,,,,,,,,,,,,,,,,,,,,,,,,,,,,,,,,,,,,
EX4M,APO,pH7_0,ledock,stage1,ledock_stage1,decoys_final_00030.sdf,False,missing_receptor,False,False,False,False,False,False,False,,,,,,,,,,,,,,,,,,,,,,,,,,,,,,,,,,,,,,,,,,,,,,,,,,,,,,,,,,,,,,,,,,,,,,,,,,,,,,,,,,,,,,,,,,,,,,,,,,,,,,,,,,,,
EX4M,APO,pH7_0,ledock,stage1,ledock_stage1,decoys_final_00031.sdf,False,missing_receptor,False,False,False,False,False,False,False,,,,,,,,,,,,,,,,,,,,,,,,,,,,,,,,,,,,,,,,,,,,,,,,,,,,,,,,,,,,,,,,,,,,,,,,,,,,,,,,,,,,,,,,,,,,,,,,,,,,,,,,,,,,
EX4M,APO,pH7_0,ledock,stage1,ledock_stage1,decoys_final_00032.sdf,False,missing_receptor,False,False,False,False,False,False,False,,,,,,,,,,,,,,,,,,,,,,,,,,,,,,,,,,,,,,,,,,,,,,,,,,,,,,,,,,,,,,,,,,,,,,,,,,,,,,,,,,,,,,,,,,,,,,,,,,,,,,,,,,,,
EX4M,APO,pH7_0,ledock,stage1,ledock_stage1,decoys_final_00033.sdf,False,missing_receptor,False,False,False,False,False,False,False,,,,,,,,,,,,,,,,,,,,,,,,,,,,,,,,,,,,,,,,,,,,,,,,,,,,,,,,,,,,,,,,,,,,,,,,,,,,,,,,,,,,,,,,,,,,,,,,,,,,,,,,,,,,
EX4M,APO,pH7_0,ledock,stage1,ledock_stage1,decoys_final_00034.sdf,False,missing_receptor,False,False,False,False,False,False,False,,,,,,,,,,,,,,,,,,,,,,,,,,,,,,,,,,,,,,,,,,,,,,,,,,,,,,,,,,,,,,,,,,,,,,,,,,,,,,,,,,,,,,,,,,,,,,,,,,,,,,,,,,,,
EX4M,APO,pH7_0,ledock,stage1,ledock_stage1,decoys_final_00035.sdf,False,missing_receptor,False,False,False,False,False,False,False,,,,,,,,,,,,,,,,,,,,,,,,,,,,,,,,,,,,,,,,,,,,,,,,,,,,,,,,,,,,,,,,,,,,,,,,,,,,,,,,,,,,,,,,,,,,,,,,,,,,,,,,,,,,
EX4M,APO,pH7_0,ledock,stage1,ledock_stage1,decoys_final_00036.sdf,False,missing_receptor,False,False,False,False,False,False,False,,,,,,,,,,,,,,,,,,,,,,,,,,,,,,,,,,,,,,,,,,,,,,,,,,,,,,,,,,,,,,,,,,,,,,,,,,,,,,,,,,,,,,,,,,,,,,,,,,,,,,,,,,,,
EX4M,APO,pH7_0,ledock,stage1,ledock_stage1,decoys_final_00037.sdf,False,missing_receptor,False,False,False,False,False,False,False,,,,,,,,,,,,,,,,,,,,,,,,,,,,,,,,,,,,,,,,,,,,,,,,,,,,,,,,,,,,,,,,,,,,,,,,,,,,,,,,,,,,,,,,,,,,,,,,,,,,,,,,,,,,
EX4M,APO,pH7_0,ledock,stage1,ledock_stage1,decoys_final_00038.sdf,False,missing_receptor,False,False,False,False,False,False,False,,,,,,,,,,,,,,,,,,,,,,,,,,,,,,,,,,,,,,,,,,,,,,,,,,,,,,,,,,,,,,,,,,,,,,,,,,,,,,,,,,,,,,,,,,,,,,,,,,,,,,,,,,,,
EX4M,APO,pH7_0,ledock,stage1,ledock_stage1,decoys_final_00039.sdf,False,missing_receptor,False,False,False,False,False,False,False,,,,,,,,,,,,,,,,,,,,,,,,,,,,,,,,,,,,,,,,,,,,,,,,,,,,,,,,,,,,,,,,,,,,,,,,,,,,,,,,,,,,,,,,,,,,,,,,,,,,,,,,,,,,
EX4M,APO,pH7_0,ledock,stage1,ledock_stage1,decoys_final_00040.sdf,False,missing_receptor,False,False,False,False,False,False,False,,,,,,,,,,,,,,,,,,,,,,,,,,,,,,,,,,,,,,,,,,,,,,,,,,,,,,,,,,,,,,,,,,,,,,,,,,,,,,,,,,,,,,,,,,,,,,,,,,,,,,,,,,,,
EX4M,APO,pH7_0,ledock,stage1,ledock_stage1,decoys_final_00041.sdf,False,missing_receptor,False,False,False,False,False,False,False,,,,,,,,,,,,,,,,,,,,,,,,,,,,,,,,,,,,,,,,,,,,,,,,,,,,,,,,,,,,,,,,,,,,,,,,,,,,,,,,,,,,,,,,,,,,,,,,,,,,,,,,,,,,
EX4M,APO,pH7_0,ledock,stage1,ledock_stage1,decoys_final_00042.sdf,False,missing_receptor,False,False,False,False,False,False,False,,,,,,,,,,,,,,,,,,,,,,,,,,,,,,,,,,,,,,,,,,,,,,,,,,,,,,,,,,,,,,,,,,,,,,,,,,,,,,,,,,,,,,,,,,,,,,,,,,,,,,,,,,,,
EX4M,APO,pH7_0,ledock,stage1,ledock_stage1,decoys_final_00043.sdf,False,missing_receptor,False,False,False,False,False,False,False,,,,,,,,,,,,,,,,,,,,,,,,,,,,,,,,,,,,,,,,,,,,,,,,,,,,,,,,,,,,,,,,,,,,,,,,,,,,,,,,,,,,,,,,,,,,,,,,,,,,,,,,,,,,
EX4M,APO,pH7_0,ledock,stage1,ledock_stage1,decoys_final_00044.sdf,False,missing_receptor,False,False,False,False,False,False,False,,,,,,,,,,,,,,,,,,,,,,,,,,,,,,,,,,,,,,,,,,,,,,,,,,,,,,,,,,,,,,,,,,,,,,,,,,,,,,,,,,,,,,,,,,,,,,,,,,,,,,,,,,,,
EX4M,APO,pH7_0,ledock,stage1,ledock_stage1,decoys_final_00045.sdf,False,missing_receptor,False,False,False,False,False,False,False,,,,,,,,,,,,,,,,,,,,,,,,,,,,,,,,,,,,,,,,,,,,,,,,,,,,,,,,,,,,,,,,,,,,,,,,,,,,,,,,,,,,,,,,,,,,,,,,,,,,,,,,,,,,
EX4M,APO,pH7_0,ledock,stage1,ledock_stage1,decoys_final_00046.sdf,False,missing_receptor,False,False,False,False,False,False,False,,,,,,,,,,,,,,,,,,,,,,,,,,,,,,,,,,,,,,,,,,,,,,,,,,,,,,,,,,,,,,,,,,,,,,,,,,,,,,,,,,,,,,,,,,,,,,,,,,,,,,,,,,,,
EX4M,APO,pH7_0,ledock,stage1,ledock_stage1,decoys_final_00047.sdf,False,missing_receptor,False,False,False,False,False,False,False,,,,,,,,,,,,,,,,,,,,,,,,,,,,,,,,,,,,,,,,,,,,,,,,,,,,,,,,,,,,,,,,,,,,,,,,,,,,,,,,,,,,,,,,,,,,,,,,,,,,,,,,,,,,
EX4M,APO,pH7_0,ledock,stage1,ledock_stage1,decoys_final_00048.sdf,False,missing_receptor,False,False,False,False,False,False,False,,,,,,,,,,,,,,,,,,,,,,,,,,,,,,,,,,,,,,,,,,,,,,,,,,,,,,,,,,,,,,,,,,,,,,,,,,,,,,,,,,,,,,,,,,,,,,,,,,,,,,,,,,,,
EX4M,APO,pH7_0,ledock,stage1,ledock_stage1,decoys_final_00049.sdf,False,missing_receptor,False,False,False,False,False,False,False,,,,,,,,,,,,,,,,,,,,,,,,,,,,,,,,,,,,,,,,,,,,,,,,,,,,,,,,,,,,,,,,,,,,,,,,,,,,,,,,,,,,,,,,,,,,,,,,,,,,,,,,,,,,
EX4M,APO,pH7_0,ledock,stage1,ledock_stage1,decoys_final_00050.sdf,False,missing_receptor,False,False,False,False,False,False,False,,,,,,,,,,,,,,,,,,,,,,,,,,,,,,,,,,,,,,,,,,,,,,,,,,,,,,,,,,,,,,,,,,,,,,,,,,,,,,,,,,,,,,,,,,,,,,,,,,,,,,,,,,,,
EX4M,HOLO,pH7_0,ledock,stage1,ledock_stage1,actives_final_00001.sdf,False,,True,True,True,True,True,True,False,0.8101481563722572,/home/michael/atlas/code/protein_automation/post_docked/full_fast_consenuss/EX4M/HOLO/pH7_0/ledock_stage1/actives_final_00001.sdf,/home/michael/atlas/code/protein_automation/post_docked/full_fast_consenuss/EX4M/HOLO/pH7_0/ledock_stage1/actives_final_00001_dock001.pdb,0.0,True,True,True,True,True,True,True,True,True,True,True,True,True,True,True,True,True,False,True,True,35.0,0.9543700971745588,1.0081450330745136,0.0,0.0,48.0,1.06241201915783,0.0,445.0,0.8339885198317019,0.0,35.0,48.0,445.0,2.0,2.0,0.0008330392801242,0.0,0.0,,0.0,0.0,,18.0,239.89222779782716,53.46854947902192,4.486604370891854,2.5519666925726106,0,32,2133.0,N,O,1.6,1.55,3.1500000000000004,2.5519666925726106,3.1500000000000004,,False,0.0,,,,,,,,,,,,,False,0.0,,,,,,,,,,,,,False,0.0,,,,,,,,,,,,0.0305919745729042,,,
EX4M,HOLO,pH7_0,ledock,stage1,ledock_stage1,actives_final_00002.sdf,False,,True,True,True,True,True,True,False,0.8380503720156097,/home/michael/atlas/code/protein_automation/post_docked/full_fast_consenuss/EX4M/HOLO/pH7_0/ledock_stage1/actives_final_00002.sdf,/home/michael/atlas/code/protein_automation/post_docked/full_fast_consenuss/EX4M/HOLO/pH7_0/ledock_stage1/actives_final_00002_dock001.pdb,0.0,True,True,True,True,True,True,True,True,True,True,True,True,True,True,True,True,True,False,True,True,34.0,0.9539783282970732,1.0456932454609322,0.0,0.0,47.0,1.0627722096783765,0.0,415.0,0.9898153891221008,0.0,34.0,47.0,415.0,2.0,2.0,0.0022651524212136,0.0,0.0,,0.0,0.0,,18.0,222.39051603281987,77.85107713533705,2.8566145031778314,2.629036325348132,0,21,1643.0,C,O,1.7,1.55,3.25,2.7236637090507316,3.25,,False,0.0,,,,,,,,,,,,,False,0.0,,,,,,,,,,,,,False,0.0,,,,,,,,,,,,0.0168502056521162,,,
EX4M,HOLO,pH7_0,ledock,stage1,ledock_stage1,actives_final_00003.sdf,False,,True,True,True,True,True,True,False,0.8023614680566489,/home/michael/atlas/code/protein_automation/post_docked/full_fast_consenuss/EX4M/HOLO/pH7_0/ledock_stage1/actives_final_00003.sdf,/home/michael/atlas/code/protein_automation/post_docked/full_fast_consenuss/EX4M/HOLO/pH7_0/ledock_stage1/actives_final_00003_dock001.pdb,0.0,True,True,True,True,True,True,True,True,True,True,True,True,True,True,True,True,True,False,True,True,35.0,0.9537449246960558,1.0460286353062431,0.0,0.0,48.0,1.0628220542944922,0.0,445.0,0.9897069161627252,0.0,35.0,48.0,445.0,2.0,2.0,0.0022269322442707,0.0,0.0,,0.0,0.0,,20.0,193.65340383171025,80.11424020297865,2.4172157576613977,2.527438624378444,0,28,2133.0,N,O,1.6,1.55,3.1500000000000004,2.527438624378444,3.1500000000000004,,False,0.0,,,,,,,,,,,,,False,0.0,,,,,,,,,,,,,False,0.0,,,,,,,,,,,,0.0118320610687022,,,
EX4M,HOLO,pH7_0,ledock,stage1,ledock_stage1,actives_final_00004.sdf,False,,True,True,True,True,True,True,False,0.8812325022966736,/home/michael/atlas/code/protein_automation/post_docked/full_fast_consenuss/EX4M/HOLO/pH7_0/ledock_stage1/actives_final_00004.sdf,/home/michael/atlas/code/protein_automation/post_docked/full_fast_consenuss/EX4M/HOLO/pH7_0/ledock_stage1/actives_final_00004_dock001.pdb,0.0,True,True,True,True,True,True,True,True,True,True,True,True,True,True,True,True,True,False,True,True,35.0,0.9540398237939636,1.0078150882582602,0.0,0.0,48.0,1.0630242992092227,0.0,445.0,0.9903019621547612,0.0,35.0,48.0,445.0,2.0,2.0,0.0022077412197289,0.0,0.0,,0.0,0.0,,22.0,154.54290820245285,54.38967967051629,2.841401330889395,2.775882382234522,0,30,2186.0,O,N,1.55,1.6,3.1500000000000004,2.775882382234522,3.1500000000000004,,False,0.0,,,,,,,,,,,,,False,0.0,,,,,,,,,,,,,False,0.0,,,,,,,,,,,,0.0101628664495114,,,
EX4M,HOLO,pH7_0,ledock,stage1,ledock_stage1,actives_final_00005.sdf,False,,True,True,True,True,True,True,False,0.7931352189546923,/home/michael/atlas/code/protein_automation/post_docked/full_fast_consenuss/EX4M/HOLO/pH7_0/ledock_stage1/actives_final_00005.sdf,/home/michael/atlas/code/protein_automation/post_docked/full_fast_consenuss/EX4M/HOLO/pH7_0/ledock_stage1/actives_final_00005_dock001.pdb,0.0,True,True,True,True,True,True,True,True,True,True,True,True,True,True,True,True,True,False,True,True,35.0,0.9533055609491512,1.015529060388055,0.0,0.0,48.0,1.0624489149766625,0.0,445.0,0.9912373026838066,0.0,35.0,48.0,445.0,2.0,2.0,0.0014426745649083,0.0,0.0,,0.0,0.0,,22.0,183.9972703519521,54.38967967051629,3.3829445487926613,2.458719178759546,0,12,1349.0,O,O,1.55,1.55,3.1,2.458719178759546,3.1,,False,0.0,,,,,,,,,,,,,False,0.0,,,,,,,,,,,,,False,0.0,,,,,,,,,,,,0.0163678877630553,,,
EX4M,HOLO,pH7_0,ledock,stage1,ledock_stage1,decoys_final_00001.sdf,False,,True,True,True,True,True,True,False,0.8048782984612247,/home/michael/atlas/code/protein_automation/post_docked/full_fast_consenuss/EX4M/HOLO/pH7_0/ledock_stage1/decoys_final_00001.sdf,/home/michael/atlas/code/protein_automation/post_docked/full_fast_consenuss/EX4M/HOLO/pH7_0/ledock_stage1/decoys_final_00001_dock001.pdb,0.0,True,True,True,True,True,True,True,True,True,True,True,True,True,True,True,True,True,False,True,True,26.0,0.968115007335659,1.0188118925419267,0.0,0.0,39.0,1.0354399800457978,0.0,235.0,1.0092719293211003,0.0,26.0,39.0,235.0,0.0,0.0,,10.0,10.0,0.2556001328210319,0.0,0.0,,12.0,191.18720245546012,66.0971538832044,2.892517925859463,2.535366640152858,0,8,2084.0,O,N,1.55,1.6,3.1500000000000004,2.535366640152858,3.1500000000000004,,False,0.0,,,,,,,,,,,,,False,0.0,,,,,,,,,,,,,False,0.0,,,,,,,,,,,,0.0311236152628802,,,
EX4M,HOLO,pH7_0,ledock,stage1,ledock_stage1,decoys_final_00002.sdf,True,,True,True,True,True,True,True,True,0.5844425112082354,/home/michael/atlas/code/protein_automation/post_docked/full_fast_consenuss/EX4M/HOLO/pH7_0/ledock_stage1/decoys_final_00002.sdf,/home/michael/atlas/code/protein_automation/post_docked/full_fast_consenuss/EX4M/HOLO/pH7_0/ledock_stage1/decoys_final_00002_dock001.pdb,0.0,True,True,True,True,True,True,True,True,True,False,True,True,True,False,True,True,True,False,True,True,25.0,0.9576117106290568,1.0314918788070346,0.0,0.0,38.0,1.0727941115101214,0.0,190.0,0.9783018479606408,0.0,25.0,38.0,190.0,1.0,1.0,0.000208432762102,0.0,0.0,,0.0,0.0,,10.0,217.9538124491563,78.13527589058133,2.789441900152414,1.81177178474553,4,20,2188.0,O,O,1.55,1.55,3.1,1.81177178474553,3.1,,False,0.0,,,,,,,,,,,,,False,0.0,,,,,,,,,,,,,False,0.0,,,,,,,,,,,,0.0756286632633768,,,
EX4M,HOLO,pH7_0,ledock,stage1,ledock_stage1,decoys_final_00003.sdf,False,,True,True,True,True,True,True,False,0.8183037104028403,/home/michael/atlas/code/protein_automation/post_docked/full_fast_consenuss/EX4M/HOLO/pH7_0/ledock_stage1/decoys_final_00003.sdf,/home/michael/atlas/code/protein_automation/post_docked/full_fast_consenuss/EX4M/HOLO/pH7_0/ledock_stage1/decoys_final_00003_dock001.pdb,0.0,True,True,True,True,True,True,True,True,True,True,True,True,True,True,True,True,True,False,True,True,25.0,0.8783700179050172,1.045863359898526,0.0,0.0,38.0,1.0497822139604067,0.0,190.0,0.9833635230908024,0.0,25.0,38.0,190.0,1.0,1.0,0.0021182259779604,0.0,0.0,,0.0,0.0,,13.0,158.5209210101475,67.40921558643936,2.351620911637444,2.5776566877689477,0,13,1368.0,O,N,1.55,1.6,3.1500000000000004,2.5776566877689473,3.1500000000000004,,False,0.0,,,,,,,,,,,,,False,0.0,,,,,,,,,,,,,False,0.0,,,,,,,,,,,,0.0231352952063668,,,
EX4M,HOLO,pH7_0,ledock,stage1,ledock_stage1,decoys_final_00004.sdf,True,,True,True,True,True,True,True,True,0.45089735940686376,/home/michael/atlas/code/protein_automation/post_docked/full_fast_consenuss/EX4M/HOLO/pH7_0/ledock_stage1/decoys_final_00004.sdf,/home/michael/atlas/code/protein_automation/post_docked/full_fast_consenuss/EX4M/HOLO/pH7_0/ledock_stage1/decoys_final_00004_dock001.pdb,0.0,True,True,True,True,True,True,True,True,True,False,True,True,True,True,True,True,True,False,True,True,36.0,0.8397196962010869,1.0200960753727364,0.0,0.0,56.0,1.1385524578537964,0.0,436.0,0.9572214035407092,0.0,36.0,56.0,436.0,4.0,4.0,0.0027413388082607,0.0,0.0,,0.0,0.0,,15.0,325.0764321260825,49.86830123132483,6.518698734455494,1.3977818141612777,4,34,2133.0,O,O,1.55,1.55,3.1,1.3977818141612777,3.1,,False,0.0,,,,,,,,,,,,,False,0.0,,,,,,,,,,,,,False,0.0,,,,,,,,,,,,0.0651859639900118,,,
EX4M,HOLO,pH7_0,ledock,stage1,ledock_stage1,decoys_final_00005.sdf,False,,True,True,True,True,True,True,False,0.8017908101331405,/home/michael/atlas/code/protein_automation/post_docked/full_fast_consenuss/EX4M/HOLO/pH7_0/ledock_stage1/decoys_final_00005.sdf,/home/michael/atlas/code/protein_automation/post_docked/full_fast_consenuss/EX4M/HOLO/pH7_0/ledock_stage1/decoys_final_00005_dock001.pdb,0.0,True,True,True,True,True,True,True,True,True,True,True,True,True,True,True,True,True,False,True,True,31.0,0.8399348740008846,1.0525786347221424,0.0,0.0,48.0,1.1384305269081851,0.0,327.0,0.9370293381654924,0.0,31.0,48.0,327.0,3.0,3.0,0.0025120115608491,0.0,0.0,,0.0,0.0,,13.0,315.375703090273,43.78560576966704,7.20272558861691,2.539312899191432,0,14,1813.0,N,C,1.6,1.7,3.3,2.6459096734393635,3.3,,False,0.0,,,,,,,,,,,,,False,0.0,,,,,,,,,,,,,False,0.0,,,,,,,,,,,,0.0184277009956902,,,
EX4M,HOLO,pH7_0,ledock,stage1,ledock_stage1,decoys_final_00006.sdf,True,,True,True,True,True,True,True,True,0.43916571188032205,/home/michael/atlas/code/protein_automation/post_docked/full_fast_consenuss/EX4M/HOLO/pH7_0/ledock_stage1/decoys_final_00006.sdf,/home/michael/atlas/code/protein_automation/post_docked/full_fast_consenuss/EX4M/HOLO/pH7_0/ledock_stage1/decoys_final_00006_dock001.pdb,0.0,True,True,True,True,True,True,True,True,True,False,True,True,True,True,True,True,True,False,True,True,29.0,0.8400158115347954,1.0345970695259743,0.0,0.0,43.0,1.1382427127424573,0.0,279.0,0.9307300685403196,0.0,29.0,43.0,279.0,3.0,3.0,0.0037145703151042,0.0,0.0,,0.0,0.0,,11.0,218.1377829034372,41.68739653185384,5.232703432001457,1.493163420393095,4,20,1317.0,C,C,1.7,1.7,3.4,1.493163420393095,3.4,,False,0.0,,,,,,,,,,,,,False,0.0,,,,,,,,,,,,,False,0.0,,,,,,,,,,,,0.0618423182774809,,,
EX4M,HOLO,pH7_0,ledock,stage1,ledock_stage1,decoys_final_00007.sdf,True,,True,True,True,True,True,True,True,0.6927811030944289,/home/michael/atlas/code/protein_automation/post_docked/full_fast_consenuss/EX4M/HOLO/pH7_0/ledock_stage1/decoys_final_00007.sdf,/home/michael/atlas/code/protein_automation/post_docked/full_fast_consenuss/EX4M/HOLO/pH7_0/ledock_stage1/decoys_final_00007_dock001.pdb,0.0,True,True,True,True,True,True,True,True,True,False,True,True,True,True,True,True,True,False,True,True,25.0,0.9578790839367284,1.029389230155139,0.0,0.0,38.0,1.0726431402448109,0.0,190.0,1.00100743750122,0.0,25.0,38.0,190.0,1.0,1.0,0.0024157972265412,0.0,0.0,,0.0,0.0,,10.0,182.02455602836437,77.33435757545847,2.353734636649113,2.2515385850568936,1,19,1346.0,O,C,1.55,1.7,3.25,2.2515385850568936,3.25,,False,0.0,,,,,,,,,,,,,False,0.0,,,,,,,,,,,,,False,0.0,,,,,,,,,,,,0.0312676586927858,,,
EX4M,HOLO,pH7_0,ledock,stage1,ledock_stage1,decoys_final_00008.sdf,True,,True,True,True,True,True,True,True,0.6308905333049267,/home/michael/atlas/code/protein_automation/post_docked/full_fast_consenuss/EX4M/HOLO/pH7_0/ledock_stage1/decoys_final_00008.sdf,/home/michael/atlas/code/protein_automation/post_docked/full_fast_consenuss/EX4M/HOLO/pH7_0/ledock_stage1/decoys_final_00008_dock001.pdb,0.0,True,True,True,True,True,True,True,True,True,False,True,True,True,True,True,True,True,False,True,True,25.0,0.9576468226463564,1.0283345665804124,0.0,0.0,38.0,1.0727204426147028,0.0,190.0,1.000924190926871,0.0,25.0,38.0,190.0,1.0,1.0,0.0020625305188738,0.0,0.0,,0.0,0.0,,10.0,192.89131826778743,75.35279774643708,2.559842819862756,2.081938759906258,2,5,1409.0,C,N,1.7,1.6,3.3,2.081938759906258,3.3,,False,0.0,,,,,,,,,,,,,False,0.0,,,,,,,,,,,,,False,0.0,,,,,,,,,,,,0.0420026251640727,,,
EX4M,HOLO,pH7_0,ledock,stage1,ledock_stage1,decoys_final_00009.sdf,False,,True,True,True,True,True,True,False,0.8962882038600628,/home/michael/atlas/code/protein_automation/post_docked/full_fast_consenuss/EX4M/HOLO/pH7_0/ledock_stage1/decoys_final_00009.sdf,/home/michael/atlas/code/protein_automation/post_docked/full_fast_consenuss/EX4M/HOLO/pH7_0/ledock_stage1/decoys_final_00009_dock001.pdb,0.0,True,True,True,True,True,True,True,True,True,True,True,True,True,True,True,True,True,False,True,True,25.0,0.957734597057828,1.0278854453520403,0.0,0.0,38.0,1.0729895225862829,0.0,190.0,0.9438782349694164,0.0,25.0,38.0,190.0,1.0,1.0,0.0022279569882937,0.0,0.0,,0.0,0.0,,10.0,284.7079356335543,85.23831115237945,3.340140504714899,2.852667874113637,0,1,1643.0,C,O,1.7,1.55,3.25,2.9129366625452042,3.25,,False,0.0,,,,,,,,,,,,,False,0.0,,,,,,,,,,,,,False,0.0,,,,,,,,,,,,0.0173003802281368,,,
EX4M,HOLO,pH7_0,ledock,stage1,ledock_stage1,decoys_final_00010.sdf,True,,True,True,True,True,True,True,True,0.7385150469054228,/home/michael/atlas/code/protein_automation/post_docked/full_fast_consenuss/EX4M/HOLO/pH7_0/ledock_stage1/decoys_final_00010.sdf,/home/michael/atlas/code/protein_automation/post_docked/full_fast_consenuss/EX4M/HOLO/pH7_0/ledock_stage1/decoys_final_00010_dock001.pdb,0.0,True,True,True,True,True,True,True,True,True,False,True,True,True,True,True,True,True,False,True,True,25.0,0.9573912146933446,1.0284268342316858,0.0,0.0,38.0,1.0727230631469489,0.0,190.0,1.001317612955588,0.0,25.0,38.0,190.0,1.0,1.0,0.002039120958962,0.0,0.0,,0.0,0.0,,10.0,190.76946277285975,85.3799521954631,2.234358978512017,2.28939664540681,1,17,1333.0,O,O,1.55,1.55,3.1,2.2893966454068106,3.1,,False,0.0,,,,,,,,,,,,,False,0.0,,,,,,,,,,,,,False,0.0,,,,,,,,,,,,0.0307865590388586,,,
EX4M,HOLO,pH7_0,ledock,stage1,ledock_stage1,decoys_final_00011.sdf,False,,True,True,True,True,True,True,False,0.7703896241580485,/home/michael/atlas/code/protein_automation/post_docked/full_fast_consenuss/EX4M/HOLO/pH7_0/ledock_stage1/decoys_final_00011.sdf,/home/michael/atlas/code/protein_automation/post_docked/full_fast_consenuss/EX4M/HOLO/pH7_0/ledock_stage1/decoys_final_00011_dock001.pdb,0.0,True,True,True,True,True,True,True,True,True,True,True,True,True,True,True,True,True,False,True,True,24.0,0.9579572308004454,1.0284019178476658,0.0,0.0,36.0,1.0725435010273672,0.0,171.0,1.0010315174159148,0.0,24.0,36.0,171.0,1.0,1.0,0.0014850979536658,0.0,0.0,,0.0,0.0,,11.0,192.0044623341645,73.42935790973043,2.6148187564189658,2.556445579315152,0,5,2167.0,C,C,1.7,1.7,3.4,2.619324722137365,3.4,,False,0.0,,,,,,,,,,,,,False,0.0,,,,,,,,,,,,,False,0.0,,,,,,,,,,,,0.032421875,,,
EX4M,HOLO,pH7_0,ledock,stage1,ledock_stage1,decoys_final_00012.sdf,False,,True,True,True,True,True,True,False,0.8371501008559712,/home/michael/atlas/code/protein_automation/post_docked/full_fast_consenuss/EX4M/HOLO/pH7_0/ledock_stage1/decoys_final_00012.sdf,/home/michael/atlas/code/protein_automation/post_docked/full_fast_consenuss/EX4M/HOLO/pH7_0/ledock_stage1/decoys_final_00012_dock001.pdb,0.0,True,True,True,True,True,True,True,True,True,True,True,True,True,True,True,True,True,False,True,True,25.0,0.9583419603468551,1.0511706128445124,0.0,0.0,38.0,1.0419376223063064,0.0,190.0,0.9432159014172689,0.0,25.0,38.0,190.0,1.0,1.0,0.0022435465450731,0.0,0.0,,0.0,0.0,,11.0,154.96308300340618,71.9661243526411,2.1532781485365504,2.595165312653511,0,17,1643.0,O,O,1.55,1.55,3.1,2.595165312653511,3.1,,False,0.0,,,,,,,,,,,,,False,0.0,,,,,,,,,,,,,False,0.0,,,,,,,,,,,,0.0125093353248693,,,
EX4M,HOLO,pH7_0,ledock,stage1,ledock_stage1,decoys_final_00013.sdf,False,,True,True,True,True,True,True,False,0.7889429983766253,/home/michael/atlas/code/protein_automation/post_docked/full_fast_consenuss/EX4M/HOLO/pH7_0/ledock_stage1/decoys_final_00013.sdf,/home/michael/atlas/code/protein_automation/post_docked/full_fast_consenuss/EX4M/HOLO/pH7_0/ledock_stage1/decoys_final_00013_dock001.pdb,0.0,True,True,True,True,True,True,True,True,True,True,True,True,True,True,True,True,True,False,True,True,24.0,0.95758583779248,1.0234639600332518,0.0,0.0,36.0,1.0727799159613856,0.0,171.0,1.000914088096335,0.0,24.0,36.0,171.0,1.0,1.0,0.002354838971632,0.0,0.0,,0.0,0.0,,11.0,167.10027402779752,72.76978414591012,2.2962865149186933,2.5157714522587256,0,14,1409.0,N,N,1.6,1.6,3.2,2.524617594805201,3.2,,False,0.0,,,,,,,,,,,,,False,0.0,,,,,,,,,,,,,False,0.0,,,,,,,,,,,,0.0376365054602184,,,
EX4M,HOLO,pH7_0,ledock,stage1,ledock_stage1,decoys_final_00014.sdf,False,,True,True,True,True,True,True,False,0.7707931371994676,/home/michael/atlas/code/protein_automation/post_docked/full_fast_consenuss/EX4M/HOLO/pH7_0/ledock_stage1/decoys_final_00014.sdf,/home/michael/atlas/code/protein_automation/post_docked/full_fast_consenuss/EX4M/HOLO/pH7_0/ledock_stage1/decoys_final_00014_dock001.pdb,0.0,True,True,True,True,True,True,True,True,True,True,True,True,True,True,True,True,True,False,True,True,23.0,0.9579115997183072,1.028313102062849,0.0,0.0,35.0,1.0728044489182669,0.0,173.0,1.0023983533113867,0.0,23.0,35.0,173.0,1.0,1.0,0.0021345625277018,0.0,0.0,,0.0,0.0,,9.0,116.33750102463443,33.90204559979885,3.431577622128049,2.3894587253183497,0,4,1333.0,O,O,1.55,1.55,3.1,2.3894587253183497,3.1,,False,0.0,,,,,,,,,,,,,False,0.0,,,,,,,,,,,,,False,0.0,,,,,,,,,,,,0.0228032239040691,,,
EX4M,HOLO,pH7_0,ledock,stage1,ledock_stage1,decoys_final_00015.sdf,True,,True,True,True,True,True,True,True,0.7334293284847948,/home/michael/atlas/code/protein_automation/post_docked/full_fast_consenuss/EX4M/HOLO/pH7_0/ledock_stage1/decoys_final_00015.sdf,/home/michael/atlas/code/protein_automation/post_docked/full_fast_consenuss/EX4M/HOLO/pH7_0/ledock_stage1/decoys_final_00015_dock001.pdb,0.0,True,True,True,True,True,True,True,True,True,False,True,True,True,True,True,True,True,False,True,True,25.0,0.958061416703231,1.0293870119835484,0.0,0.0,38.0,1.0725475766363566,0.0,190.0,1.0142762244194696,0.0,25.0,38.0,190.0,1.0,1.0,0.0022847470653972,0.0,0.0,,0.0,0.0,,10.0,265.63254328805886,76.73835833964182,3.46153539162744,2.383645317575583,1,24,1666.0,O,C,1.55,1.7,3.25,2.383645317575583,3.25,,False,0.0,,,,,,,,,,,,,False,0.0,,,,,,,,,,,,,False,0.0,,,,,,,,,,,,0.0380465644520159,,,
EX4M,HOLO,pH7_0,ledock,stage1,ledock_stage1,decoys_final_00016.sdf,False,,True,True,True,True,True,True,False,0.8030316078240787,/home/michael/atlas/code/protein_automation/post_docked/full_fast_consenuss/EX4M/HOLO/pH7_0/ledock_stage1/decoys_final_00016.sdf,/home/michael/atlas/code/protein_automation/post_docked/full_fast_consenuss/EX4M/HOLO/pH7_0/ledock_stage1/decoys_final_00016_dock001.pdb,0.0,True,True,True,True,True,True,True,True,True,True,True,True,True,True,True,True,True,False,True,True,29.0,0.9547869139982004,1.056355003452425,0.0,0.0,41.0,1.0543124905968686,0.0,281.0,0.9696107761530136,0.0,29.0,41.0,281.0,3.0,3.0,0.0023454461227813,0.0,0.0,,0.0,0.0,,9.0,118.48786103847956,63.59883146739028,1.863050913116747,2.505543853138468,0,17,1643.0,N,O,1.6,1.55,3.1500000000000004,2.529549564645848,3.1500000000000004,,False,0.0,,,,,,,,,,,,,False,0.0,,,,,,,,,,,,,False,0.0,,,,,,,,,,,,0.0247647350173353,,,
EX4M,HOLO,pH7_0,ledock,stage1,ledock_stage1,decoys_final_00017.sdf,True,,True,True,True,True,True,True,True,0.6418597977751838,/home/michael/atlas/code/protein_automation/post_docked/full_fast_consenuss/EX4M/HOLO/pH7_0/ledock_stage1/decoys_final_00017.sdf,/home/michael/atlas/code/protein_automation/post_docked/full_fast_consenuss/EX4M/HOLO/pH7_0/ledock_stage1/decoys_final_00017_dock001.pdb,0.0,True,True,True,True,True,False,True,True,True,False,True,True,True,True,True,True,True,False,True,True,24.0,0.948735585172694,1.038215635885417,0.0,0.0,35.0,1.038469565121144,0.0,194.0,0.96400231407796,0.0,24.0,35.0,194.0,1.0,1.0,0.0031634894874934,1.0,0.0,0.001935193025015,0.0,0.0,,10.0,105.628336063646,38.95952858952992,2.711232396483176,2.086044342769348,1,20,1387.0,O,C,1.55,1.7,3.25,2.0860443427693474,3.25,,False,0.0,,,,,,,,,,,,,False,0.0,,,,,,,,,,,,,False,0.0,,,,,,,,,,,,0.0332775608849228,,,
EX4M,HOLO,pH7_0,ledock,stage1,ledock_stage1,decoys_final_00018.sdf,True,,True,True,True,True,True,True,True,0.6900367965062433,/home/michael/atlas/code/protein_automation/post_docked/full_fast_consenuss/EX4M/HOLO/pH7_0/ledock_stage1/decoys_final_00018.sdf,/home/michael/atlas/code/protein_automation/post_docked/full_fast_consenuss/EX4M/HOLO/pH7_0/ledock_stage1/decoys_final_00018_dock001.pdb,0.0,True,True,True,True,True,True,True,True,True,False,True,True,True,True,True,True,True,False,True,True,29.0,0.9265808653794856,1.0671048383980268,0.0,0.0,41.0,1.0487598069944757,0.0,281.0,0.987128903944472,0.0,29.0,41.0,281.0,2.0,2.0,0.0029287794915886,0.0,0.0,,0.0,0.0,,11.0,184.8102701831158,89.78097373786288,2.058456959073687,2.2771214284706027,1,25,1318.0,C,N,1.7,1.6,3.3,2.2771214284706027,3.3,,False,0.0,,,,,,,,,,,,,False,0.0,,,,,,,,,,,,,False,0.0,,,,,,,,,,,,0.0296965784377017,,,
EX4M,HOLO,pH7_0,ledock,stage1,ledock_stage1,decoys_final_00019.sdf,False,,True,False,False,,,,0,False,/home/michael/atlas/code/protein_automation/post_docked/full_fast_consenuss/EX4M/HOLO/pH7_0/ledock_stage1/decoys_final_00019.sdf,/home/michael/atlas/code/protein_automation/post_docked/full_fast_consenuss/EX4M/HOLO/pH7_0/ledock_stage1/decoys_final_00019_dock001.pdb,0.0,True,False,True,True,,,,,True,False,True,True,True,True,True,True,True,False,True,True,,,,,,,,,,,,,,,,,,,,,,,,,1.5898735798798551,4.0,19.0,2084.0,C,N,1.7,1.6,3.3,1.5898735798798551,3.3,0.4817798726908652,True,,,,,,,,,,,,,,False,0.0,,,,,,,,,,,,,False,0.0,,,,,,,,,,,,0.0561144294247092,,,,,,
EX4M,HOLO,pH7_0,ledock,stage1,ledock_stage1,decoys_final_00020.sdf,False,,True,False,False,,,,0,False,/home/michael/atlas/code/protein_automation/post_docked/full_fast_consenuss/EX4M/HOLO/pH7_0/ledock_stage1/decoys_final_00020.sdf,/home/michael/atlas/code/protein_automation/post_docked/full_fast_consenuss/EX4M/HOLO/pH7_0/ledock_stage1/decoys_final_00020_dock001.pdb,0.0,True,False,True,True,,,,,True,False,True,True,True,True,True,True,True,False,True,True,,,,,,,,,,,,,,,,,,,,,,,,,2.061509641015527,7.0,19.0,1812.0,C,C,1.7,1.7,3.4,2.132990623514316,3.4,0.6273501833865636,True,,,,,,,,,,,,,,False,0.0,,,,,,,,,,,,,False,0.0,,,,,,,,,,,,0.0569283703472005,,,,,,
EX4M,HOLO,pH7_0,ledock,stage1,ledock_stage1,decoys_final_00021.sdf,False,,True,True,True,True,True,True,False,0.7785921878047306,/home/michael/atlas/code/protein_automation/post_docked/full_fast_consenuss/EX4M/HOLO/pH7_0/ledock_stage1/decoys_final_00021.sdf,/home/michael/atlas/code/protein_automation/post_docked/full_fast_consenuss/EX4M/HOLO/pH7_0/ledock_stage1/decoys_final_00021_dock001.pdb,0.0,True,True,True,True,True,True,True,True,True,True,True,True,True,True,True,True,True,False,True,True,25.0,0.9059663068044046,1.0355351872296503,0.0,0.0,38.0,1.0599116137859066,0.0,190.0,0.977078139785594,0.0,25.0,38.0,190.0,0.0,0.0,,0.0,0.0,,0.0,0.0,,12.0,325.8545493468247,58.55264050943113,5.5651554995942325,2.4525653915849017,0,14,2145.0,N,O,1.6,1.55,3.1500000000000004,2.4525653915849017,3.1500000000000004,,False,0.0,,,,,,,,,,,,,False,0.0,,,,,,,,,,,,,False,0.0,,,,,,,,,,,,0.0331000567429544,,,
EX4M,HOLO,pH7_0,ledock,stage1,ledock_stage1,decoys_final_00022.sdf,False,,True,True,True,True,True,True,False,0.8210143729893402,/home/michael/atlas/code/protein_automation/post_docked/full_fast_consenuss/EX4M/HOLO/pH7_0/ledock_stage1/decoys_final_00022.sdf,/home/michael/atlas/code/protein_automation/post_docked/full_fast_consenuss/EX4M/HOLO/pH7_0/ledock_stage1/decoys_final_00022_dock001.pdb,0.0,True,True,True,True,True,True,True,True,True,True,True,True,True,True,True,True,True,False,True,True,25.0,0.9574544299523304,1.0288347850024908,0.0,0.0,38.0,1.0602810289253708,0.0,190.0,1.001094474846089,0.0,25.0,38.0,190.0,1.0,1.0,0.000210979031601,0.0,0.0,,0.0,0.0,,10.0,157.36075542490596,75.46337504415402,2.0852599732364654,2.586195274916422,0,6,2133.0,N,O,1.6,1.55,3.1500000000000004,2.586195274916422,3.1500000000000004,,False,0.0,,,,,,,,,,,,,False,0.0,,,,,,,,,,,,,False,0.0,,,,,,,,,,,,0.0264292408622305,,,
EX4M,HOLO,pH7_0,ledock,stage1,ledock_stage1,decoys_final_00023.sdf,True,,True,True,True,True,True,True,True,0.5385787030698047,/home/michael/atlas/code/protein_automation/post_docked/full_fast_consenuss/EX4M/HOLO/pH7_0/ledock_stage1/decoys_final_00023.sdf,/home/michael/atlas/code/protein_automation/post_docked/full_fast_consenuss/EX4M/HOLO/pH7_0/ledock_stage1/decoys_final_00023_dock001.pdb,0.0,True,True,True,True,True,True,True,True,True,False,True,True,True,True,True,True,True,False,True,True,22.0,0.9516531882301652,1.0502269728534532,0.0,0.0,34.0,1.0586705854070786,0.0,154.0,0.9861531247994156,0.0,22.0,34.0,154.0,1.0,1.0,0.0022555527305732,1.0,1.0,0.226855040397575,0.0,0.0,,10.0,188.48306295697705,67.92354650665507,2.7749296473868554,1.696522914669885,1,21,1653.0,N,O,1.6,1.55,3.1500000000000004,1.696522914669885,3.1500000000000004,,False,0.0,,,,,,,,,,,,,False,0.0,,,,,,,,,,,,,False,0.0,,,,,,,,,,,,0.0430364614465032,,,
EX4M,HOLO,pH7_0,ledock,stage1,ledock_stage1,decoys_final_00024.sdf,True,,True,True,True,True,True,True,False,0.9300405030309735,/home/michael/atlas/code/protein_automation/post_docked/full_fast_consenuss/EX4M/HOLO/pH7_0/ledock_stage1/decoys_final_00024.sdf,/home/michael/atlas/code/protein_automation/post_docked/full_fast_consenuss/EX4M/HOLO/pH7_0/ledock_stage1/decoys_final_00024_dock001.pdb,0.0,True,True,True,True,True,True,True,True,True,True,True,True,True,True,True,True,True,False,True,True,25.0,0.8593865216303375,1.0076003325504532,0.0,0.0,38.0,1.119881397774675,0.0,213.0,0.94972564913997,0.0,25.0,38.0,213.0,2.0,2.0,0.0033360695783606,0.0,0.0,,0.0,0.0,,14.0,277.2555276478287,24.718865109696427,11.216353437645088,3.022631634850664,0,16,1333.0,C,O,1.7,1.55,3.25,3.022631634850664,3.25,,False,0.0,,,,,,,,,,,,,False,0.0,,,,,,,,,,,,,False,0.0,,,,,,,,,,,,0.0081597222222222,,,
EX4M,HOLO,pH7_0,ledock,stage1,ledock_stage1,decoys_final_00025.sdf,True,,True,True,True,True,True,True,True,0.5583494118774948,/home/michael/atlas/code/protein_automation/post_docked/full_fast_consenuss/EX4M/HOLO/pH7_0/ledock_stage1/decoys_final_00025.sdf,/home/michael/atlas/code/protein_automation/post_docked/full_fast_consenuss/EX4M/HOLO/pH7_0/ledock_stage1/decoys_final_00025_dock001.pdb,0.0,True,True,True,True,True,True,True,True,True,False,True,True,True,True,True,True,True,False,True,True,31.0,0.8598191755889297,1.1608360826543964,0.0,0.0,48.0,1.120074685582508,0.0,327.0,0.943367924406068,0.0,31.0,48.0,327.0,3.0,3.0,0.0017771103319426,0.0,0.0,,0.0,0.0,,16.0,306.1689598103006,45.30614093462091,6.757780589878933,1.898388000383482,4,27,1406.0,C,C,1.7,1.7,3.4,1.898388000383482,3.4,,False,0.0,,,,,,,,,,,,,False,0.0,,,,,,,,,,,,,False,0.0,,,,,,,,,,,,0.0457497048406139,,,
EX4M,HOLO,pH7_0,ledock,stage1,ledock_stage1,decoys_final_00026.sdf,False,,True,True,True,True,True,True,False,0.8020726489162819,/home/michael/atlas/code/protein_automation/post_docked/full_fast_consenuss/EX4M/HOLO/pH7_0/ledock_stage1/decoys_final_00026.sdf,/home/michael/atlas/code/protein_automation/post_docked/full_fast_consenuss/EX4M/HOLO/pH7_0/ledock_stage1/decoys_final_00026_dock001.pdb,0.0,True,True,True,True,True,False,True,True,True,True,True,True,True,True,True,True,True,False,True,True,25.0,0.8599401089721113,1.044496932605134,0.0,0.0,37.0,1.1195941953596735,0.0,214.0,0.9526623573945902,0.0,25.0,37.0,214.0,1.0,1.0,0.0004634598642054,2.0,0.0,0.0022092856958081,0.0,0.0,,9.0,221.39707507202715,38.533812915418096,5.745527325779953,2.5265288440862883,0,26,1370.0,N,O,1.6,1.55,3.1500000000000004,2.5265288440862883,3.1500000000000004,,False,0.0,,,,,,,,,,,,,False,0.0,,,,,,,,,,,,,False,0.0,,,,,,,,,,,,0.0215384615384615,,,
EX4M,HOLO,pH7_0,ledock,stage1,ledock_stage1,decoys_final_00027.sdf,True,,True,True,True,True,True,True,True,0.663817541053752,/home/michael/atlas/code/protein_automation/post_docked/full_fast_consenuss/EX4M/HOLO/pH7_0/ledock_stage1/decoys_final_00027.sdf,/home/michael/atlas/code/protein_automation/post_docked/full_fast_consenuss/EX4M/HOLO/pH7_0/ledock_stage1/decoys_final_00027_dock001.pdb,0.0,True,True,True,True,True,True,True,True,True,False,True,True,True,True,True,True,True,False,True,True,27.0,0.8907096387284209,1.072228998413106,0.0,0.0,40.0,1.0825494891011251,0.0,233.0,0.8316033655038156,0.0,27.0,40.0,233.0,2.0,2.0,0.0021822157165155,0.0,0.0,,0.0,0.0,,14.0,321.12512729664235,91.53082815872528,3.50838218943866,2.157407008424694,1,7,1643.0,C,O,1.7,1.55,3.25,2.157407008424694,3.25,,False,0.0,,,,,,,,,,,,,False,0.0,,,,,,,,,,,,,False,0.0,,,,,,,,,,,,0.033892321270962,,,
EX4M,HOLO,pH7_0,ledock,stage1,ledock_stage1,decoys_final_00028.sdf,False,,True,True,True,True,True,True,False,0.8392224070654375,/home/michael/atlas/code/protein_automation/post_docked/full_fast_consenuss/EX4M/HOLO/pH7_0/ledock_stage1/decoys_final_00028.sdf,/home/michael/atlas/code/protein_automation/post_docked/full_fast_consenuss/EX4M/HOLO/pH7_0/ledock_stage1/decoys_final_00028_dock001.pdb,0.0,True,True,True,True,True,True,True,True,True,True,True,True,True,True,True,True,True,False,True,True,28.0,0.9523477772455644,1.0183473605467257,0.0,0.0,41.0,1.0619185326285083,0.0,256.0,0.9716375457268136,0.0,28.0,41.0,256.0,1.0,1.0,0.001876572292565,5.0,5.0,0.2564013445040168,0.0,0.0,,17.0,108.10333544504977,64.93226662199761,1.6648631115000496,2.700242396526652,0,0,1349.0,C,O,1.7,1.55,3.25,2.727472822962672,3.25,,False,0.0,,,,,,,,,,,,,False,0.0,,,,,,,,,,,,,False,0.0,,,,,,,,,,,,0.0189683860232945,,,
EX4M,HOLO,pH7_0,ledock,stage1,ledock_stage1,decoys_final_00029.sdf,True,,True,True,True,True,True,True,True,0.5451762738922038,/home/michael/atlas/code/protein_automation/post_docked/full_fast_consenuss/EX4M/HOLO/pH7_0/ledock_stage1/decoys_final_00029.sdf,/home/michael/atlas/code/protein_automation/post_docked/full_fast_consenuss/EX4M/HOLO/pH7_0/ledock_stage1/decoys_final_00029_dock001.pdb,0.0,True,True,True,True,True,True,True,True,True,False,True,True,True,True,True,True,True,False,True,True,26.0,0.9759037691662766,1.0185386787374595,0.0,0.0,39.0,1.062957300088994,0.0,235.0,0.9618706134003024,0.0,26.0,39.0,235.0,0.0,0.0,,10.0,10.0,0.2563914743613189,0.0,0.0,,12.0,178.34796171994742,66.83541272166397,2.668465031594514,1.6900464490658318,5,24,1370.0,O,O,1.55,1.55,3.1,1.6900464490658318,3.1,,False,0.0,,,,,,,,,,,,,False,0.0,,,,,,,,,,,,,False,0.0,,,,,,,,,,,,0.0640227636492975,,,
EX4M,HOLO,pH7_0,ledock,stage1,ledock_stage1,decoys_final_00030.sdf,True,,True,True,True,True,True,True,True,0.5013967515073708,/home/michael/atlas/code/protein_automation/post_docked/full_fast_consenuss/EX4M/HOLO/pH7_0/ledock_stage1/decoys_final_00030.sdf,/home/michael/atlas/code/protein_automation/post_docked/full_fast_consenuss/EX4M/HOLO/pH7_0/ledock_stage1/decoys_final_00030_dock001.pdb,0.0,True,True,True,True,True,True,True,True,True,False,True,True,True,True,True,True,True,False,True,True,22.0,0.9524404627625996,1.0515750976549885,0.0,0.0,34.0,1.049780735364446,0.0,154.0,0.981440574175008,0.0,22.0,34.0,154.0,2.0,2.0,0.0028462269293261,0.0,0.0,,0.0,0.0,,11.0,183.47247164523284,66.73356501016977,2.7493281921514727,1.704748955125061,3,3,1387.0,C,C,1.7,1.7,3.4,1.704748955125061,3.4,,False,0.0,,,,,,,,,,,,,False,0.0,,,,,,,,,,,,,False,0.0,,,,,,,,,,,,0.0586729671195117,,,
EX4M,HOLO,pH7_0,ledock,stage1,ledock_stage1,decoys_final_00031.sdf,True,,True,True,True,True,True,True,True,0.5430953714721636,/home/michael/atlas/code/protein_automation/post_docked/full_fast_consenuss/EX4M/HOLO/pH7_0/ledock_stage1/decoys_final_00031.sdf,/home/michael/atlas/code/protein_automation/post_docked/full_fast_consenuss/EX4M/HOLO/pH7_0/ledock_stage1/decoys_final_00031_dock001.pdb,0.0,True,True,True,True,True,True,True,True,True,False,True,True,True,True,True,True,True,False,True,True,21.0,0.9519999711397048,1.1600831353128551,0.0,0.0,32.0,1.075940172949848,0.0,137.0,0.9783947430474916,0.0,21.0,32.0,137.0,2.0,2.0,0.0025798222651565,0.0,0.0,,0.0,0.0,,9.0,164.77900976086997,63.90742842392621,2.5784015070645308,1.7107504201373156,1,10,1653.0,N,O,1.6,1.55,3.1500000000000004,1.7107504201373156,3.1500000000000004,,False,0.0,,,,,,,,,,,,,False,0.0,,,,,,,,,,,,,False,0.0,,,,,,,,,,,,0.0335790335790335,,,
EX4M,HOLO,pH7_0,ledock,stage1,ledock_stage1,decoys_final_00032.sdf,True,,True,True,True,True,True,True,True,0.6055141475804746,/home/michael/atlas/code/protein_automation/post_docked/full_fast_consenuss/EX4M/HOLO/pH7_0/ledock_stage1/decoys_final_00032.sdf,/home/michael/atlas/code/protein_automation/post_docked/full_fast_consenuss/EX4M/HOLO/pH7_0/ledock_stage1/decoys_final_00032_dock001.pdb,0.0,True,True,True,True,True,True,True,True,True,False,True,True,True,True,True,True,True,False,True,True,22.0,0.9519726105486822,1.0522845066906492,0.0,0.0,35.0,1.0498470409818468,0.0,153.0,0.9774678963757074,0.0,22.0,35.0,153.0,2.0,2.0,0.0021055973687476,0.0,0.0,,0.0,0.0,,11.0,169.7074515462324,91.8512103533848,1.8476343522671768,1.9981966870155663,1,6,2084.0,C,N,1.7,1.6,3.3,1.9981966870155663,3.3,,False,0.0,,,,,,,,,,,,,False,0.0,,,,,,,,,,,,,False,0.0,,,,,,,,,,,,0.0441003528028224,,,
EX4M,HOLO,pH7_0,ledock,stage1,ledock_stage1,decoys_final_00033.sdf,False,,True,True,True,True,True,True,False,0.8729338024828519,/home/michael/atlas/code/protein_automation/post_docked/full_fast_consenuss/EX4M/HOLO/pH7_0/ledock_stage1/decoys_final_00033.sdf,/home/michael/atlas/code/protein_automation/post_docked/full_fast_consenuss/EX4M/HOLO/pH7_0/ledock_stage1/decoys_final_00033_dock001.pdb,0.0,True,True,True,True,True,True,True,True,True,True,True,True,True,True,True,True,True,False,True,True,20.0,0.951698017621732,1.2065299633588422,0.0,0.0,28.0,1.105160805833353,0.0,123.0,0.8547905124092982,0.0,20.0,28.0,123.0,2.0,2.0,0.0030806203176215,0.0,0.0,,0.0,0.0,,8.0,254.9308996098335,37.80979216423171,6.742457046643056,2.706094787696841,0,8,1333.0,O,O,1.55,1.55,3.1,2.706094787696841,3.1,,False,0.0,,,,,,,,,,,,,False,0.0,,,,,,,,,,,,,False,0.0,,,,,,,,,,,,0.0101841820151679,,,
EX4M,HOLO,pH7_0,ledock,stage1,ledock_stage1,decoys_final_00034.sdf,False,,True,True,True,True,True,True,False,0.8904995957113787,/home/michael/atlas/code/protein_automation/post_docked/full_fast_consenuss/EX4M/HOLO/pH7_0/ledock_stage1/decoys_final_00034.sdf,/home/michael/atlas/code/protein_automation/post_docked/full_fast_consenuss/EX4M/HOLO/pH7_0/ledock_stage1/decoys_final_00034_dock001.pdb,0.0,True,True,True,True,True,True,True,True,True,True,True,True,True,True,True,True,True,False,True,True,20.0,0.9517234986503996,1.2072358934133196,0.0,0.0,28.0,1.105356366818112,0.0,123.0,0.9707236329953493,0.0,20.0,28.0,123.0,2.0,2.0,0.0018432286541628,0.0,0.0,,0.0,0.0,,8.0,112.28078984296704,30.375863044717736,3.6963818831311297,2.8089352075119067,0,21,1653.0,B,O,1.8,1.55,3.35,2.983173645633119,3.35,,False,0.0,,,,,,,,,,,,,False,0.0,,,,,,,,,,,,,False,0.0,,,,,,,,,,,,0.0160729800173761,,,
EX4M,HOLO,pH7_0,ledock,stage1,ledock_stage1,decoys_final_00035.sdf,False,,True,True,True,True,True,True,False,0.8193572688938516,/home/michael/atlas/code/protein_automation/post_docked/full_fast_consenuss/EX4M/HOLO/pH7_0/ledock_stage1/decoys_final_00035.sdf,/home/michael/atlas/code/protein_automation/post_docked/full_fast_consenuss/EX4M/HOLO/pH7_0/ledock_stage1/decoys_final_00035_dock001.pdb,0.0,True,True,True,True,True,True,True,True,True,True,True,True,True,True,True,True,True,False,True,True,22.0,0.9519329834709228,1.020395429435901,0.0,0.0,34.0,1.062525444267122,0.0,154.0,0.9893596686801448,0.0,22.0,34.0,154.0,1.0,1.0,0.0024601221417977,0.0,0.0,,0.0,0.0,,12.0,141.58941033906183,59.42118406012585,2.382810315523052,2.580975397015633,0,21,1333.0,N,O,1.6,1.55,3.1500000000000004,2.580975397015633,3.1500000000000004,,False,0.0,,,,,,,,,,,,,False,0.0,,,,,,,,,,,,,False,0.0,,,,,,,,,,,,0.021659253529298,,,
EX4M,HOLO,pH7_0,ledock,stage1,ledock_stage1,decoys_final_00036.sdf,True,,True,True,True,True,True,True,True,0.6508352757902867,/home/michael/atlas/code/protein_automation/post_docked/full_fast_consenuss/EX4M/HOLO/pH7_0/ledock_stage1/decoys_final_00036.sdf,/home/michael/atlas/code/protein_automation/post_docked/full_fast_consenuss/EX4M/HOLO/pH7_0/ledock_stage1/decoys_final_00036_dock001.pdb,0.0,True,True,True,True,True,True,True,True,True,False,True,True,True,True,True,True,True,False,True,True,25.0,0.9572359314259412,1.0232207509231095,0.0,0.0,38.0,1.0596654415794222,0.0,190.0,1.0009012831994708,0.0,25.0,38.0,190.0,1.0,1.0,0.0003535421980426,0.0,0.0,,0.0,0.0,,10.0,199.20286459332652,75.55904900033887,2.6363866039715926,2.115214646318432,1,3,1643.0,C,O,1.7,1.55,3.25,2.1152146463184316,3.25,,False,0.0,,,,,,,,,,,,,False,0.0,,,,,,,,,,,,,False,0.0,,,,,,,,,,,,0.0318710161229846,,,
EX4M,HOLO,pH7_0,ledock,stage1,ledock_stage1,decoys_final_00037.sdf,True,,True,True,True,True,True,True,True,0.6880311675890597,/home/michael/atlas/code/protein_automation/post_docked/full_fast_consenuss/EX4M/HOLO/pH7_0/ledock_stage1/decoys_final_00037.sdf,/home/michael/atlas/code/protein_automation/post_docked/full_fast_consenuss/EX4M/HOLO/pH7_0/ledock_stage1/decoys_final_00037_dock001.pdb,0.0,True,True,True,True,True,True,True,True,True,False,True,True,True,True,True,True,True,False,True,True,26.0,0.9541762035088976,1.1603663901660193,0.0,0.0,36.0,1.0792472934667623,0.0,214.0,0.982790356829397,0.0,26.0,36.0,214.0,3.0,3.0,0.0020241865836398,0.0,0.0,,0.0,0.0,,12.0,165.36065137424234,100.52787255066382,1.6449234145575322,2.236101294664444,1,10,2133.0,C,O,1.7,1.55,3.25,2.236101294664444,3.25,,False,0.0,,,,,,,,,,,,,False,0.0,,,,,,,,,,,,,False,0.0,,,,,,,,,,,,0.0289100377087448,,,
EX4M,HOLO,pH7_0,ledock,stage1,ledock_stage1,decoys_final_00038.sdf,True,,True,True,True,True,True,True,True,0.5794005478053034,/home/michael/atlas/code/protein_automation/post_docked/full_fast_consenuss/EX4M/HOLO/pH7_0/ledock_stage1/decoys_final_00038.sdf,/home/michael/atlas/code/protein_automation/post_docked/full_fast_consenuss/EX4M/HOLO/pH7_0/ledock_stage1/decoys_final_00038_dock001.pdb,0.0,True,True,True,True,True,True,True,True,True,False,True,True,True,True,True,True,True,False,True,True,22.0,0.9580074778985916,1.029660057633811,0.0,0.0,33.0,1.0533178056249168,0.0,155.0,1.002474090969266,0.0,22.0,33.0,155.0,1.0,1.0,0.0003448548209407,0.0,0.0,,0.0,0.0,,9.0,97.41271830063216,34.94655648424136,2.787476881865571,1.7961416981964409,2,13,2145.0,O,O,1.55,1.55,3.1,1.7961416981964407,3.1,,False,0.0,,,,,,,,,,,,,False,0.0,,,,,,,,,,,,,False,0.0,,,,,,,,,,,,0.040378176088241,,,
EX4M,HOLO,pH7_0,ledock,stage1,ledock_stage1,decoys_final_00039.sdf,False,,True,True,True,True,True,True,False,0.8506789233272075,/home/michael/atlas/code/protein_automation/post_docked/full_fast_consenuss/EX4M/HOLO/pH7_0/ledock_stage1/decoys_final_00039.sdf,/home/michael/atlas/code/protein_automation/post_docked/full_fast_consenuss/EX4M/HOLO/pH7_0/ledock_stage1/decoys_final_00039_dock001.pdb,0.0,True,True,True,True,True,True,True,True,True,True,True,True,True,True,True,True,True,False,True,True,26.0,0.957888875737094,1.0649771939098267,0.0,0.0,40.0,1.0599908132419171,0.0,210.0,1.0151920006223414,0.0,26.0,40.0,210.0,1.0,1.0,0.0003603926760311,0.0,0.0,,0.0,0.0,,10.0,166.9306881594386,77.29627888129477,2.1596212725297805,2.6371046623143437,0,12,2133.0,O,O,1.55,1.55,3.1,2.6371046623143433,3.1,,False,0.0,,,,,,,,,,,,,False,0.0,,,,,,,,,,,,,False,0.0,,,,,,,,,,,,0.0215879985364068,,,
EX4M,HOLO,pH7_0,ledock,stage1,ledock_stage1,decoys_final_00040.sdf,False,,True,True,True,True,True,True,False,0.8222193417857252,/home/michael/atlas/code/protein_automation/post_docked/full_fast_consenuss/EX4M/HOLO/pH7_0/ledock_stage1/decoys_final_00040.sdf,/home/michael/atlas/code/protein_automation/post_docked/full_fast_consenuss/EX4M/HOLO/pH7_0/ledock_stage1/decoys_final_00040_dock001.pdb,0.0,True,True,True,True,True,False,True,True,True,True,True,True,True,True,True,True,True,False,True,True,23.0,0.9364859159377888,1.064889873563552,0.0,0.0,33.0,1.049333604545334,0.0,175.0,0.9716471906220656,0.0,23.0,33.0,175.0,1.0,1.0,0.0018442664367261,1.0,0.0,0.0022382597211525,0.0,0.0,,9.0,140.8384924394691,33.24354450224539,4.236566664242327,2.5899909266250347,0,9,2133.0,N,O,1.6,1.55,3.1500000000000004,2.5899909266250347,3.1500000000000004,,False,0.0,,,,,,,,,,,,,False,0.0,,,,,,,,,,,,,False,0.0,,,,,,,,,,,,0.0215154349859681,,,
EX4M,HOLO,pH7_0,ledock,stage1,ledock_stage1,decoys_final_00041.sdf,False,,True,True,True,True,True,True,False,0.8138127911903899,/home/michael/atlas/code/protein_automation/post_docked/full_fast_consenuss/EX4M/HOLO/pH7_0/ledock_stage1/decoys_final_00041.sdf,/home/michael/atlas/code/protein_automation/post_docked/full_fast_consenuss/EX4M/HOLO/pH7_0/ledock_stage1/decoys_final_00041_dock001.pdb,0.0,True,True,True,True,True,True,True,True,True,True,True,True,True,True,True,True,True,False,True,True,21.0,0.9519704877113374,1.207048101988854,0.0,0.0,31.0,1.103621663596699,0.0,138.0,0.9722507840386554,0.0,21.0,31.0,138.0,2.0,2.0,0.0025765474493883,0.0,0.0,,0.0,0.0,,12.0,205.6126666399646,75.80320201504763,2.7124535794562954,2.5228196526902087,0,2,2188.0,O,O,1.55,1.55,3.1,2.5228196526902087,3.1,,False,0.0,,,,,,,,,,,,,False,0.0,,,,,,,,,,,,,False,0.0,,,,,,,,,,,,0.0233776702942361,,,
EX4M,HOLO,pH7_0,ledock,stage1,ledock_stage1,decoys_final_00042.sdf,False,,True,True,True,True,True,True,False,0.7964877932107483,/home/michael/atlas/code/protein_automation/post_docked/full_fast_consenuss/EX4M/HOLO/pH7_0/ledock_stage1/decoys_final_00042.sdf,/home/michael/atlas/code/protein_automation/post_docked/full_fast_consenuss/EX4M/HOLO/pH7_0/ledock_stage1/decoys_final_00042_dock001.pdb,0.0,True,True,True,True,True,False,True,True,True,True,True,True,True,True,True,True,True,False,True,True,23.0,0.9372338403722064,1.1836166370761083,0.0,0.0,32.0,1.098304478192592,0.0,176.0,0.7367176171940035,0.0,23.0,32.0,176.0,0.0,0.0,,1.0,0.0,0.002541492808561,1.0,1.0,0.0018438389753673,15.0,144.47839921064917,44.84818876735218,3.2214990879592467,2.588585327934932,0,16,1643.0,C,O,1.7,1.55,3.25,2.588585327934932,3.25,,False,0.0,,,,,,,,,,,,,False,0.0,,,,,,,,,,,,,False,0.0,,,,,,,,,,,,0.0283244436270001,,,
EX4M,HOLO,pH7_0,ledock,stage1,ledock_stage1,decoys_final_00043.sdf,False,,True,True,True,True,True,True,False,0.7830374567598072,/home/michael/atlas/code/protein_automation/post_docked/full_fast_consenuss/EX4M/HOLO/pH7_0/ledock_stage1/decoys_final_00043.sdf,/home/michael/atlas/code/protein_automation/post_docked/full_fast_consenuss/EX4M/HOLO/pH7_0/ledock_stage1/decoys_final_00043_dock001.pdb,0.0,True,True,True,True,True,True,True,True,True,True,True,True,True,True,True,True,True,False,True,True,23.0,0.9459844324363756,1.029024646453783,0.0,0.0,35.0,1.0598579084317723,0.0,173.0,0.927578774771224,0.0,23.0,35.0,173.0,1.0,1.0,0.0003717869178777,0.0,0.0,,0.0,0.0,,9.0,945.2937976732006,38.92915297572317,24.28241370323933,2.427416115955402,0,24,1333.0,O,O,1.55,1.55,3.1,2.427416115955402,3.1,,False,0.0,,,,,,,,,,,,,False,0.0,,,,,,,,,,,,,False,0.0,,,,,,,,,,,,0.0222265548839929,,,
EX4M,HOLO,pH7_0,ledock,stage1,ledock_stage1,decoys_final_00044.sdf,False,,True,True,True,True,True,True,False,0.8841614652305524,/home/michael/atlas/code/protein_automation/post_docked/full_fast_consenuss/EX4M/HOLO/pH7_0/ledock_stage1/decoys_final_00044.sdf,/home/michael/atlas/code/protein_automation/post_docked/full_fast_consenuss/EX4M/HOLO/pH7_0/ledock_stage1/decoys_final_00044_dock001.pdb,0.0,True,True,True,True,True,True,True,True,True,True,True,True,True,True,True,True,True,False,True,True,28.0,0.9521773241781808,1.011253669763376,0.0,0.0,41.0,1.0590992054976467,0.0,256.0,0.9841737877535978,0.0,28.0,41.0,256.0,2.0,2.0,0.0057393794059333,0.0,0.0,,0.0,0.0,,12.0,131.07636818810678,50.90260710118904,2.5750423338345074,2.762859931303076,0,15,1333.0,N,O,1.6,1.55,3.1500000000000004,2.7851086154762403,3.1500000000000004,,False,0.0,,,,,,,,,,,,,False,0.0,,,,,,,,,,,,,False,0.0,,,,,,,,,,,,0.015202138322753,,,
EX4M,HOLO,pH7_0,ledock,stage1,ledock_stage1,decoys_final_00045.sdf,False,,True,True,True,True,True,True,False,0.8462100680622633,/home/michael/atlas/code/protein_automation/post_docked/full_fast_consenuss/EX4M/HOLO/pH7_0/ledock_stage1/decoys_final_00045.sdf,/home/michael/atlas/code/protein_automation/post_docked/full_fast_consenuss/EX4M/HOLO/pH7_0/ledock_stage1/decoys_final_00045_dock001.pdb,0.0,True,True,True,True,True,True,True,True,True,True,True,True,True,True,True,True,True,False,True,True,29.0,0.9750490334587476,1.0609008424083666,0.0,0.0,43.0,1.0626054492842054,0.0,279.0,0.9866588673911366,0.0,29.0,43.0,279.0,2.0,2.0,0.1783800042213055,5.0,5.0,0.256302396859079,0.0,0.0,,11.0,148.4574922318651,56.264912656381874,2.6385447914674094,2.641826830055285,0,14,1387.0,O,C,1.55,1.7,3.25,2.7501827212023557,3.25,,False,0.0,,,,,,,,,,,,,False,0.0,,,,,,,,,,,,,False,0.0,,,,,,,,,,,,0.0235294117647058,,,
EX4M,HOLO,pH7_0,ledock,stage1,ledock_stage1,decoys_final_00046.sdf,False,,True,True,True,True,True,True,False,0.8181256995344584,/home/michael/atlas/code/protein_automation/post_docked/full_fast_consenuss/EX4M/HOLO/pH7_0/ledock_stage1/decoys_final_00046.sdf,/home/michael/atlas/code/protein_automation/post_docked/full_fast_consenuss/EX4M/HOLO/pH7_0/ledock_stage1/decoys_final_00046_dock001.pdb,0.0,True,True,True,True,True,True,True,True,True,True,True,True,True,True,True,True,True,False,True,True,29.0,0.9767902969323768,1.0234625199526115,0.0,0.0,42.0,1.0629342669611317,0.0,280.0,0.9357684239450476,0.0,29.0,42.0,280.0,1.0,1.0,0.0031057903428525,10.0,10.0,0.2436378928938629,0.0,0.0,,22.0,183.434114949872,71.20506572865199,2.576138552401624,2.62258441236884,0,14,1822.0,C,N,1.7,1.6,3.3,2.6998148084637124,3.3,,False,0.0,,,,,,,,,,,,,False,0.0,,,,,,,,,,,,,False,0.0,,,,,,,,,,,,0.0208926875593542,,,
EX4M,HOLO,pH7_0,ledock,stage1,ledock_stage1,decoys_final_00047.sdf,True,,True,True,True,True,True,True,True,0.46604466860601945,/home/michael/atlas/code/protein_automation/post_docked/full_fast_consenuss/EX4M/HOLO/pH7_0/ledock_stage1/decoys_final_00047.sdf,/home/michael/atlas/code/protein_automation/post_docked/full_fast_consenuss/EX4M/HOLO/pH7_0/ledock_stage1/decoys_final_00047_dock001.pdb,0.0,True,True,True,True,True,True,True,True,True,False,True,True,True,True,True,True,True,False,True,True,40.0,0.97665454201794,1.16023526582246,0.0,0.0,60.0,1.0732982811141225,0.0,530.0,0.9357380152729587,0.0,40.0,60.0,530.0,3.0,3.0,0.0107401968166223,5.0,5.0,0.2439568130002277,0.0,0.0,,21.0,361.220577589652,124.36612322294772,2.904493347775276,1.5146451729695631,7,8,1333.0,C,O,1.7,1.55,3.25,1.5146451729695631,3.25,,False,0.0,,,,,,,,,,,,,False,0.0,,,,,,,,,,,,,False,0.0,,,,,,,,,,,,0.0541432412613053,,,
EX4M,HOLO,pH7_0,ledock,stage1,ledock_stage1,decoys_final_00048.sdf,False,,True,True,True,True,True,True,False,0.8717340714708608,/home/michael/atlas/code/protein_automation/post_docked/full_fast_consenuss/EX4M/HOLO/pH7_0/ledock_stage1/decoys_final_00048.sdf,/home/michael/atlas/code/protein_automation/post_docked/full_fast_consenuss/EX4M/HOLO/pH7_0/ledock_stage1/decoys_final_00048_dock001.pdb,0.0,True,True,True,True,True,True,True,True,True,True,True,True,True,True,True,True,True,False,True,True,28.0,0.9765075898868552,1.0531819532422766,0.0,0.0,41.0,1.062815113746043,0.0,256.0,0.9685371236397456,0.0,28.0,41.0,256.0,2.0,2.0,0.0032647229592086,5.0,5.0,0.2563567314999329,0.0,0.0,,13.0,125.82388594133424,58.59871733606684,2.1472122882780416,2.7023756215596686,0,22,1333.0,O,O,1.55,1.55,3.1,2.7023756215596686,3.1,,False,0.0,,,,,,,,,,,,,False,0.0,,,,,,,,,,,,,False,0.0,,,,,,,,,,,,0.016465795280937,,,
EX4M,HOLO,pH7_0,ledock,stage1,ledock_stage1,decoys_final_00049.sdf,True,,True,True,True,True,True,True,True,0.2884286555276226,/home/michael/atlas/code/protein_automation/post_docked/full_fast_consenuss/EX4M/HOLO/pH7_0/ledock_stage1/decoys_final_00049.sdf,/home/michael/atlas/code/protein_automation/post_docked/full_fast_consenuss/EX4M/HOLO/pH7_0/ledock_stage1/decoys_final_00049_dock001.pdb,0.0,True,True,True,True,True,True,True,True,True,False,True,True,True,False,True,True,True,False,True,True,25.0,0.9577181515173812,1.0426309886600704,0.0,0.0,38.0,1.0601651042659863,0.0,190.0,1.0161711917544,0.0,25.0,38.0,190.0,1.0,1.0,0.0003840491696445,0.0,0.0,,0.0,0.0,,10.0,152.22617636672072,75.05095378719116,2.0283043543771853,0.9662359960175356,4,10,2133.0,S,O,1.8,1.55,3.35,0.9662359960175356,3.35,,False,0.0,,,,,,,,,,,,,False,0.0,,,,,,,,,,,,,False,0.0,,,,,,,,,,,,0.0782275711159737,,,
EX4M,HOLO,pH7_0,ledock,stage1,ledock_stage1,decoys_final_00050.sdf,True,,True,True,True,True,True,True,True,0.33275402247646907,/home/michael/atlas/code/protein_automation/post_docked/full_fast_consenuss/EX4M/HOLO/pH7_0/ledock_stage1/decoys_final_00050.sdf,/home/michael/atlas/code/protein_automation/post_docked/full_fast_consenuss/EX4M/HOLO/pH7_0/ledock_stage1/decoys_final_00050_dock001.pdb,0.0,True,True,True,True,True,True,True,True,True,False,True,True,True,False,True,True,True,False,True,True,26.0,0.9548121220339416,1.0600392113155477,0.0,0.0,37.0,1.0308858547837814,0.0,213.0,0.991348127776568,0.0,26.0,37.0,213.0,3.0,3.0,0.0028361958983448,0.0,0.0,,0.0,0.0,,11.0,129.40796205595427,75.3375123912413,1.7177095174567931,1.1147259752961711,5,23,1653.0,S,O,1.8,1.55,3.35,1.1147259752961713,3.35,,False,0.0,,,,,,,,,,,,,False,0.0,,,,,,,,,,,,,False,0.0,,,,,,,,,,,,0.0902992776057791,,,
