stage,ligand,score,valid,reason,heavy_atoms,le,self_rmsd,pains_flag
stage1,STI_C600.pdbqt,-10.08,1,,37,0.2725,2.82,0
stage1,STI_D600.pdbqt,-11.66,1,,37,0.3153,3.47,0
stage1,STI_D600.sanitized.pdbqt,-11.73,1,,37,0.3171,3.70,0
stage1,STI_C600.sanitized.sanitized.pdbqt,-10.21,1,,37,0.2759,2.86,0
stage1,STI_D600.sanitized.sanitized.pdbqt,-11.76,1,,37,0.3178,2.82,0
stage1,STI_C600.sanitized.pdbqt,-12.04,1,,37,0.3255,3.66,0
stage1,STI_A600.sanitized.pdbqt,-10.38,1,,37,0.2807,2.72,0
stage1,STI_A600.pdbqt,-9.96,1,,37,0.2692,2.89,0
stage1,STI_B600.pdbqt,-10.23,1,,37,0.2764,2.30,0
stage1,STI_B600.sanitized.sanitized.pdbqt,-10.09,1,,37,0.2728,2.70,0
stage1,STI_B600.sanitized.pdbqt,-10.15,1,,37,0.2742,2.40,0
stage1,STI_A600.sanitized.sanitized.pdbqt,-12.03,1,,37,0.3251,3.64,0
stage1,rdk_0003181.pdbqt,-5.77,1,,11,0.5243,,0
stage1,rdk_0002507.pdbqt,-5.89,1,,12,0.4907,,0
stage1,rdk_0002690.pdbqt,-3.76,1,,5,0.7512,,0
stage1,rdk_0002496.pdbqt,-5.82,1,,9,0.6469,,0
stage1,rdk_0001575.pdbqt,-7.55,1,,20,0.3773,,0
stage1,rdk_0004777.pdbqt,-6.98,1,,13,0.5372,,0
stage1,rdk_0004739.pdbqt,-5.79,1,,10,0.5794,,0
stage1,rdk_0004718.pdbqt,-5.97,1,,11,0.5432,,0
stage1,rdk_0004689.pdbqt,-7.84,1,,14,0.5599,,0
stage1,rdk_0002393.pdbqt,-10.01,1,,20,0.5005,,0
stage1,rdk_0004053.pdbqt,-4.39,1,,11,0.3993,,0
stage1,rdk_0002602.pdbqt,-8.00,1,,22,0.3636,,0
stage1,rdk_0002549.pdbqt,-6.08,1,,15,0.4057,,0
stage1,rdk_0000645.pdbqt,-4.39,1,,10,0.4389,,0
stage1,rdk_0003237.pdbqt,-7.34,1,,22,0.3337,,0
stage1,rdk_0000161.pdbqt,-6.69,1,,16,0.4184,,0
stage1,rdk_0000561.pdbqt,-10.11,1,,22,0.4593,,0
stage1,rdk_0001857.pdbqt,-6.96,1,,22,0.3163,,0
stage1,rdk_0004171.pdbqt,-7.33,1,,14,0.5239,,0
stage1,rdk_0001476.pdbqt,-6.75,1,,16,0.4221,2.00,0
stage1,rdk_0003658.pdbqt,-8.92,1,,17,0.5248,,0
stage1,rdk_0002623.pdbqt,-6.88,1,,16,0.4297,,0
stage1,rdk_0003082.pdbqt,-7.42,1,,17,0.4363,,0
stage1,rdk_0002720.pdbqt,-7.08,1,,17,0.4168,,0
stage1,rdk_0001419.pdbqt,-6.44,1,,19,0.3390,,0
stage1,rdk_0002004.pdbqt,-7.80,1,,18,0.4336,,0
stage1,rdk_0003981.pdbqt,-7.05,1,,16,0.4409,,0
stage1,rdk_0000961.pdbqt,-5.99,1,,16,0.3741,2.25,0
stage1,rdk_0004756.pdbqt,-8.87,1,,23,0.3856,,0
stage1,rdk_0000346.pdbqt,-6.48,1,,17,0.3811,,0
stage1,rdk_0000729.pdbqt,-8.27,1,,24,0.3447,,0
stage1,rdk_0004674.pdbqt,-5.52,1,,14,0.3941,,0
stage1,rdk_0001154.pdbqt,-7.74,1,,17,0.4554,,0
stage1,rdk_0003258.pdbqt,-7.28,1,,18,0.4047,,0
stage1,rdk_0001588.pdbqt,-6.68,1,,19,0.3515,,0
stage1,rdk_0001651.pdbqt,-7.93,1,,18,0.4406,,0
stage1,rdk_0000699.pdbqt,-5.70,1,,19,0.3002,,0
stage1,rdk_0004255.pdbqt,-7.25,1,,15,0.4830,,0
stage1,rdk_0003637.pdbqt,-8.49,1,,26,0.3265,,0
stage1,rdk_0002168.pdbqt,-6.90,1,,23,0.3000,,0
stage1,rdk_0001270.pdbqt,-5.53,1,,12,0.4610,,0
stage1,rdk_0002949.pdbqt,-7.69,1,,25,0.3077,,0
stage1,rdk_0001019.pdbqt,-6.32,1,,23,0.2749,,0
stage1,rdk_0004472.pdbqt,-7.12,1,,26,0.2738,,0
stage1,rdk_0000746.pdbqt,-7.05,1,,27,0.2613,,0
stage1,rdk_0004289.pdbqt,-6.71,1,,21,0.3195,,0
stage1,rdk_0003513.pdbqt,-6.14,1,,23,0.2668,,0
stage1,rdk_0003010.pdbqt,-4.78,1,,12,0.3984,2.02,0
stage1,rdk_0001554.pdbqt,-7.91,1,,24,0.3294,,0
stage1,rdk_0003216.pdbqt,-8.61,1,,22,0.3915,,0
stage1,rdk_0000540.pdbqt,-8.68,1,,28,0.3099,,0
stage1,rdk_0001175.pdbqt,-7.06,1,,19,0.3717,2.51,0
stage1,rdk_0001038.pdbqt,-7.84,1,,22,0.3564,,0
stage1,rdk_0003376.pdbqt,-7.19,1,,17,0.4231,,0
stage1,rdk_0000462.pdbqt,-7.77,1,,27,0.2879,,0
stage1,rdk_0001670.pdbqt,-6.34,1,,18,0.3523,,0
stage1,rdk_0002149.pdbqt,-6.05,1,,13,0.4652,,0
stage1,rdk_0002808.pdbqt,-7.09,1,,13,0.5452,,0
stage1,rdk_0000862.pdbqt,-10.05,1,,21,0.4784,,0
stage1,rdk_0000940.pdbqt,-7.55,1,,26,0.2906,,0
stage1,rdk_0002526.pdbqt,-6.43,1,,17,0.3782,2.25,0
stage1,rdk_0002701.pdbqt,-6.17,1,,19,0.3245,,0
stage1,rdk_0002907.pdbqt,-7.94,1,,29,0.2739,,0
stage1,rdk_0003532.pdbqt,-5.16,1,,17,0.3036,,0
stage1,rdk_0003715.pdbqt,-8.14,1,,22,0.3699,3.17,0
stage1,rdk_0001188.pdbqt,-9.07,1,,22,0.4122,2.15,0
stage1,rdk_0003410.pdbqt,-7.46,1,,23,0.3245,2.05,0
stage1,rdk_0003810.pdbqt,-9.02,1,,20,0.4511,,0
stage1,rdk_0002096.pdbqt,-8.04,1,,28,0.2872,,0
stage1,rdk_0003551.pdbqt,-4.70,1,,9,0.5222,,0
stage1,rdk_0001076.pdbqt,-8.72,1,,28,0.3115,,0
stage1,rdk_0001558.pdbqt,-7.19,1,,19,0.3783,,0
stage1,rdk_0003970.pdbqt,-9.27,1,,25,0.3707,,0
stage1,rdk_0000664.pdbqt,-7.09,1,,22,0.3222,3.00,0
stage1,rdk_0002107.pdbqt,-8.25,1,,31,0.2660,,0
stage1,rdk_0001876.pdbqt,-8.66,1,,28,0.3093,,0
stage1,rdk_0003279.pdbqt,-7.50,1,,22,0.3407,,0
stage1,rdk_0003431.pdbqt,-8.17,1,,28,0.2918,,0
stage1,rdk_0000123.pdbqt,-8.14,1,,20,0.4072,,0
stage1,rdk_0000367.pdbqt,-6.36,1,,20,0.3182,,0
stage1,rdk_0004659.pdbqt,-7.43,1,,14,0.5310,,0
stage1,rdk_0004571.pdbqt,-4.90,1,,16,0.3061,,0
stage1,rdk_0000062.pdbqt,-7.08,1,,24,0.2952,2.52,0
stage1,rdk_0004356.pdbqt,-7.37,1,,25,0.2947,,0
stage1,rdk_0000420.pdbqt,-6.87,1,,20,0.3437,,0
stage1,rdk_0003616.pdbqt,-7.94,1,,23,0.3453,,0
stage1,rdk_0001382.pdbqt,-5.32,1,,12,0.4437,,0
stage1,rdk_0003581.pdbqt,-7.14,1,,25,0.2857,2.68,0
stage1,rdk_0004011.pdbqt,-6.08,1,,10,0.6079,,0
stage1,rdk_0002762.pdbqt,-8.39,1,,21,0.3995,,0
stage1,rdk_0002126.pdbqt,-7.62,1,,27,0.2820,,0
stage1,rdk_0002145.pdbqt,-10.15,1,,22,0.4615,,0
stage1,rdk_0003387.pdbqt,-7.96,1,,24,0.3315,2.30,0
stage1,rdk_0001310.pdbqt,-7.51,1,,24,0.3129,,0
stage1,rdk_0002290.pdbqt,-9.77,1,,28,0.3489,,0
stage1,rdk_0004872.pdbqt,-7.31,1,,32,0.2285,,0
stage1,rdk_0000990.pdbqt,-6.50,1,,13,0.4996,,0
stage1,rdk_0003319.pdbqt,-7.77,1,,17,0.4568,,0
stage1,rdk_0003882.pdbqt,-8.69,1,,32,0.2716,,0
stage1,rdk_0000796.pdbqt,-5.07,1,,14,0.3620,,0
stage1,rdk_0004377.pdbqt,-9.04,1,,26,0.3479,,0
stage1,rdk_0001984.pdbqt,-4.31,1,,10,0.4307,2.04,0
stage1,rdk_0002804.pdbqt,-8.78,1,,24,0.3659,,0
stage1,rdk_0001373.pdbqt,-7.02,1,,25,0.2808,,0
stage1,rdk_0002261.pdbqt,-7.82,1,,26,0.3008,,0
stage1,rdk_0004735.pdbqt,-5.20,1,,12,0.4330,,0
stage1,rdk_0003913.pdbqt,-6.37,1,,16,0.3984,2.46,0
stage1,rdk_0001979.pdbqt,-5.09,1,,16,0.3181,,0
stage1,rdk_0002202.pdbqt,-7.36,1,,30,0.2454,,0
stage1,rdk_0001213.pdbqt,-6.74,1,,15,0.4493,,0
stage1,rdk_0001251.pdbqt,-7.60,1,,23,0.3303,2.00,0
stage1,rdk_0002545.pdbqt,-6.33,1,,12,0.5279,,0
stage1,rdk_0002867.pdbqt,-5.60,1,,15,0.3735,,0
stage1,rdk_0004933.pdbqt,-7.21,1,,22,0.3276,,0
stage1,rdk_0002046.pdbqt,-6.46,1,,16,0.4041,,0
stage1,rdk_0000767.pdbqt,-6.85,1,,26,0.2634,2.52,0
stage1,rdk_0001975.pdbqt,-8.12,1,,22,0.3690,2.24,0
stage1,rdk_0002661.pdbqt,-3.96,1,,8,0.4954,,0
stage1,rdk_0000843.pdbqt,-6.08,1,,22,0.2764,,0
stage1,rdk_0000245.pdbqt,-7.38,1,,29,0.2543,,0
stage1,rdk_0003132.pdbqt,-7.96,1,,31,0.2567,,0
stage1,rdk_0003482.pdbqt,-6.61,1,,36,0.1835,,0
stage1,rdk_0004483.pdbqt,-5.59,1,,9,0.6209,,0
stage1,rdk_0004236.pdbqt,-8.12,1,,19,0.4272,2.02,0
stage1,rdk_0002404.pdbqt,-10.93,1,,29,0.3769,2.35,0
stage1,rdk_0004180.pdbqt,-6.56,1,,13,0.5048,,0
stage1,rdk_0003052.pdbqt,-8.49,1,,23,0.3691,,0
stage1,rdk_0000523.pdbqt,-8.35,1,,23,0.3632,,0
stage1,rdk_0004274.pdbqt,-8.85,1,,26,0.3405,,0
stage1,rdk_0001887.pdbqt,-6.46,1,,11,0.5875,,0
stage1,rdk_0002793.pdbqt,-10.40,1,,26,0.4000,,0
stage1,rdk_0002595.pdbqt,-8.09,1,,34,0.2379,,0
stage1,rdk_0000020.pdbqt,-5.20,1,,12,0.4329,,0
stage1,rdk_0004411.pdbqt,-9.41,1,,19,0.4955,,0
stage1,rdk_0002467.pdbqt,-5.10,1,,10,0.5097,,0
stage1,rdk_0002425.pdbqt,-7.91,1,,31,0.2551,,0
stage1,rdk_0001137.pdbqt,-9.09,1,,23,0.3950,2.01,0
stage1,rdk_0004655.pdbqt,-6.40,1,,19,0.3368,2.22,0
stage1,rdk_0000708.pdbqt,-6.09,1,,23,0.2650,,0
stage1,rdk_0004112.pdbqt,-7.53,1,,20,0.3765,,0
stage1,rdk_0002195.pdbqt,-8.41,1,,33,0.2547,,0
stage1,rdk_0003315.pdbqt,-7.26,1,,22,0.3298,,0
stage1,rdk_0004335.pdbqt,-9.02,1,,26,0.3468,2.49,0
stage1,rdk_0001434.pdbqt,-7.06,1,,23,0.3068,,0
stage1,rdk_0000396.pdbqt,-7.79,1,,27,0.2887,,0
stage1,rdk_0004083.pdbqt,-6.45,1,,22,0.2930,2.16,0
stage1,rdk_0003284.pdbqt,-8.59,1,,34,0.2526,2.20,0
stage1,rdk_0001537.pdbqt,-6.64,1,,26,0.2556,,0
stage1,rdk_0000140.pdbqt,-7.74,1,,29,0.2670,2.37,0
stage1,rdk_0001937.pdbqt,-7.82,1,,21,0.3723,,0
stage1,rdk_0002362.pdbqt,-7.21,1,,27,0.2669,,0
stage1,rdk_0000607.pdbqt,-6.49,1,,17,0.3818,,0
stage1,rdk_0002301.pdbqt,-8.66,1,,36,0.2407,,0
stage1,rdk_0004617.pdbqt,-4.63,1,,11,0.4213,,0
stage1,rdk_0002999.pdbqt,-8.77,1,,26,0.3372,2.28,0
stage1,rdk_0003151.pdbqt,-8.48,1,,18,0.4712,,0
stage1,rdk_0001988.pdbqt,-6.94,1,,28,0.2480,2.81,0
stage1,rdk_0002164.pdbqt,-7.34,1,,16,0.4586,,0
stage1,rdk_0003932.pdbqt,-6.83,1,,26,0.2627,2.97,0
stage1,rdk_0004636.pdbqt,-6.97,1,,28,0.2491,,0
stage1,rdk_0001954.pdbqt,-7.96,1,,25,0.3184,2.59,0
stage1,rdk_0001281.pdbqt,-5.97,1,,16,0.3729,,0
stage1,rdk_0004030.pdbqt,-5.88,1,,12,0.4897,,0
stage1,rdk_0004533.pdbqt,-8.32,1,,23,0.3617,,0
stage1,rdk_0002320.pdbqt,-8.94,1,,37,0.2416,2.33,0
stage1,rdk_0003275.pdbqt,-8.65,1,,19,0.4551,2.00,0
stage1,rdk_0002223.pdbqt,-7.89,1,,33,0.2391,,0
stage1,rdk_0001958.pdbqt,-8.67,1,,23,0.3769,,0
stage1,rdk_0003951.pdbqt,-5.77,1,,12,0.4809,,0
stage1,rdk_0001087.pdbqt,-7.12,1,,15,0.4746,,0
stage1,rdk_0003719.pdbqt,-7.80,1,,21,0.3717,2.14,0
stage1,rdk_0004830.pdbqt,-8.85,1,,31,0.2855,2.16,0
stage1,rdk_0001331.pdbqt,-7.27,1,,19,0.3828,,0
stage1,rdk_0002429.pdbqt,-5.88,1,,22,0.2672,,0
stage1,rdk_0000043.pdbqt,-8.45,1,,35,0.2413,2.68,0
stage1,rdk_0002995.pdbqt,-9.10,1,,33,0.2758,3.55,0
stage1,rdk_0003073.pdbqt,-5.41,1,,13,0.4160,,0
stage1,rdk_0003734.pdbqt,-11.07,1,,31,0.3571,5.32,0
stage1,rdk_0001184.pdbqt,-4.30,1,,10,0.4302,,0
stage1,rdk_0001487.pdbqt,-6.75,1,,17,0.3973,,0
stage1,rdk_0003688.pdbqt,-8.29,1,,23,0.3605,3.95,0
stage1,rdk_0002408.pdbqt,-7.77,1,,17,0.4569,,0
stage1,rdk_0003288.pdbqt,-7.64,1,,26,0.2938,2.12,0
stage1,rdk_0000725.pdbqt,-7.15,1,,21,0.3405,,0
stage1,rdk_0001579.pdbqt,-6.52,1,,17,0.3838,,0
stage1,rdk_0001584.pdbqt,-9.84,1,,22,0.4475,,0
stage1,rdk_0004786.pdbqt,-8.05,1,,13,0.6193,,0
stage1,rdk_0001179.pdbqt,-7.58,1,,14,0.5413,,0
stage1,rdk_0003684.pdbqt,-10.31,1,,29,0.3554,3.67,0
stage1,rdk_0002067.pdbqt,-7.69,1,,18,0.4274,,0
stage1,rdk_0000264.pdbqt,-8.35,1,,41,0.2036,,0
stage1,rdk_0000102.pdbqt,-7.18,1,,23,0.3123,,0
stage1,rdk_0004278.pdbqt,-8.49,1,,25,0.3398,,0
stage1,rdk_0000295.pdbqt,-7.55,1,,30,0.2516,2.29,0
stage1,rdk_0000902.pdbqt,-7.54,1,,31,0.2432,,0
stage1,rdk_0002568.pdbqt,-6.59,1,,26,0.2536,2.69,0
stage1,rdk_0001438.pdbqt,-7.59,1,,28,0.2710,2.17,0
stage1,rdk_0001516.pdbqt,-9.29,1,,24,0.3870,2.03,0
stage1,rdk_0003679.pdbqt,-8.76,1,,31,0.2826,3.47,0
stage1,rdk_0001632.pdbqt,-5.52,1,,20,0.2760,2.67,0
stage1,rdk_0002199.pdbqt,-7.60,1,,30,0.2532,,0
stage1,rdk_0000207.pdbqt,-7.79,1,,36,0.2165,,0
stage1,rdk_0003873.pdbqt,-7.26,1,,34,0.2135,,0
stage1,rdk_0003031.pdbqt,-8.41,1,,32,0.2628,,0
stage1,rdk_0000590.pdbqt,-8.56,1,,22,0.3892,,0
stage1,rdk_0001681.pdbqt,-8.19,1,,30,0.2730,,0
stage1,rdk_0002743.pdbqt,-8.90,1,,22,0.4047,,0
stage1,rdk_0003787.pdbqt,-11.49,1,,37,0.3107,3.19,0
stage1,rdk_0000001.pdbqt,-7.63,1,,26,0.2934,,0
stage1,rdk_0004883.pdbqt,-7.67,1,,30,0.2558,,0
stage1,rdk_0002025.pdbqt,-7.73,1,,33,0.2342,2.22,0
stage1,rdk_0002240.pdbqt,-7.95,1,,31,0.2563,,0
stage1,rdk_0004108.pdbqt,-5.36,1,,11,0.4868,,0
stage1,rdk_0000893.pdbqt,-8.71,1,,41,0.2125,,0
stage1,rdk_0000443.pdbqt,-9.48,1,,38,0.2495,,0
stage1,rdk_0002446.pdbqt,-7.73,1,,25,0.3093,2.56,0
stage1,rdk_0002343.pdbqt,-8.02,1,,24,0.3341,,0
stage1,rdk_0000304.pdbqt,-6.33,1,,28,0.2260,,0
stage1,rdk_0001015.pdbqt,-7.67,1,,30,0.2556,2.12,0
stage1,rdk_0003757.pdbqt,-7.75,1,,23,0.3369,,0
stage1,rdk_0002640.pdbqt,-5.26,1,,12,0.4382,,0
stage1,rdk_0002983.pdbqt,-4.74,1,,10,0.4743,,0
stage1,rdk_0003473.pdbqt,-8.67,1,,29,0.2990,,0
stage1,rdk_0001116.pdbqt,-5.44,1,,12,0.4537,,0
stage1,rdk_0002964.pdbqt,-10.53,1,,30,0.3509,2.86,0
stage1,rdk_0002385.pdbqt,-8.44,1,,23,0.3668,,0
stage1,rdk_0001158.pdbqt,-6.60,1,,26,0.2538,2.66,0
stage1,rdk_0003448.pdbqt,-2.48,1,,4,0.6188,,0
stage1,rdk_0000055.pdbqt,-5.29,1,,12,0.4408,,0
stage1,rdk_0000093.pdbqt,-7.49,1,,21,0.3567,,0
stage1,rdk_0002926.pdbqt,-8.03,1,,35,0.2293,2.29,0
stage1,rdk_0001415.pdbqt,-8.51,1,,24,0.3545,,0
stage1,rdk_0002008.pdbqt,-8.23,1,,24,0.3430,,0
stage1,rdk_0003427.pdbqt,-7.64,1,,15,0.5097,,0
stage1,rdk_0001916.pdbqt,-7.79,1,,30,0.2598,2.12,0
stage1,rdk_0002686.pdbqt,-6.52,1,,16,0.4073,,0
stage1,rdk_0003654.pdbqt,-8.14,1,,30,0.2714,,0
stage1,rdk_0004714.pdbqt,-8.54,1,,20,0.4269,,0
stage1,rdk_0003806.pdbqt,-7.86,1,,19,0.4135,,0
stage1,rdk_0000820.pdbqt,-8.53,1,,29,0.2941,2.72,0
stage1,rdk_0001613.pdbqt,-7.99,1,,25,0.3198,,0
stage1,rdk_0002945.pdbqt,-7.51,1,,21,0.3579,,0
stage1,rdk_0000668.pdbqt,-8.76,1,,36,0.2433,,0
stage1,rdk_0002614.pdbqt,-3.71,1,,7,0.5301,,0
stage1,rdk_0003200.pdbqt,-5.66,1,,16,0.3539,,0
stage1,rdk_0004845.pdbqt,-7.49,1,,16,0.4682,,0
stage1,rdk_0001142.pdbqt,-7.08,1,,20,0.3542,,0
stage1,rdk_0002378.pdbqt,-6.57,1,,20,0.3286,,0
stage1,rdk_0000401.pdbqt,-7.77,1,,29,0.2679,2.17,0
stage1,rdk_0004243.pdbqt,-5.85,1,,12,0.4875,,0
stage1,rdk_0004217.pdbqt,-8.38,1,,29,0.2890,,0
stage1,rdk_0001860.pdbqt,-6.86,1,,21,0.3267,,0
stage1,rdk_0000672.pdbqt,-5.37,1,,20,0.2683,2.46,0
stage1,rdk_0001441.pdbqt,-6.46,1,,20,0.3232,,0
stage1,rdk_0002530.pdbqt,-6.47,1,,17,0.3808,,0
stage1,rdk_0003852.pdbqt,-8.22,1,,31,0.2651,,0
stage1,rdk_0001963.pdbqt,-7.80,1,,21,0.3713,,0
stage1,rdk_0000556.pdbqt,-9.57,1,,26,0.3680,,0
stage1,rdk_0001834.pdbqt,-8.31,1,,25,0.3325,2.07,0
stage1,rdk_0000918.pdbqt,-8.70,1,,21,0.4142,2.37,0
stage1,rdk_0000268.pdbqt,-6.45,1,,26,0.2479,2.00,0
stage1,rdk_0004643.pdbqt,-7.30,1,,18,0.4056,,0
stage1,rdk_0003452.pdbqt,-6.93,1,,28,0.2475,2.56,0
stage1,rdk_0002812.pdbqt,-5.31,1,,10,0.5307,,0
stage1,rdk_0000649.pdbqt,-7.36,1,,24,0.3068,2.83,0
stage1,rdk_0000493.pdbqt,-7.68,1,,30,0.2562,2.62,0
stage1,rdk_0003869.pdbqt,-7.21,1,,33,0.2184,,0
stage1,rdk_0001773.pdbqt,-7.09,1,,31,0.2289,,0
stage1,rdk_0004430.pdbqt,-8.84,1,,25,0.3537,2.11,0
stage1,rdk_0002846.pdbqt,-9.37,1,,36,0.2603,,0
stage1,rdk_0004740.pdbqt,-9.37,1,,23,0.4073,,0
stage1,rdk_0002130.pdbqt,-7.01,1,,17,0.4124,,0
stage1,rdk_0000190.pdbqt,-8.31,1,,32,0.2597,2.24,0
stage1,rdk_0003703.pdbqt,-7.30,1,,22,0.3317,2.02,0
stage1,rdk_0001398.pdbqt,-7.09,1,,21,0.3375,,0
stage1,rdk_0003894.pdbqt,-8.06,1,,22,0.3665,,0
stage1,rdk_0001666.pdbqt,-6.29,1,,20,0.3145,2.04,0
stage1,rdk_0000539.pdbqt,-9.49,1,,28,0.3389,,0
stage1,rdk_0000455.pdbqt,-8.29,1,,24,0.3454,,0
stage1,rdk_0004339.pdbqt,-7.64,1,,30,0.2546,3.53,0
stage1,rdk_0002785.pdbqt,-8.76,1,,18,0.4867,,0
stage1,rdk_0000249.pdbqt,-7.25,1,,33,0.2198,,0
stage1,rdk_0002717.pdbqt,-7.00,1,,19,0.3686,,0
stage1,rdk_0002829.pdbqt,-6.65,1,,24,0.2770,2.04,0
stage1,rdk_0000371.pdbqt,-7.61,1,,33,0.2306,,0
stage1,rdk_0004314.pdbqt,-9.76,1,,41,0.2380,,0
stage1,rdk_0000226.pdbqt,-7.84,1,,34,0.2306,,0
stage1,rdk_0001542.pdbqt,-5.60,1,,19,0.2949,,0
stage1,rdk_0002511.pdbqt,-7.52,1,,14,0.5370,,0
stage1,rdk_0004567.pdbqt,-7.51,1,,21,0.3577,,0
stage1,rdk_0004685.pdbqt,-7.58,1,,35,0.2166,,0
stage1,rdk_0000502.pdbqt,-7.67,1,,25,0.3068,3.12,0
stage1,rdk_0002286.pdbqt,-8.16,1,,26,0.3138,,0
stage1,rdk_0003357.pdbqt,-6.66,1,,28,0.2377,,0
stage1,rdk_0001232.pdbqt,-5.23,1,,48,0.1090,,0
stage1,rdk_0004259.pdbqt,-6.67,1,,32,0.2083,,0
stage1,rdk_0002635.pdbqt,-4.96,1,,10,0.4956,,0
stage1,rdk_0004150.pdbqt,-7.70,1,,33,0.2332,3.87,0
stage1,rdk_0003391.pdbqt,-9.05,1,,22,0.4113,,0
stage1,rdk_0002336.pdbqt,-7.83,1,,24,0.3262,,0
stage1,rdk_0004262.pdbqt,-8.80,1,,19,0.4631,,0
stage1,rdk_0004099.pdbqt,-7.81,1,,30,0.2603,2.33,0
stage1,rdk_0004386.pdbqt,-10.03,1,,30,0.3342,,0
stage1,rdk_0002778.pdbqt,-8.29,1,,24,0.3455,,0
stage1,rdk_0002564.pdbqt,-7.20,1,,36,0.2001,,0
stage1,rdk_0003170.pdbqt,-10.91,1,,37,0.2950,2.96,0
stage1,rdk_0002880.pdbqt,-6.66,1,,24,0.2776,3.15,0
stage1,rdk_0001034.pdbqt,-9.63,1,,35,0.2752,2.51,0
stage1,rdk_0000308.pdbqt,-7.06,1,,37,0.1907,2.41,0
stage1,rdk_0000299.pdbqt,-7.21,1,,36,0.2004,2.30,0
stage1,rdk_0003124.pdbqt,-9.01,1,,30,0.3004,2.42,0
stage1,rdk_0002359.pdbqt,-8.51,1,,21,0.4052,,0
stage1,rdk_0003494.pdbqt,-9.26,1,,35,0.2646,,0
stage1,rdk_0003905.pdbqt,-7.09,1,,23,0.3085,2.06,0
stage1,rdk_0003827.pdbqt,-7.28,1,,12,0.6068,,0
stage1,rdk_0003221.pdbqt,-5.13,1,,10,0.5135,,0
stage1,rdk_0001266.pdbqt,-7.98,1,,48,0.1663,,0
stage1,rdk_0003197.pdbqt,-6.25,1,,20,0.3127,,0
stage1,rdk_0001163.pdbqt,-5.87,1,,16,0.3667,,0
stage1,rdk_0000518.pdbqt,-8.33,1,,26,0.3204,,0
stage1,rdk_0004929.pdbqt,-7.83,1,,22,0.3561,,0
stage1,rdk_0003722.pdbqt,-6.46,1,,17,0.3799,,0
stage1,rdk_0001041.pdbqt,-8.38,1,,32,0.2620,,0
stage1,rdk_0001838.pdbqt,-7.19,1,,32,0.2248,2.26,0
stage1,rdk_0002033.pdbqt,-9.82,1,,29,0.3387,2.15,0
stage1,rdk_0004072.pdbqt,-8.95,1,,34,0.2631,2.37,0
stage1,rdk_0001057.pdbqt,-7.01,1,,35,0.2003,2.55,0
stage1,rdk_0004853.pdbqt,-9.81,1,,40,0.2453,2.71,0
stage1,rdk_0001460.pdbqt,-8.19,1,,20,0.4096,,0
stage1,rdk_0003469.pdbqt,-9.84,1,,25,0.3935,,0
stage1,rdk_0003105.pdbqt,-7.06,1,,14,0.5041,,0
stage1,rdk_0002433.pdbqt,-8.07,1,,29,0.2783,,0
stage1,rdk_0003738.pdbqt,-9.26,1,,29,0.3193,,0
stage1,rdk_0002183.pdbqt,-8.49,1,,22,0.3859,,0
stage1,rdk_0003997.pdbqt,-6.22,1,,17,0.3659,,0
stage1,rdk_0003292.pdbqt,-6.64,1,,27,0.2458,2.68,0
stage1,rdk_0004464.pdbqt,-9.63,1,,31,0.3107,2.95,0
stage1,rdk_0004133.pdbqt,-7.34,1,,27,0.2719,2.39,0
stage1,rdk_0002930.pdbqt,-7.04,1,,18,0.3911,,0
stage1,rdk_0002583.pdbqt,-7.98,1,,22,0.3628,,0
stage1,rdk_0002480.pdbqt,-6.70,1,,11,0.6086,,0
stage1,rdk_0003848.pdbqt,-6.29,1,,14,0.4495,2.56,0
stage1,rdk_0001765.pdbqt,-8.45,1,,37,0.2284,,0
stage1,rdk_0003322.pdbqt,-8.27,1,,26,0.3182,,0
stage1,rdk_0000855.pdbqt,-8.68,1,,22,0.3947,,0
stage1,rdk_0004064.pdbqt,-9.01,1,,30,0.3003,3.47,0
stage1,rdk_0004529.pdbqt,-10.34,1,,25,0.4135,,0
stage1,rdk_0001628.pdbqt,-5.50,1,,16,0.3436,,0
stage1,rdk_0000089.pdbqt,-7.44,1,,24,0.3100,,0
stage1,rdk_0000750.pdbqt,-8.21,1,,23,0.3570,,0
stage1,rdk_0001060.pdbqt,-4.04,1,,6,0.6735,,0
stage1,rdk_0004662.pdbqt,-5.66,1,,10,0.5659,,0
stage1,rdk_0004045.pdbqt,-3.14,1,,5,0.6282,,0
stage1,rdk_0000653.pdbqt,-6.59,1,,24,0.2748,,0
stage1,rdk_0000489.pdbqt,-5.12,1,,12,0.4266,2.06,0
stage1,rdk_0004129.pdbqt,-6.46,1,,21,0.3077,2.37,0
stage1,rdk_0000874.pdbqt,-8.36,1,,22,0.3799,3.65,0
stage1,rdk_0000577.pdbqt,-8.35,1,,28,0.2980,,0
stage1,rdk_0003928.pdbqt,-4.31,1,,9,0.4790,,0
stage1,rdk_0002833.pdbqt,-8.27,1,,16,0.5168,,0
stage1,rdk_0003027.pdbqt,-6.41,1,,23,0.2787,2.31,0
stage1,rdk_0002736.pdbqt,-8.24,1,,15,0.5491,,0
stage1,rdk_0001457.pdbqt,-10.99,1,,41,0.2680,3.76,0
stage1,rdk_0003338.pdbqt,-8.06,1,,35,0.2303,3.05,0
stage1,rdk_0002111.pdbqt,-8.50,1,,25,0.3402,,0
stage1,rdk_0001647.pdbqt,-6.43,1,,17,0.3780,2.05,0
stage1,rdk_0000139.pdbqt,-8.25,1,,29,0.2844,,0
stage1,rdk_0000485.pdbqt,-7.27,1,,18,0.4039,,0
stage1,rdk_0000889.pdbqt,-7.81,1,,33,0.2366,,0
stage1,rdk_0001209.pdbqt,-7.22,1,,26,0.2779,2.39,0
stage1,rdk_0001344.pdbqt,-7.24,1,,19,0.3811,,0
stage1,rdk_0004512.pdbqt,-7.99,1,,36,0.2221,2.13,0
stage1,rdk_0004445.pdbqt,-5.66,1,,23,0.2461,2.03,0
stage1,rdk_0003692.pdbqt,-8.77,1,,28,0.3134,2.45,0
stage1,rdk_0003094.pdbqt,-8.86,1,,33,0.2685,,0
stage1,rdk_0002759.pdbqt,-8.08,1,,23,0.3512,,0
stage1,rdk_0002471.pdbqt,-5.79,1,,13,0.4452,,0
stage1,rdk_0000695.pdbqt,-5.82,1,,32,0.1819,,0
stage1,rdk_0002235.pdbqt,-7.35,1,,19,0.3871,,0
stage1,rdk_0002317.pdbqt,-7.28,1,,35,0.2081,,0
stage1,rdk_0001841.pdbqt,-5.94,1,,19,0.3125,2.15,0
stage1,rdk_0001500.pdbqt,-7.82,1,,22,0.3553,,0
stage1,rdk_0004864.pdbqt,-6.86,1,,28,0.2451,2.08,0
stage1,rdk_0003065.pdbqt,-4.15,1,,9,0.4611,,0
stage1,rdk_0000350.pdbqt,-6.25,1,,20,0.3126,2.22,0
stage1,rdk_0001563.pdbqt,-6.88,1,,20,0.3438,,0
stage1,rdk_0003406.pdbqt,-6.90,1,,24,0.2877,2.59,0
stage1,rdk_0002412.pdbqt,-7.49,1,,28,0.2675,,0
stage1,rdk_0000859.pdbqt,-7.79,1,,25,0.3114,,0
stage1,rdk_0001624.pdbqt,-6.36,1,,20,0.3179,,0
stage1,rdk_0000156.pdbqt,-5.84,1,,28,0.2084,,0
stage1,rdk_0000771.pdbqt,-7.06,1,,34,0.2075,,0
stage1,rdk_0001228.pdbqt,-7.13,1,,25,0.2850,2.35,0
stage1,rdk_0001348.pdbqt,-8.07,1,,22,0.3668,,0
stage1,rdk_0003600.pdbqt,-6.65,1,,57,0.1166,,0
stage1,rdk_0000325.pdbqt,-6.57,1,,35,0.1876,2.25,0
stage1,rdk_0001327.pdbqt,-6.36,1,,17,0.3741,,0
stage1,rdk_0002599.pdbqt,-6.04,1,,27,0.2239,2.70,0
stage1,rdk_0001592.pdbqt,-7.33,1,,19,0.3856,,0
stage1,rdk_0000074.pdbqt,-7.84,1,,21,0.3733,,0
stage1,rdk_0004693.pdbqt,-7.72,1,,19,0.4064,2.01,0
stage1,rdk_0002911.pdbqt,-12.61,1,,37,0.3409,3.04,0
stage1,rdk_0001091.pdbqt,-8.13,1,,23,0.3534,,0
stage1,rdk_0002239.pdbqt,-8.07,1,,22,0.3667,,0
stage1,rdk_0000801.pdbqt,-6.54,1,,36,0.1818,3.05,0
stage1,rdk_0003334.pdbqt,-9.20,1,,41,0.2244,2.71,0
stage1,rdk_0003254.pdbqt,-9.11,1,,37,0.2461,2.09,0
stage1,rdk_0000329.pdbqt,-7.36,1,,39,0.1886,2.17,0
stage1,rdk_0004049.pdbqt,-7.49,1,,18,0.4162,,0
stage1,rdk_0000630.pdbqt,-5.21,1,,12,0.4338,,0
stage1,rdk_0003465.pdbqt,-6.17,1,,15,0.4113,,0
stage1,rdk_0003831.pdbqt,-1.71,1,,59,0.0290,,0
stage1,rdk_0003924.pdbqt,-6.61,1,,18,0.3670,3.24,0
stage1,rdk_0004293.pdbqt,-7.24,1,,21,0.3449,,0
stage1,rdk_0004146.pdbqt,-8.36,1,,29,0.2883,2.17,0
stage1,rdk_0004449.pdbqt,-5.12,1,,13,0.3939,,0
stage1,rdk_0003242.pdbqt,-5.29,1,,12,0.4409,,0
stage1,rdk_0000417.pdbqt,-8.87,1,,20,0.4436,2.29,0
stage1,rdk_0000272.pdbqt,-9.72,1,,37,0.2627,2.04,0
stage1,rdk_0001491.pdbqt,-9.99,1,,18,0.5548,2.12,0
stage1,rdk_0000923.pdbqt,-9.24,1,,33,0.2800,2.82,0
stage1,rdk_0002080.pdbqt,-5.78,1,,23,0.2513,,0
stage1,rdk_0004508.pdbqt,-8.22,1,,34,0.2418,2.39,0
stage1,rdk_0001247.pdbqt,-7.27,1,,28,0.2595,2.37,0
stage1,rdk_0002639.pdbqt,-5.39,1,,14,0.3850,,0
stage1,rdk_0000177.pdbqt,-5.95,1,,24,0.2477,2.52,0
stage1,rdk_0002656.pdbqt,-5.51,1,,16,0.3441,,0
stage1,rdk_0004868.pdbqt,-7.79,1,,31,0.2511,,0
stage1,rdk_0001609.pdbqt,-8.65,1,,35,0.2472,,0
stage1,rdk_0001921.pdbqt,-7.59,1,,24,0.3162,2.69,0
stage1,rdk_0003642.pdbqt,-6.53,1,,24,0.2720,,0
stage1,rdk_0000186.pdbqt,-6.70,1,,26,0.2577,,0
stage1,rdk_0000253.pdbqt,-7.97,1,,29,0.2747,2.44,0
stage1,rdk_0004580.pdbqt,-7.99,1,,36,0.2220,2.55,0
stage1,rdk_0000085.pdbqt,-6.55,1,,17,0.3854,,0
stage1,rdk_0002953.pdbqt,-8.88,1,,19,0.4676,,0
stage1,rdk_0003044.pdbqt,-4.77,1,,11,0.4335,,0
stage1,rdk_0003048.pdbqt,-11.67,1,,39,0.2993,2.64,0
stage1,rdk_0004125.pdbqt,-7.10,1,,18,0.3946,,0
stage1,rdk_0000017.pdbqt,-7.90,1,,27,0.2926,,0
stage1,rdk_0001403.pdbqt,-7.97,1,,19,0.4194,,0
stage1,rdk_0001992.pdbqt,-7.53,1,,20,0.3765,,0
stage1,rdk_0003844.pdbqt,-7.04,1,,19,0.3707,,0
stage1,rdk_0000333.pdbqt,-7.01,1,,24,0.2922,2.62,0
stage1,rdk_0001192.pdbqt,-5.96,1,,18,0.3313,,0
stage1,rdk_0003509.pdbqt,-8.15,1,,25,0.3261,2.44,0
stage1,rdk_0000712.pdbqt,-6.92,1,,15,0.4615,,0
stage1,rdk_0003069.pdbqt,-12.16,1,,33,0.3685,3.20,0
stage1,rdk_0003791.pdbqt,-13.16,1,,39,0.3374,,0
stage1,rdk_0003166.pdbqt,-8.41,1,,25,0.3363,2.01,0
stage1,rdk_0000436.pdbqt,-8.61,1,,25,0.3445,,0
stage1,rdk_0000836.pdbqt,-8.56,1,,30,0.2855,2.10,0
stage1,rdk_0001942.pdbqt,-6.62,1,,27,0.2453,,0
stage1,rdk_0003109.pdbqt,-7.38,1,,17,0.4341,2.42,0
stage1,rdk_0004904.pdbqt,-8.98,1,,34,0.2643,,0
stage1,rdk_0001521.pdbqt,-7.13,1,,17,0.4195,,0
stage1,rdk_0004895.pdbqt,-7.48,1,,26,0.2878,,0
stage1,rdk_0003966.pdbqt,-4.76,1,,14,0.3401,,0
stage1,rdk_0002774.pdbqt,-7.96,1,,19,0.4192,,0
stage1,rdk_0004790.pdbqt,-7.08,1,,28,0.2529,,0
stage1,rdk_0002755.pdbqt,-7.39,1,,27,0.2738,2.46,0
stage1,rdk_0003547.pdbqt,-6.80,1,,19,0.3579,2.06,0
stage1,rdk_0001394.pdbqt,-6.96,1,,19,0.3663,2.07,0
stage1,rdk_0004095.pdbqt,-8.48,1,,27,0.3141,,0
stage1,rdk_0000878.pdbqt,-8.27,1,,22,0.3761,,0
stage1,rdk_0003498.pdbqt,-8.10,1,,31,0.2614,,0
stage1,rdk_0004361.pdbqt,-10.20,1,,30,0.3401,,0
stage1,rdk_0001900.pdbqt,-6.63,1,,19,0.3492,,0
stage1,rdk_0000885.pdbqt,-6.95,1,,23,0.3023,,0
stage1,rdk_0001022.pdbqt,-6.37,1,,23,0.2769,,0
stage1,rdk_0000733.pdbqt,-5.95,1,,18,0.3303,2.29,0
stage1,rdk_0002012.pdbqt,-9.97,1,,33,0.3022,3.58,0
stage1,rdk_0000135.pdbqt,-6.68,1,,26,0.2570,,0
stage1,rdk_0002256.pdbqt,-8.49,1,,38,0.2234,,0
stage1,rdk_0002572.pdbqt,-6.64,1,,20,0.3321,,0
stage1,rdk_0001003.pdbqt,-8.71,1,,35,0.2489,,0
stage1,rdk_0004620.pdbqt,-8.14,1,,24,0.3392,,0
stage1,rdk_0002789.pdbqt,-6.94,1,,25,0.2776,,0
stage1,rdk_0004601.pdbqt,-8.10,1,,31,0.2614,2.59,0
stage1,rdk_0000478.pdbqt,-8.12,1,,34,0.2387,,0
stage1,rdk_0004702.pdbqt,-7.46,1,,22,0.3390,2.65,0
stage1,rdk_0002374.pdbqt,-7.13,1,,17,0.4197,,0
stage1,rdk_0002677.pdbqt,-7.97,1,,17,0.4689,,0
stage1,rdk_0000459.pdbqt,-9.44,1,,33,0.2861,,0
stage1,rdk_0000474.pdbqt,-8.23,1,,38,0.2167,,0
stage1,rdk_0003741.pdbqt,-9.01,1,,24,0.3752,2.33,0
stage1,rdk_0004201.pdbqt,-8.89,1,,32,0.2780,2.10,0
stage1,rdk_0002871.pdbqt,-6.98,1,,24,0.2908,2.17,0
stage1,rdk_0002553.pdbqt,-6.95,1,,13,0.5343,,0
stage1,rdk_0002218.pdbqt,-8.46,1,,31,0.2728,,0
stage1,rdk_0004807.pdbqt,-7.42,1,,25,0.2968,,0
stage1,rdk_0000780.pdbqt,-9.10,1,,26,0.3502,,0
stage1,rdk_0004723.pdbqt,-6.58,1,,14,0.4699,,0
stage1,rdk_0004302.pdbqt,-8.90,1,,33,0.2696,2.10,0
stage1,rdk_0000059.pdbqt,-7.60,1,,22,0.3455,,0
stage1,rdk_0000114.pdbqt,-6.49,1,,26,0.2495,2.83,0
stage1,rdk_0000956.pdbqt,-7.01,1,,35,0.2003,,0
stage1,rdk_0002355.pdbqt,-7.31,1,,29,0.2520,2.52,0
stage1,rdk_0002389.pdbqt,-7.70,1,,26,0.2962,,0
stage1,rdk_0001205.pdbqt,-4.72,1,,10,0.4721,,0
stage1,rdk_0000817.pdbqt,-7.61,1,,22,0.3461,2.17,0
stage1,rdk_0000118.pdbqt,-7.81,1,,32,0.2439,2.90,0
stage1,rdk_0004323.pdbqt,-6.09,1,,20,0.3045,,0
stage1,rdk_0004167.pdbqt,-8.90,1,,40,0.2224,2.82,0
stage1,rdk_0001369.pdbqt,-7.21,1,,30,0.2402,,0
stage1,rdk_0003128.pdbqt,-6.81,1,,14,0.4864,,0
stage1,rdk_0002618.pdbqt,-5.00,1,,9,0.5557,,0
stage1,rdk_0003947.pdbqt,-5.33,1,,23,0.2316,,0
stage1,rdk_0004849.pdbqt,-4.98,1,,11,0.4526,,0
stage1,rdk_0000380.pdbqt,-7.44,1,,21,0.3544,,0
stage1,rdk_0003933.pdbqt,-4.08,1,,8,0.5100,,0
stage1,rdk_0004426.pdbqt,-6.46,1,,28,0.2306,2.29,0
stage1,rdk_0001697.pdbqt,-7.10,1,,25,0.2839,2.78,0
stage1,rdk_0000535.pdbqt,-10.12,1,,20,0.5060,,0
stage1,rdk_0002277.pdbqt,-7.30,1,,22,0.3317,,0
stage1,rdk_0004104.pdbqt,-6.61,1,,24,0.2754,2.24,0
stage1,rdk_0001224.pdbqt,-9.09,1,,31,0.2933,,0
stage1,rdk_0003444.pdbqt,-6.66,1,,20,0.3328,,0
stage1,rdk_0004340.pdbqt,-9.14,1,,41,0.2229,2.56,0
stage1,rdk_0001306.pdbqt,-7.49,1,,25,0.2995,2.36,0
stage1,rdk_0000914.pdbqt,-6.93,1,,22,0.3148,,0
stage1,rdk_0003303.pdbqt,-9.88,1,,41,0.2410,3.68,0
stage1,rdk_0002050.pdbqt,-5.15,1,,13,0.3961,,0
stage1,rdk_0002497.pdbqt,-6.10,1,,11,0.5548,,0
stage1,rdk_0002214.pdbqt,-7.43,1,,35,0.2123,2.29,0
stage1,rdk_0003263.pdbqt,-9.19,1,,21,0.4378,2.01,0
stage1,rdk_0003528.pdbqt,-6.61,1,,26,0.2541,2.51,0
stage1,rdk_0004390.pdbqt,-8.99,1,,34,0.2645,2.14,0
stage1,rdk_0000244.pdbqt,-6.60,1,,15,0.4401,,0
stage1,rdk_0000036.pdbqt,-6.69,1,,17,0.3938,,0
stage1,rdk_0001650.pdbqt,-4.72,1,,8,0.5903,,0
stage1,rdk_0004468.pdbqt,-8.01,1,,21,0.3812,,0
stage1,rdk_0004688.pdbqt,-6.36,1,,11,0.5777,,0
stage1,rdk_0003760.pdbqt,-5.79,1,,20,0.2897,,0
stage1,rdk_0001605.pdbqt,-8.00,1,,22,0.3635,2.50,0
stage1,rdk_0003083.pdbqt,-6.92,1,,16,0.4324,,0
stage1,rdk_0003360.pdbqt,-10.04,1,,32,0.3139,2.21,0
stage1,rdk_0000211.pdbqt,-7.89,1,,36,0.2191,2.05,0
stage1,rdk_0002169.pdbqt,-6.08,1,,23,0.2643,,0
stage1,rdk_0000977.pdbqt,-7.21,1,,44,0.1638,2.66,0
stage1,rdk_0000747.pdbqt,-7.45,1,,27,0.2759,,0
stage1,rdk_0002450.pdbqt,-6.35,1,,24,0.2645,3.39,0
stage1,rdk_0004052.pdbqt,-6.08,1,,10,0.6075,,0
stage1,rdk_0003865.pdbqt,-6.65,1,,22,0.3021,,0
stage1,rdk_0004407.pdbqt,-8.02,1,,33,0.2429,,0
stage1,rdk_0000463.pdbqt,-9.65,1,,27,0.3576,,0
stage1,rdk_0004811.pdbqt,-7.65,1,,30,0.2549,3.61,0
stage1,rdk_0002405.pdbqt,-6.23,1,,17,0.3663,,0
stage1,rdk_0000611.pdbqt,-7.81,1,,24,0.3253,,0
stage1,rdk_0001706.pdbqt,-7.30,1,,25,0.2919,2.43,0
stage1,rdk_0001353.pdbqt,-7.40,1,,23,0.3217,,0
stage1,rdk_0004675.pdbqt,-6.96,1,,17,0.4097,,0
stage1,rdk_0001018.pdbqt,-8.16,1,,28,0.2913,,0
stage1,rdk_0001589.pdbqt,-8.11,1,,16,0.5067,,0
stage1,rdk_0002153.pdbqt,-7.75,1,,35,0.2215,,0
stage1,rdk_0001891.pdbqt,-7.95,1,,26,0.3059,2.47,0
stage1,rdk_0003341.pdbqt,-12.35,1,,36,0.3431,2.24,0
stage1,rdk_0002506.pdbqt,-8.29,1,,16,0.5182,,0
stage1,rdk_0000230.pdbqt,-8.92,1,,34,0.2623,2.30,0
stage1,rdk_0000160.pdbqt,-6.88,1,,24,0.2866,2.50,0
stage1,rdk_0003580.pdbqt,-7.50,1,,26,0.2883,,0
stage1,rdk_0003180.pdbqt,-6.20,1,,13,0.4767,,0
stage1,rdk_0002172.pdbqt,-7.42,1,,30,0.2472,2.24,0
stage1,rdk_0004452.pdbqt,-6.30,1,,16,0.3939,,0
stage1,rdk_0002948.pdbqt,-3.91,1,,7,0.5584,,0
stage1,rdk_0001477.pdbqt,-4.58,1,,10,0.4583,,0
stage1,rdk_0003483.pdbqt,-8.00,1,,17,0.4703,,0
stage1,rdk_0000728.pdbqt,-8.02,1,,24,0.3341,,0
stage1,rdk_0002106.pdbqt,-7.99,1,,31,0.2578,,0
stage1,rdk_0002194.pdbqt,-7.82,1,,29,0.2695,,0
stage1,rdk_0002622.pdbqt,-6.90,1,,16,0.4311,,0
stage1,rdk_0001174.pdbqt,-4.56,1,,11,0.4145,,0
stage1,rdk_0000626.pdbqt,-8.53,1,,39,0.2188,4.70,0
stage1,rdk_0004925.pdbqt,-8.01,1,,29,0.2761,3.13,0
stage1,rdk_0000560.pdbqt,-8.71,1,,22,0.3960,,0
stage1,rdk_0004776.pdbqt,-7.59,1,,19,0.3997,,0
stage1,rdk_0004678.pdbqt,-7.85,1,,41,0.1914,4.67,0
stage1,rdk_0004495.pdbqt,-9.67,1,,31,0.3119,2.31,0
stage1,rdk_0000312.pdbqt,-7.32,1,,27,0.2712,,0
stage1,rdk_0001418.pdbqt,-6.55,1,,19,0.3448,,0
stage1,rdk_0004196.pdbqt,-6.62,1,,26,0.2548,,0
stage1,rdk_0001077.pdbqt,-7.41,1,,28,0.2646,,0
stage1,rdk_0003236.pdbqt,-8.92,1,,21,0.4250,,0
stage1,rdk_0000644.pdbqt,-4.48,1,,10,0.4484,,0
stage1,rdk_0000514.pdbqt,-8.38,1,,39,0.2149,,0
stage1,rdk_0003112.pdbqt,-5.52,1,,12,0.4601,,0
stage1,rdk_0002824.pdbqt,-7.22,1,,25,0.2890,2.09,0
stage1,rdk_0001250.pdbqt,-7.24,1,,18,0.4023,2.02,0
stage1,rdk_0000935.pdbqt,-7.41,1,,30,0.2470,2.41,0
stage1,rdk_0000283.pdbqt,-7.70,1,,31,0.2485,2.57,0
stage1,rdk_0001803.pdbqt,-9.08,1,,31,0.2930,3.47,0
stage1,rdk_0004151.pdbqt,-6.58,1,,19,0.3464,,0
stage1,rdk_0002005.pdbqt,-6.27,1,,25,0.2508,,0
stage1,rdk_0001856.pdbqt,-7.47,1,,21,0.3555,2.45,0
stage1,rdk_0002569.pdbqt,-5.41,1,,17,0.3181,,0
stage1,rdk_0000941.pdbqt,-7.22,1,,26,0.2779,,0
stage1,rdk_0002972.pdbqt,-8.20,1,,29,0.2827,,0
stage1,rdk_0004570.pdbqt,-4.41,1,,10,0.4410,,0
stage1,rdk_0004007.pdbqt,-8.19,1,,34,0.2408,2.88,0
stage1,rdk_0002594.pdbqt,-7.38,1,,27,0.2732,,0
stage1,rdk_0000842.pdbqt,-5.90,1,,22,0.2683,,0
stage1,rdk_0000347.pdbqt,-5.92,1,,17,0.3485,,0
stage1,rdk_0003909.pdbqt,-8.80,1,,33,0.2667,2.78,0
stage1,rdk_0003147.pdbqt,-7.96,1,,25,0.3186,2.98,0
stage1,rdk_0001574.pdbqt,-8.28,1,,28,0.2958,2.80,0
stage1,rdk_0004654.pdbqt,-5.98,1,,16,0.3735,,0
stage1,rdk_0002721.pdbqt,-7.26,1,,20,0.3632,2.47,0
stage1,rdk_0002127.pdbqt,-7.53,1,,19,0.3965,,0
stage1,rdk_0003912.pdbqt,-3.25,1,,6,0.5422,,0
stage1,rdk_0002071.pdbqt,-6.82,1,,33,0.2065,,0
stage1,rdk_0002097.pdbqt,-7.80,1,,28,0.2785,,0
stage1,rdk_0000863.pdbqt,-8.33,1,,21,0.3967,,0
stage1,rdk_0000141.pdbqt,-6.91,1,,15,0.4605,,0
stage1,rdk_0004357.pdbqt,-8.20,1,,21,0.3905,2.01,0
stage1,rdk_0002927.pdbqt,-9.42,1,,32,0.2943,,0
stage1,rdk_0000078.pdbqt,-8.96,1,,34,0.2635,4.70,0
stage1,rdk_0001372.pdbqt,-4.75,1,,12,0.3954,,0
stage1,rdk_0004319.pdbqt,-8.36,1,,27,0.3098,2.33,0
stage1,rdk_0002148.pdbqt,-5.96,1,,13,0.4584,,0
stage1,rdk_0003335.pdbqt,-10.54,1,,35,0.3010,,0
stage1,rdk_0004073.pdbqt,-7.11,1,,22,0.3230,2.28,0
stage1,rdk_0002805.pdbqt,-6.67,1,,17,0.3923,,0
stage1,rdk_0002029.pdbqt,-8.05,1,,48,0.1678,2.39,0
stage1,rdk_0002691.pdbqt,-3.67,1,,6,0.6115,,0
stage1,rdk_0002897.pdbqt,-6.32,1,,13,0.4864,,0
stage1,rdk_0002792.pdbqt,-5.32,1,,15,0.3546,,0
stage1,rdk_0000704.pdbqt,-9.25,1,,49,0.1887,2.62,0
stage1,rdk_0001555.pdbqt,-6.33,1,,21,0.3012,2.12,0
stage1,rdk_0001974.pdbqt,-8.73,1,,33,0.2645,,0
stage1,rdk_0002392.pdbqt,-7.87,1,,20,0.3934,,0
stage1,rdk_0003411.pdbqt,-7.36,1,,26,0.2832,2.66,0
stage1,rdk_0001422.pdbqt,-8.12,1,,36,0.2256,2.33,0
stage1,rdk_0003597.pdbqt,-6.74,1,,33,0.2042,,0
stage1,rdk_0002548.pdbqt,-7.27,1,,14,0.5191,,0
stage1,rdk_0004738.pdbqt,-5.11,1,,10,0.5107,,0
stage1,rdk_0001189.pdbqt,-7.13,1,,27,0.2640,2.27,0
stage1,rdk_0003714.pdbqt,-6.02,1,,11,0.5472,,0
stage1,rdk_0000986.pdbqt,-7.85,1,,31,0.2532,2.14,0
stage1,rdk_0001439.pdbqt,-7.66,1,,20,0.3829,,0
stage1,rdk_0001121.pdbqt,-7.58,1,,31,0.2446,2.30,0
stage1,rdk_0001297.pdbqt,-6.75,1,,34,0.1986,2.19,0
stage1,rdk_0001671.pdbqt,-6.94,1,,24,0.2891,,0
stage1,rdk_0003617.pdbqt,-8.58,1,,29,0.2957,,0
stage1,rdk_0002222.pdbqt,-8.51,1,,33,0.2579,,0
stage1,rdk_0002424.pdbqt,-8.37,1,,31,0.2699,,0
stage1,rdk_0000586.pdbqt,-8.55,1,,42,0.2036,2.98,0
stage1,rdk_0001271.pdbqt,-6.03,1,,17,0.3549,,0
stage1,rdk_0001955.pdbqt,-7.93,1,,25,0.3172,2.84,0
stage1,rdk_0003685.pdbqt,-7.57,1,,19,0.3983,,0
stage1,rdk_0002994.pdbqt,-6.12,1,,17,0.3597,,0
stage1,rdk_0004254.pdbqt,-9.61,1,,18,0.5339,,0
stage1,rdk_0001456.pdbqt,-7.15,1,,17,0.4206,,0
stage1,rdk_0001877.pdbqt,-6.61,1,,14,0.4720,2.02,0
stage1,rdk_0003011.pdbqt,-6.74,1,,30,0.2247,2.24,0
stage1,rdk_0002527.pdbqt,-6.38,1,,13,0.4908,,0
stage1,rdk_0002603.pdbqt,-8.03,1,,22,0.3650,,0
stage1,rdk_0000766.pdbqt,-7.33,1,,26,0.2817,2.54,0
stage1,rdk_0003735.pdbqt,-8.38,1,,24,0.3493,2.45,0
stage1,rdk_0004026.pdbqt,-6.98,1,,34,0.2053,2.13,0
stage1,rdk_0000698.pdbqt,-5.07,1,,20,0.2534,,0
stage1,rdk_0000709.pdbqt,-6.00,1,,23,0.2610,,0
stage1,rdk_0002321.pdbqt,-9.05,1,,37,0.2445,,0
stage1,rdk_0000960.pdbqt,-6.78,1,,23,0.2947,,0
stage1,rdk_0003636.pdbqt,-6.46,1,,31,0.2085,3.18,0
stage1,rdk_0004826.pdbqt,-7.40,1,,35,0.2115,2.75,0
stage1,rdk_0001039.pdbqt,-7.56,1,,32,0.2363,,0
stage1,rdk_0003718.pdbqt,-8.24,1,,15,0.5493,,0
stage1,rdk_0004873.pdbqt,-7.30,1,,36,0.2027,,0
stage1,rdk_0001155.pdbqt,-7.46,1,,17,0.4391,,0
stage1,rdk_0002660.pdbqt,-6.64,1,,16,0.4148,,0
stage1,rdk_0003259.pdbqt,-6.49,1,,24,0.2703,2.73,0
stage1,rdk_0004757.pdbqt,-7.61,1,,23,0.3308,2.54,0
stage1,rdk_0003430.pdbqt,-7.88,1,,28,0.2814,,0
stage1,rdk_0002544.pdbqt,-5.61,1,,12,0.4674,,0
stage1,rdk_0000991.pdbqt,-6.55,1,,13,0.5042,,0
stage1,rdk_0000366.pdbqt,-6.00,1,,20,0.3002,,0
stage1,rdk_0003678.pdbqt,-8.35,1,,31,0.2693,2.82,0
stage1,rdk_0004525.pdbqt,-7.51,1,,40,0.1878,3.44,0
stage1,rdk_0000063.pdbqt,-6.68,1,,30,0.2225,,0
stage1,rdk_0003098.pdbqt,-7.15,1,,44,0.1625,2.13,0
stage1,rdk_0001886.pdbqt,-6.58,1,,11,0.5985,,0
stage1,rdk_0004258.pdbqt,-10.81,1,,22,0.4914,,0
stage1,rdk_0002363.pdbqt,-8.04,1,,27,0.2979,,0
stage1,rdk_0004410.pdbqt,-8.47,1,,28,0.3024,,0
stage1,rdk_0004113.pdbqt,-5.66,1,,18,0.3142,2.08,0
stage1,rdk_0004288.pdbqt,-10.82,1,,33,0.3278,2.52,0
stage1,rdk_0003777.pdbqt,-7.69,1,,11,0.6988,,0
stage1,rdk_0000397.pdbqt,-7.59,1,,27,0.2810,,0
stage1,rdk_0001212.pdbqt,-4.17,1,,15,0.2777,,0
stage1,rdk_0000541.pdbqt,-8.52,1,,29,0.2939,,0
stage1,rdk_0003285.pdbqt,-4.94,1,,19,0.2598,2.04,0
stage1,rdk_0003274.pdbqt,-3.56,1,,9,0.3953,,0
stage1,rdk_0003663.pdbqt,-9.43,1,,35,0.2695,2.02,0
stage1,rdk_0003289.pdbqt,-7.80,1,,14,0.5569,,0
stage1,rdk_0003830.pdbqt,-5.37,1,,24,0.2237,,0
stage1,rdk_0004473.pdbqt,-9.36,1,,24,0.3898,,0
stage1,rdk_0000606.pdbqt,-7.10,1,,17,0.4174,,0
stage1,rdk_0001989.pdbqt,-8.49,1,,30,0.2830,2.43,0
stage1,rdk_0002203.pdbqt,-7.00,1,,33,0.2122,,0
stage1,rdk_0004181.pdbqt,-5.11,1,,11,0.4644,,0
stage1,rdk_0000522.pdbqt,-8.64,1,,23,0.3757,,0
stage1,rdk_0000669.pdbqt,-5.52,1,,20,0.2760,2.66,0
stage1,rdk_0003872.pdbqt,-8.97,1,,17,0.5278,,0
stage1,rdk_0001798.pdbqt,-8.12,1,,45,0.1804,3.23,0
stage1,rdk_0001435.pdbqt,-8.10,1,,24,0.3374,2.28,0
stage1,rdk_0003314.pdbqt,-9.53,1,,31,0.3074,,0
stage1,rdk_0001100.pdbqt,-9.49,1,,47,0.2019,,0
stage1,rdk_0004338.pdbqt,-8.27,1,,30,0.2758,2.15,0
stage1,rdk_0003883.pdbqt,-9.45,1,,31,0.3048,,0
stage1,rdk_0001136.pdbqt,-7.40,1,,24,0.3085,,0
stage1,rdk_0002047.pdbqt,-7.58,1,,24,0.3157,2.07,0
stage1,rdk_0001383.pdbqt,-9.20,1,,23,0.4000,,0
stage1,rdk_0000042.pdbqt,-5.71,1,,28,0.2038,2.49,0
stage1,rdk_0003006.pdbqt,-8.03,1,,41,0.1958,2.32,0
stage1,rdk_0004082.pdbqt,-8.03,1,,24,0.3345,,0
stage1,rdk_0000265.pdbqt,-7.79,1,,41,0.1901,,0
stage1,rdk_0000021.pdbqt,-7.16,1,,21,0.3410,,0
stage1,rdk_0004376.pdbqt,-8.15,1,,31,0.2631,2.31,0
stage1,rdk_0000903.pdbqt,-7.02,1,,31,0.2266,,0
stage1,rdk_0001159.pdbqt,-7.09,1,,23,0.3083,,0
stage1,rdk_0000421.pdbqt,-7.87,1,,17,0.4627,,0
stage1,rdk_0001769.pdbqt,-6.95,1,,33,0.2105,2.17,0
stage1,rdk_0001035.pdbqt,-8.69,1,,22,0.3952,,0
stage1,rdk_0003971.pdbqt,-7.57,1,,16,0.4733,,0
stage1,rdk_0002906.pdbqt,-7.41,1,,28,0.2646,2.74,0
stage1,rdk_0002809.pdbqt,-6.89,1,,13,0.5299,,0
stage1,rdk_0000665.pdbqt,-8.68,1,,36,0.2410,,0
stage1,rdk_0003053.pdbqt,-7.73,1,,27,0.2862,,0
stage1,rdk_0000800.pdbqt,-6.76,1,,19,0.3558,,0
stage1,rdk_0004734.pdbqt,-7.62,1,,32,0.2383,,0
stage1,rdk_0003786.pdbqt,-10.67,1,,33,0.3233,2.96,0
stage1,rdk_0000122.pdbqt,-8.11,1,,29,0.2796,,0
stage1,rdk_0001680.pdbqt,-6.49,1,,22,0.2950,,0
stage1,rdk_0000442.pdbqt,-9.49,1,,38,0.2499,,0
stage1,rdk_0002866.pdbqt,-6.84,1,,17,0.4026,,0
stage1,rdk_0001559.pdbqt,-9.95,1,,20,0.4973,,0
stage1,rdk_0001917.pdbqt,-6.64,1,,11,0.6041,,0
stage1,rdk_0004787.pdbqt,-5.93,1,,9,0.6587,,0
stage1,rdk_0003386.pdbqt,-6.29,1,,30,0.2098,2.02,0
stage1,rdk_0001710.pdbqt,-7.26,1,,57,0.1273,4.03,0
stage1,rdk_0004932.pdbqt,-9.48,1,,20,0.4738,,0
stage1,rdk_0003150.pdbqt,-7.94,1,,22,0.3609,,0
stage1,rdk_0001731.pdbqt,-8.62,1,,45,0.1914,2.97,0
stage1,rdk_0002260.pdbqt,-8.32,1,,26,0.3202,,0
stage1,rdk_0002300.pdbqt,-8.35,1,,36,0.2318,,0
stage1,rdk_0004284.pdbqt,-5.75,1,,16,0.3596,,0
stage1,rdk_0004546.pdbqt,-9.55,1,,54,0.1769,2.65,0
stage1,rdk_0004170.pdbqt,-8.40,1,,32,0.2626,2.20,0
stage1,rdk_0004658.pdbqt,-6.41,1,,22,0.2914,2.02,0
stage1,rdk_0003853.pdbqt,-6.34,1,,12,0.5281,,0
stage1,rdk_0000922.pdbqt,-7.69,1,,20,0.3846,,0
stage1,rdk_0003217.pdbqt,-6.64,1,,31,0.2143,2.19,0
stage1,rdk_0000206.pdbqt,-7.83,1,,31,0.2526,,0
stage1,rdk_0000939.pdbqt,-8.37,1,,44,0.1903,2.33,0
stage1,rdk_0003739.pdbqt,-6.95,1,,13,0.5345,,0
stage1,rdk_0001280.pdbqt,-5.54,1,,18,0.3078,2.52,0
stage1,rdk_0002144.pdbqt,-7.60,1,,26,0.2925,,0
stage1,rdk_0001117.pdbqt,-6.90,1,,11,0.6276,,0
stage1,rdk_0001985.pdbqt,-5.82,1,,20,0.2910,,0
stage1,rdk_0001536.pdbqt,-6.50,1,,26,0.2501,,0
stage1,rdk_0000591.pdbqt,-9.07,1,,22,0.4123,,0
stage1,rdk_0001794.pdbqt,-7.28,1,,33,0.2206,,0
stage1,rdk_0003377.pdbqt,-7.31,1,,25,0.2924,2.32,0
stage1,rdk_0002944.pdbqt,-7.53,1,,17,0.4429,,0
stage1,rdk_0000305.pdbqt,-7.34,1,,28,0.2621,,0
stage1,rdk_0001486.pdbqt,-8.14,1,,16,0.5088,,0
stage1,rdk_0002291.pdbqt,-7.05,1,,37,0.1906,,0
stage1,rdk_0002641.pdbqt,-5.00,1,,9,0.5550,,0
stage1,rdk_0003171.pdbqt,-6.75,1,,18,0.3748,,0
stage1,rdk_0000092.pdbqt,-9.28,1,,16,0.5799,,0
stage1,rdk_0002969.pdbqt,-11.34,1,,36,0.3149,3.05,0
stage1,rdk_0001365.pdbqt,-8.72,1,,44,0.1982,2.45,0
stage1,rdk_0001233.pdbqt,-5.25,1,,12,0.4377,,0
stage1,rdk_0003898.pdbqt,-8.97,1,,37,0.2424,2.18,0
stage1,rdk_0003278.pdbqt,-6.75,1,,29,0.2327,2.75,0
stage1,rdk_0000683.pdbqt,-6.26,1,,34,0.1840,3.82,0
stage1,rdk_0004237.pdbqt,-7.20,1,,31,0.2322,2.30,0
stage1,rdk_0002066.pdbqt,-8.62,1,,16,0.5387,,0
stage1,rdk_0001185.pdbqt,-7.61,1,,19,0.4005,2.05,0
stage1,rdk_0002700.pdbqt,-9.80,1,,38,0.2579,3.57,0
stage1,rdk_0002428.pdbqt,-6.03,1,,22,0.2742,,0
stage1,rdk_0003756.pdbqt,-8.88,1,,22,0.4035,,0
stage1,rdk_0003339.pdbqt,-5.16,1,,9,0.5736,,0
stage1,rdk_0001414.pdbqt,-8.04,1,,23,0.3493,,0
stage1,rdk_0003472.pdbqt,-8.90,1,,29,0.3070,,0
stage1,rdk_0003255.pdbqt,-5.98,1,,19,0.3148,2.78,0
stage1,rdk_0004482.pdbqt,-9.96,1,,30,0.3320,,0
stage1,rdk_0002466.pdbqt,-6.44,1,,11,0.5858,,0
stage1,rdk_0003811.pdbqt,-8.26,1,,36,0.2293,,0
stage1,rdk_0004616.pdbqt,-9.16,1,,22,0.4162,,0
stage1,rdk_0002165.pdbqt,-7.19,1,,21,0.3422,,0
stage1,rdk_0000328.pdbqt,-7.12,1,,39,0.1826,2.61,0
stage1,rdk_0004715.pdbqt,-8.37,1,,18,0.4649,,0
stage1,rdk_0002742.pdbqt,-8.09,1,,18,0.4493,,0
stage1,rdk_0002342.pdbqt,-7.21,1,,18,0.4007,,0
stage1,rdk_0004679.pdbqt,-2.93,1,,4,0.7318,,0
stage1,rdk_0004684.pdbqt,-7.38,1,,11,0.6712,,0
stage1,rdk_0004132.pdbqt,-9.01,1,,28,0.3219,,0
stage1,rdk_0001936.pdbqt,-11.89,1,,24,0.4953,,0
stage1,rdk_0004831.pdbqt,-9.05,1,,33,0.2742,2.13,0
stage1,rdk_0004031.pdbqt,-7.58,1,,25,0.3032,,0
stage1,rdk_0001959.pdbqt,-8.40,1,,23,0.3653,,0
stage1,rdk_0001517.pdbqt,-8.79,1,,20,0.4393,,0
stage1,rdk_0000724.pdbqt,-5.88,1,,15,0.3919,,0
stage1,rdk_0001086.pdbqt,-6.89,1,,15,0.4594,,0
stage1,rdk_0002763.pdbqt,-7.95,1,,25,0.3180,2.31,0
stage1,rdk_0001178.pdbqt,-8.19,1,,22,0.3721,2.94,0
stage1,rdk_0001330.pdbqt,-4.48,1,,12,0.3733,,0
stage1,rdk_0001311.pdbqt,-7.77,1,,29,0.2680,2.44,0
stage1,rdk_0001815.pdbqt,-7.46,1,,42,0.1776,,0
stage1,rdk_0004315.pdbqt,-7.53,1,,23,0.3275,,0
stage1,rdk_0004908.pdbqt,-8.90,1,,54,0.1649,2.77,0
stage1,rdk_0000298.pdbqt,-7.42,1,,36,0.2060,2.36,0
stage1,rdk_0004513.pdbqt,-5.91,1,,28,0.2110,,0
stage1,rdk_0003950.pdbqt,-9.01,1,,23,0.3917,,0
stage1,rdk_0002409.pdbqt,-8.92,1,,20,0.4462,,0
stage1,rdk_0002813.pdbqt,-6.74,1,,18,0.3742,,0
stage1,rdk_0002009.pdbqt,-7.54,1,,27,0.2793,,0
stage1,rdk_0001578.pdbqt,-9.78,1,,19,0.5148,,0
stage1,rdk_0001772.pdbqt,-6.87,1,,31,0.2217,,0
stage1,rdk_0000400.pdbqt,-7.18,1,,21,0.3420,,0
stage1,rdk_0002241.pdbqt,-7.59,1,,31,0.2448,,0
stage1,rdk_0000648.pdbqt,-7.29,1,,24,0.3038,2.66,0
stage1,rdk_0001835.pdbqt,-6.84,1,,25,0.2738,,0
stage1,rdk_0001839.pdbqt,-7.38,1,,32,0.2306,2.07,0
stage1,rdk_0001585.pdbqt,-9.44,1,,22,0.4290,,0
stage1,rdk_0004532.pdbqt,-8.78,1,,32,0.2744,,0
stage1,rdk_0000294.pdbqt,-6.73,1,,30,0.2244,,0
stage1,rdk_0003689.pdbqt,-9.04,1,,28,0.3230,2.68,0
stage1,rdk_0000227.pdbqt,-7.38,1,,23,0.3209,,0
stage1,rdk_0003049.pdbqt,-6.09,1,,12,0.5079,,0
stage1,rdk_0004098.pdbqt,-9.25,1,,27,0.3426,,0
stage1,rdk_0001612.pdbqt,-7.49,1,,25,0.2997,,0
stage1,rdk_0001962.pdbqt,-7.87,1,,21,0.3749,,0
stage1,rdk_0002447.pdbqt,-7.92,1,,25,0.3166,2.06,0
stage1,rdk_0002716.pdbqt,-6.91,1,,20,0.3454,2.17,0
stage1,rdk_0004852.pdbqt,-8.20,1,,37,0.2216,3.20,0
stage1,rdk_0001543.pdbqt,-7.54,1,,18,0.4187,,0
stage1,rdk_0000309.pdbqt,-7.09,1,,37,0.1916,2.60,0
stage1,rdk_0004509.pdbqt,-5.04,1,,9,0.5596,,0
stage1,rdk_0000503.pdbqt,-8.00,1,,25,0.3201,2.45,0
stage1,rdk_0000892.pdbqt,-8.85,1,,41,0.2159,,0
stage1,rdk_0004928.pdbqt,-8.59,1,,21,0.4091,,0
stage1,rdk_0002998.pdbqt,-7.43,1,,33,0.2252,3.02,0
stage1,rdk_0001014.pdbqt,-8.38,1,,30,0.2793,,0
stage1,rdk_0003655.pdbqt,-8.78,1,,26,0.3377,,0
stage1,rdk_0001399.pdbqt,-7.26,1,,18,0.4033,2.03,0
stage1,rdk_0000492.pdbqt,-7.47,1,,30,0.2491,2.19,0
stage1,rdk_0001667.pdbqt,-6.25,1,,20,0.3124,,0
stage1,rdk_0000875.pdbqt,-8.75,1,,22,0.3978,,0
stage1,rdk_0003426.pdbqt,-4.76,1,,7,0.6796,,0
stage1,rdk_0002779.pdbqt,-8.39,1,,23,0.3646,,0
stage1,rdk_0003356.pdbqt,-8.63,1,,25,0.3450,,0
stage1,rdk_0002598.pdbqt,-8.15,1,,34,0.2398,,0
stage1,rdk_0004341.pdbqt,-7.99,1,,19,0.4205,,0
stage1,rdk_0000770.pdbqt,-7.20,1,,27,0.2666,,0
stage1,rdk_0004637.pdbqt,-9.06,1,,29,0.3123,,0
stage1,rdk_0000454.pdbqt,-8.42,1,,24,0.3510,,0
stage1,rdk_0001056.pdbqt,-6.94,1,,35,0.1982,2.49,0
stage1,rdk_0003674.pdbqt,-8.35,1,,33,0.2531,2.66,0
stage1,rdk_0000694.pdbqt,-5.70,1,,32,0.1782,2.07,0
stage1,rdk_0004882.pdbqt,-8.31,1,,38,0.2187,2.31,0
stage1,rdk_0001040.pdbqt,-7.53,1,,32,0.2354,,0
stage1,rdk_0000000.pdbqt,-7.57,1,,32,0.2367,2.11,0
stage1,rdk_0001608.pdbqt,-6.76,1,,20,0.3380,,0
stage1,rdk_0000269.pdbqt,-5.96,1,,26,0.2292,2.08,0
stage1,rdk_0000370.pdbqt,-8.04,1,,18,0.4466,,0
stage1,rdk_0003807.pdbqt,-6.36,1,,10,0.6363,,0
stage1,rdk_0003525.pdbqt,-8.33,1,,28,0.2974,,0
stage1,rdk_0002384.pdbqt,-8.43,1,,23,0.3664,,0
stage1,rdk_0002687.pdbqt,-4.67,1,,11,0.4247,,0
stage1,rdk_0003702.pdbqt,-7.16,1,,16,0.4472,,0
stage1,rdk_0002565.pdbqt,-7.29,1,,36,0.2026,,0
stage1,rdk_0002615.pdbqt,-6.29,1,,10,0.6287,,0
stage1,rdk_0003318.pdbqt,-8.96,1,,35,0.2559,2.42,0
stage1,rdk_0002024.pdbqt,-7.42,1,,37,0.2005,2.63,0
stage1,rdk_0003072.pdbqt,-9.74,1,,33,0.2951,,0
stage1,rdk_0003790.pdbqt,-8.66,1,,20,0.4332,,0
stage1,rdk_0000248.pdbqt,-7.36,1,,33,0.2230,,0
stage1,rdk_0003201.pdbqt,-8.17,1,,21,0.3891,2.43,0
stage1,rdk_0002198.pdbqt,-7.81,1,,33,0.2366,2.30,0
stage1,rdk_0002131.pdbqt,-7.93,1,,22,0.3605,2.07,0
stage1,rdk_0004387.pdbqt,-7.39,1,,29,0.2550,2.05,0
stage1,rdk_0000821.pdbqt,-6.96,1,,28,0.2485,2.51,0
stage1,rdk_0003601.pdbqt,-6.71,1,,23,0.2918,,0
stage1,rdk_0003996.pdbqt,-7.38,1,,20,0.3692,2.11,0
stage1,rdk_0001819.pdbqt,-6.54,1,,58,0.1128,2.80,0
stage1,rdk_0004741.pdbqt,-5.08,1,,10,0.5084,,0
stage1,rdk_0000054.pdbqt,-6.71,1,,20,0.3357,2.08,0
stage1,rdk_0002287.pdbqt,-7.96,1,,24,0.3318,2.29,0
stage1,rdk_0000324.pdbqt,-6.96,1,,35,0.1989,2.06,0
stage1,rdk_0000797.pdbqt,-6.21,1,,27,0.2298,3.13,0
stage1,RXT_A1204.pdbqt,-8.40,1,,23,0.3654,,0
stage1,rdk_0002432.pdbqt,-10.00,1,,29,0.3449,2.41,0
stage1,rdk_0002032.pdbqt,-8.15,1,,17,0.4795,2.04,0
stage1,rdk_0000103.pdbqt,-8.16,1,,31,0.2632,,0
stage1,rdk_0003904.pdbqt,-7.25,1,,23,0.3151,,0
stage1,rdk_0000673.pdbqt,-5.53,1,,21,0.2631,,0
stage1,rdk_0003868.pdbqt,-7.53,1,,23,0.3273,,0
stage1,rdk_0000191.pdbqt,-7.89,1,,32,0.2467,2.97,0
stage1,rdk_0004498.pdbqt,-7.91,1,,23,0.3437,,0
stage1,rdk_0003390.pdbqt,-6.66,1,,26,0.2563,,0
stage1,rdk_0004909.pdbqt,-9.03,1,,14,0.6452,,0
stage1,rdk_0003449.pdbqt,-6.46,1,,12,0.5381,,0
stage1,rdk_0000138.pdbqt,-7.49,1,,29,0.2584,,0
stage1,rdk_0000854.pdbqt,-9.81,1,,22,0.4457,,0
stage1,rdk_0002481.pdbqt,-6.89,1,,11,0.6265,,0
stage1,rdk_0001143.pdbqt,-7.25,1,,23,0.3151,,0
stage1,rdk_0000538.pdbqt,-8.81,1,,28,0.3147,,0
stage1,rdk_0002531.pdbqt,-7.11,1,,15,0.4740,,0
stage1,rdk_0002182.pdbqt,-8.55,1,,22,0.3888,,0
stage1,rdk_0000751.pdbqt,-8.26,1,,23,0.3592,,0
stage1,rdk_0000888.pdbqt,-7.86,1,,33,0.2382,,0
stage1,rdk_0003659.pdbqt,-7.30,1,,33,0.2213,3.30,0
stage1,rdk_0000919.pdbqt,-8.77,1,,21,0.4174,2.36,0
stage1,rdk_0003026.pdbqt,-8.43,1,,35,0.2410,,0
stage1,rdk_0001440.pdbqt,-6.58,1,,23,0.2861,,0
stage1,rdk_0000157.pdbqt,-7.36,1,,25,0.2945,2.70,0
stage1,rdk_0001061.pdbqt,-4.33,1,,10,0.4332,,0
stage1,rdk_0004844.pdbqt,-7.79,1,,22,0.3540,,0
stage1,rdk_0004551.pdbqt,-10.52,1,,52,0.2024,2.18,0
stage1,rdk_0002758.pdbqt,-7.77,1,,21,0.3699,,0
stage1,rdk_0000488.pdbqt,-5.96,1,,19,0.3138,,0
stage1,rdk_0004550.pdbqt,-8.70,1,,49,0.1776,4.16,0
stage1,rdk_0004065.pdbqt,-8.78,1,,25,0.3511,2.05,0
stage1,rdk_0001861.pdbqt,-6.73,1,,24,0.2802,,0
stage1,rdk_0002828.pdbqt,-8.14,1,,30,0.2712,2.21,0
stage1,rdk_0002110.pdbqt,-8.17,1,,25,0.3267,,0
stage1,rdk_0004444.pdbqt,-6.08,1,,11,0.5528,,0
stage1,rdk_0003925.pdbqt,-4.70,1,,12,0.3918,,0
stage1,rdk_0001629.pdbqt,-6.96,1,,22,0.3165,,0
stage1,rdk_0002234.pdbqt,-7.58,1,,19,0.3989,,0
stage1,rdk_0003302.pdbqt,-9.28,1,,29,0.3200,2.14,0
stage1,rdk_0003453.pdbqt,-10.45,1,,41,0.2549,2.66,0
stage1,rdk_0001562.pdbqt,-10.19,1,,20,0.5093,,0
stage1,rdk_0004360.pdbqt,-9.01,1,,26,0.3464,,0
stage1,rdk_0004334.pdbqt,-9.07,1,,41,0.2213,,0
stage1,rdk_0001345.pdbqt,-7.67,1,,22,0.3488,,0
stage1,rdk_0002379.pdbqt,-7.78,1,,33,0.2358,,0
stage1,rdk_0004242.pdbqt,-8.02,1,,26,0.3085,,0
stage1,rdk_0003068.pdbqt,-9.80,1,,20,0.4901,,0
stage1,rdk_0002881.pdbqt,-7.69,1,,27,0.2849,2.42,0
stage1,rdk_0002337.pdbqt,-8.57,1,,24,0.3572,,0
stage1,rdk_0001461.pdbqt,-7.91,1,,20,0.3955,,0
stage1,rdk_0003196.pdbqt,-7.89,1,,21,0.3759,,0
stage1,rdk_0004504.pdbqt,-8.32,1,,43,0.1936,3.72,0
stage1,rdk_0004147.pdbqt,-7.04,1,,16,0.4397,,0
stage1,rdk_0003620.pdbqt,-7.88,1,,24,0.3285,2.42,0
stage1,rdk_0003468.pdbqt,-6.11,1,,15,0.4075,,0
stage1,rdk_0001162.pdbqt,-7.42,1,,16,0.4640,,0
stage1,rdk_0003849.pdbqt,-9.05,1,,19,0.4763,,0
stage1,rdk_0002737.pdbqt,-8.90,1,,22,0.4047,,0
stage1,rdk_0003095.pdbqt,-7.88,1,,29,0.2718,,0
stage1,rdk_0004263.pdbqt,-9.66,1,,27,0.3576,,0
stage1,rdk_0003030.pdbqt,-8.08,1,,39,0.2073,2.65,0
stage1,rdk_0002832.pdbqt,-6.64,1,,25,0.2657,,0
stage1,rdk_0002413.pdbqt,-7.27,1,,28,0.2597,,0
stage1,rdk_0002634.pdbqt,-7.22,1,,17,0.4248,,0
stage1,rdk_0004528.pdbqt,-8.41,1,,28,0.3003,,0
stage1,rdk_0004581.pdbqt,-9.08,1,,41,0.2215,3.11,0
stage1,rdk_0000519.pdbqt,-8.17,1,,26,0.3141,,0
stage1,rdk_0004760.pdbqt,-5.87,1,,12,0.4893,,0
stage1,rdk_0001246.pdbqt,-10.12,1,,21,0.4819,,0
stage1,rdk_0001646.pdbqt,-6.43,1,,20,0.3215,,0
stage1,rdk_0001744.pdbqt,-6.84,1,,51,0.1340,2.06,0
stage1,rdk_0002358.pdbqt,-7.76,1,,21,0.3698,,0
stage1,rdk_0000273.pdbqt,-9.68,1,,37,0.2617,,0
stage1,rdk_0001267.pdbqt,-7.53,1,,28,0.2688,,0
stage1,rdk_0001490.pdbqt,-8.35,1,,21,0.3977,,0
stage1,rdk_0001193.pdbqt,-5.17,1,,10,0.5171,,0
stage1,rdk_0004109.pdbqt,-7.64,1,,30,0.2546,2.12,0
stage1,rdk_0000652.pdbqt,-6.89,1,,24,0.2869,,0
stage1,rdk_0004128.pdbqt,-9.16,1,,17,0.5389,,0
stage1,rdk_0003007.pdbqt,-7.78,1,,28,0.2779,,0
stage1,rdk_0004642.pdbqt,-8.05,1,,35,0.2299,3.67,0
stage1,rdk_0002510.pdbqt,-6.04,1,,17,0.3555,,0
stage1,rdk_0003504.pdbqt,-11.17,1,,30,0.3723,,0
stage1,rdk_0001208.pdbqt,-7.21,1,,26,0.2773,2.85,0
stage1,rdk_0000557.pdbqt,-6.89,1,,29,0.2378,3.02,0
stage1,rdk_0004913.pdbqt,-8.43,1,,33,0.2555,4.04,0
stage1,rdk_0001943.pdbqt,-8.59,1,,29,0.2962,2.28,0
stage1,rdk_0000576.pdbqt,-8.33,1,,28,0.2975,,0
stage1,rdk_0000631.pdbqt,-4.93,1,,12,0.4110,,0
stage1,rdk_0004703.pdbqt,-5.13,1,,10,0.5135,,0
stage1,rdk_0003464.pdbqt,-5.61,1,,15,0.3739,,0
stage1,rdk_0002070.pdbqt,-7.31,1,,14,0.5221,,0
stage1,rdk_0000176.pdbqt,-6.42,1,,24,0.2674,,0
stage1,rdk_0000252.pdbqt,-7.72,1,,29,0.2661,,0
stage1,rdk_0000351.pdbqt,-7.22,1,,20,0.3612,,0
stage1,rdk_0003407.pdbqt,-8.71,1,,22,0.3957,,0
stage1,rdk_0002638.pdbqt,-5.97,1,,14,0.4264,,0
stage1,rdk_0004806.pdbqt,-6.17,1,,11,0.5611,,0
stage1,rdk_0003243.pdbqt,-8.59,1,,40,0.2148,,0
stage1,rdk_0001633.pdbqt,-9.49,1,,33,0.2875,3.97,0
stage1,rdk_0001225.pdbqt,-6.71,1,,15,0.4472,,0
stage1,rdk_0003220.pdbqt,-11.02,1,,27,0.4081,,0
stage1,rdk_0002910.pdbqt,-8.05,1,,34,0.2366,2.95,0
stage1,rdk_0002316.pdbqt,-7.09,1,,35,0.2027,,0
stage1,rdk_0004869.pdbqt,-7.09,1,,28,0.2534,,0
stage1,rdk_0002657.pdbqt,-4.29,1,,9,0.4772,,0
stage1,rdk_0003693.pdbqt,-7.72,1,,34,0.2272,2.34,0
stage1,rdk_0001229.pdbqt,-6.46,1,,23,0.2810,,0
stage1,rdk_0003512.pdbqt,-7.43,1,,40,0.1857,2.32,0
stage1,rdk_0003826.pdbqt,-5.68,1,,24,0.2368,,0
stage1,rdk_0004124.pdbqt,-7.56,1,,17,0.4448,,0
stage1,rdk_0004044.pdbqt,-7.68,1,,22,0.3490,2.55,0
stage1,rdk_0002931.pdbqt,-7.43,1,,26,0.2859,2.49,0
stage1,rdk_0004200.pdbqt,-7.67,1,,26,0.2951,,0
stage1,rdk_0001326.pdbqt,-8.16,1,,23,0.3549,,0
stage1,rdk_0000088.pdbqt,-5.87,1,,25,0.2348,,0
stage1,rdk_0003524.pdbqt,-8.71,1,,46,0.1893,3.25,0
stage1,rdk_0001764.pdbqt,-8.45,1,,37,0.2285,,0
stage1,rdk_0003895.pdbqt,-8.13,1,,33,0.2465,2.37,0
stage1,rdk_0001752.pdbqt,-6.27,1,,55,0.1141,,0
stage1,rdk_0004166.pdbqt,-9.71,1,,34,0.2855,2.33,0
stage1,rdk_0000858.pdbqt,-8.53,1,,25,0.3412,,0
stage1,rdk_0002470.pdbqt,-7.58,1,,14,0.5412,,0
stage1,rdk_0002354.pdbqt,-6.33,1,,17,0.3726,,0
stage1,rdk_0002013.pdbqt,-8.42,1,,28,0.3007,2.31,0
stage1,rdk_0000119.pdbqt,-7.87,1,,25,0.3147,3.83,0
stage1,rdk_0003723.pdbqt,-7.40,1,,23,0.3216,2.05,0
stage1,rdk_0000079.pdbqt,-7.14,1,,18,0.3966,,0
stage1,rdk_0002081.pdbqt,-6.24,1,,23,0.2711,2.36,0
stage1,rdk_0003125.pdbqt,-8.35,1,,37,0.2257,,0
stage1,rdk_0003508.pdbqt,-7.65,1,,25,0.3060,,0
stage1,rdk_0003929.pdbqt,-4.25,1,,9,0.4726,,0
stage1,rdk_0001625.pdbqt,-6.73,1,,21,0.3205,,0
stage1,rdk_0004048.pdbqt,-4.63,1,,8,0.5791,,0
stage1,rdk_0000332.pdbqt,-6.87,1,,23,0.2986,,0
stage1,rdk_0001002.pdbqt,-7.72,1,,20,0.3858,,0
stage1,rdk_0002573.pdbqt,-6.11,1,,20,0.3053,,0
stage1,rdk_0002582.pdbqt,-8.01,1,,25,0.3204,,0
stage1,rdk_0000484.pdbqt,-5.68,1,,12,0.4736,,0
stage1,rdk_0004292.pdbqt,-7.87,1,,22,0.3576,,0
stage1,rdk_0000705.pdbqt,-9.97,1,,49,0.2035,4.44,0
stage1,rdk_0004692.pdbqt,-8.14,1,,18,0.4521,,0
stage1,rdk_0002238.pdbqt,-7.89,1,,22,0.3585,,0
stage1,rdk_0001402.pdbqt,-7.22,1,,21,0.3436,,0
stage1,rdk_0001501.pdbqt,-6.86,1,,21,0.3266,2.19,0
stage1,rdk_0001090.pdbqt,-7.87,1,,23,0.3423,,0
stage1,rdk_0000231.pdbqt,-6.77,1,,18,0.3760,,0
stage1,rdk_0003567.pdbqt,-7.38,1,,21,0.3514,,0
stage1,rdk_0001727.pdbqt,-5.22,1,,52,0.1004,,0
stage1,rdk_0001204.pdbqt,-5.68,1,,12,0.4731,,0
stage1,rdk_0004448.pdbqt,-7.03,1,,27,0.2605,2.64,0
stage1,rdk_0000084.pdbqt,-7.36,1,,22,0.3345,2.06,0
stage1,rdk_0002784.pdbqt,-9.19,1,,35,0.2625,2.46,0
stage1,rdk_0000475.pdbqt,-7.83,1,,38,0.2061,2.08,0
stage1,rdk_0004827.pdbqt,-6.93,1,,18,0.3851,,0
stage1,rdk_0003108.pdbqt,-9.69,1,,26,0.3727,,0
stage1,rdk_0002552.pdbqt,-6.77,1,,10,0.6772,,0
stage1,rdk_0003129.pdbqt,-7.20,1,,19,0.3791,2.05,0
stage1,rdk_0000416.pdbqt,-6.85,1,,23,0.2980,,0
stage1,rdk_0001593.pdbqt,-5.64,1,,19,0.2969,2.11,0
stage1,rdk_0001707.pdbqt,-6.27,1,,21,0.2986,,0
stage1,rdk_0004905.pdbqt,-8.46,1,,29,0.2919,2.35,0
stage1,rdk_0001349.pdbqt,-7.10,1,,23,0.3086,,0
stage1,rdk_0004791.pdbqt,-7.12,1,,21,0.3392,2.17,0
stage1,rdk_0002676.pdbqt,-6.47,1,,17,0.3808,,0
stage1,rdk_0002051.pdbqt,-7.51,1,,26,0.2888,,0
stage1,rdk_0000627.pdbqt,-9.08,1,,39,0.2328,3.50,0
stage1,rdk_0002028.pdbqt,-8.34,1,,48,0.1738,2.64,0
stage1,rdk_0002215.pdbqt,-7.71,1,,35,0.2203,3.11,0
stage1,rdk_0000381.pdbqt,-6.93,1,,21,0.3301,,0
stage1,rdk_0002754.pdbqt,-6.91,1,,25,0.2762,2.59,0
stage1,rdk_0002619.pdbqt,-7.17,1,,14,0.5120,,0
stage1,rdk_0002375.pdbqt,-7.47,1,,15,0.4979,,0
stage1,rdk_0000187.pdbqt,-7.13,1,,26,0.2744,,0
stage1,rdk_0000037.pdbqt,-5.56,1,,12,0.4631,,0
stage1,rdk_0003340.pdbqt,-8.04,1,,22,0.3655,2.28,0
stage1,rdk_0004406.pdbqt,-8.36,1,,19,0.4402,,0
stage1,rdk_0003323.pdbqt,-11.38,1,,38,0.2994,2.84,0
stage1,rdk_0000115.pdbqt,-7.38,1,,26,0.2837,,0
stage1,rdk_0001920.pdbqt,-8.84,1,,24,0.3682,2.07,0
stage1,rdk_0004722.pdbqt,-6.78,1,,18,0.3766,2.27,0
stage1,rdk_0003761.pdbqt,-4.54,1,,9,0.5048,,0
stage1,rdk_0000534.pdbqt,-7.65,1,,20,0.3825,,0
stage1,rdk_0000957.pdbqt,-7.61,1,,35,0.2175,2.62,0
stage1,rdk_0004027.pdbqt,-6.70,1,,18,0.3723,3.22,0
stage1,rdk_0004105.pdbqt,-6.15,1,,19,0.3236,2.26,0
stage1,rdk_0003167.pdbqt,-9.42,1,,33,0.2853,2.43,0
stage1,rdk_0003445.pdbqt,-6.29,1,,10,0.6288,,0
stage1,rdk_0004220.pdbqt,-9.24,1,,45,0.2054,3.37,0
stage1,rdk_0002388.pdbqt,-7.70,1,,26,0.2963,,0
stage1,rdk_0004524.pdbqt,-7.60,1,,46,0.1653,,0
stage1,rdk_0004391.pdbqt,-8.84,1,,29,0.3048,,0
stage1,rdk_0002973.pdbqt,-8.12,1,,27,0.3006,,0
stage1,rdk_0002257.pdbqt,-8.11,1,,29,0.2797,2.40,0
stage1,rdk_0004303.pdbqt,-8.79,1,,30,0.2930,2.50,0
stage1,rdk_0000837.pdbqt,-8.31,1,,30,0.2769,3.04,0
stage1,rdk_0001423.pdbqt,-6.82,1,,22,0.3099,2.08,0
stage1,rdk_0001296.pdbqt,-6.74,1,,13,0.5185,,0
stage1,rdk_0004069.pdbqt,-6.89,1,,13,0.5297,,0
stage1,rdk_0001696.pdbqt,-7.94,1,,13,0.6108,,0
stage1,rdk_0004279.pdbqt,-8.49,1,,44,0.1931,,0
stage1,rdk_0000732.pdbqt,-5.77,1,,18,0.3204,2.28,0
stage1,rdk_0002952.pdbqt,-8.86,1,,33,0.2686,2.87,0
stage1,rdk_0000075.pdbqt,-7.65,1,,27,0.2835,2.53,0
stage1,rdk_0000437.pdbqt,-8.27,1,,25,0.3309,,0
stage1,rdk_0001368.pdbqt,-7.52,1,,22,0.3420,,0
stage1,rdk_0000934.pdbqt,-6.46,1,,30,0.2155,,0
stage1,rdk_0001823.pdbqt,-9.31,1,,38,0.2450,,0
stage1,rdk_0004094.pdbqt,-8.91,1,,20,0.4457,,0
stage1,rdk_0004621.pdbqt,-5.66,1,,8,0.7077,,0
stage1,rdk_0004663.pdbqt,-8.35,1,,32,0.2609,2.44,0
stage1,rdk_0001993.pdbqt,-7.88,1,,20,0.3941,,0
stage1,rdk_0004469.pdbqt,-8.07,1,,23,0.3508,2.10,0
stage1,rdk_0001901.pdbqt,-4.73,1,,10,0.4729,,0
stage1,rdk_0000134.pdbqt,-7.56,1,,26,0.2908,,0
stage1,rdk_0000879.pdbqt,-8.29,1,,22,0.3766,,0
stage1,rdk_0002775.pdbqt,-8.02,1,,20,0.4012,,0
stage1,rdk_0003262.pdbqt,-7.18,1,,24,0.2994,,0
stage1,rdk_0004006.pdbqt,-6.86,1,,10,0.6856,,0
stage1,rdk_0001307.pdbqt,-7.81,1,,24,0.3255,,0
stage1,rdk_0004505.pdbqt,-6.36,1,,15,0.4241,,0
stage1,rdk_0000515.pdbqt,-8.24,1,,39,0.2112,,0
stage1,rdk_0001395.pdbqt,-8.53,1,,20,0.4265,,0
stage1,rdk_0003946.pdbqt,-7.91,1,,24,0.3295,2.02,0
stage1,rdk_0003546.pdbqt,-7.88,1,,26,0.3031,,0
stage1,rdk_0000479.pdbqt,-7.93,1,,34,0.2334,2.12,0
stage1,rdk_0000884.pdbqt,-7.40,1,,23,0.3219,,0
stage1,rdk_0003064.pdbqt,-7.14,1,,30,0.2379,3.33,0
stage1,rdk_0000313.pdbqt,-7.05,1,,25,0.2820,2.60,0
stage1,rdk_0001978.pdbqt,-5.57,1,,36,0.1548,3.58,0
stage1,rdk_0000610.pdbqt,-6.99,1,,24,0.2912,2.78,0
stage1,rdk_0003967.pdbqt,-7.68,1,,28,0.2742,,0
stage1,rdk_0002870.pdbqt,-6.78,1,,15,0.4519,,0
stage1,rdk_0002219.pdbqt,-8.99,1,,31,0.2901,,0
stage1,rdk_0004754.pdbqt,-5.00,1,,11,0.4549,,0
stage1,rdk_0000976.pdbqt,-8.41,1,,44,0.1912,,0
stage1,rdk_0002524.pdbqt,-6.68,1,,17,0.3932,,0
stage1,rdk_0003596.pdbqt,-6.84,1,,31,0.2205,2.74,0
stage1,rdk_0003550.pdbqt,-7.16,1,,39,0.1836,2.99,0
stage1,rdk_0000058.pdbqt,-7.16,1,,23,0.3113,2.35,0
stage1,rdk_0000915.pdbqt,-6.61,1,,26,0.2541,2.64,0
stage1,rdk_0000816.pdbqt,-7.96,1,,22,0.3617,,0
stage1,rdk_0000016.pdbqt,-8.65,1,,36,0.2403,3.96,0
stage1,rdk_0001272.pdbqt,-6.13,1,,19,0.3225,,0
stage1,rdk_0001874.pdbqt,-7.14,1,,24,0.2975,,0
stage1,rdk_0003899.pdbqt,-8.94,1,,35,0.2555,2.03,0
stage1,rdk_0004173.pdbqt,-5.87,1,,11,0.5335,,0
stage1,rdk_0003099.pdbqt,-11.52,1,,39,0.2953,2.30,0
stage1,rdk_0001890.pdbqt,-8.92,1,,25,0.3569,3.33,0
stage1,rdk_0001889.pdbqt,-7.08,1,,18,0.3936,,0
stage1,rdk_0004257.pdbqt,-6.86,1,,19,0.3613,2.11,0
stage1,rdk_0000987.pdbqt,-7.66,1,,31,0.2471,2.40,0
stage1,rdk_0002692.pdbqt,-5.83,1,,10,0.5827,,0
stage1,rdk_0002905.pdbqt,-6.90,1,,12,0.5747,,0
stage1,rdk_0000458.pdbqt,-9.69,1,,33,0.2936,,0
stage1,rdk_0001802.pdbqt,-9.83,1,,31,0.3172,3.30,0
stage1,rdk_0001023.pdbqt,-5.77,1,,18,0.3208,,0
stage1,rdk_0002276.pdbqt,-7.75,1,,29,0.2672,,0
stage1,rdk_0001753.pdbqt,-8.68,1,,52,0.1669,2.43,0
stage1,rdk_0000365.pdbqt,-7.03,1,,13,0.5409,,0
stage1,rdk_0002303.pdbqt,-8.11,1,,23,0.3527,,0
stage1,rdk_0003495.pdbqt,-6.78,1,,27,0.2510,2.36,0
stage1,rdk_0000609.pdbqt,-10.32,1,,23,0.4487,,0
stage1,rdk_0001782.pdbqt,-7.37,1,,58,0.1271,4.04,0
stage1,rdk_0003286.pdbqt,-6.36,1,,15,0.4237,,0
stage1,rdk_0001156.pdbqt,-5.74,1,,17,0.3375,,0
stage1,rdk_0000713.pdbqt,-9.35,1,,25,0.3740,2.62,0
stage1,rdk_0003499.pdbqt,-6.78,1,,32,0.2118,2.06,0
stage1,rdk_0004238.pdbqt,-7.48,1,,15,0.4986,,0
stage1,rdk_0001840.pdbqt,-7.11,1,,32,0.2221,2.03,0
stage1,rdk_0001520.pdbqt,-6.69,1,,24,0.2789,2.57,0
stage1,rdk_0004322.pdbqt,-6.53,1,,25,0.2613,2.37,0
stage1,rdk_0001139.pdbqt,-10.99,1,,23,0.4779,,0
stage1,rdk_0002173.pdbqt,-6.97,1,,30,0.2323,2.50,0
stage1,rdk_0001539.pdbqt,-3.53,1,,7,0.5044,,0
stage1,rdk_0003033.pdbqt,-3.56,1,,5,0.7116,,0
stage1,rdk_0004848.pdbqt,-10.07,1,,32,0.3146,2.04,0
stage1,rdk_0003864.pdbqt,-7.56,1,,30,0.2520,,0
stage1,rdk_0002894.pdbqt,-8.13,1,,17,0.4781,,0
stage1,rdk_0001604.pdbqt,-8.24,1,,22,0.3747,2.20,0
stage1,rdk_0002851.pdbqt,-8.98,1,,37,0.2426,3.28,0
stage1,rdk_0004494.pdbqt,-10.62,1,,31,0.3427,2.54,0
stage1,rdk_0002451.pdbqt,-6.10,1,,24,0.2543,3.33,0
stage1,rdk_0002391.pdbqt,-8.20,1,,26,0.3152,,0
stage1,rdk_0001748.pdbqt,-7.91,1,,54,0.1464,2.20,0
stage1,rdk_0002791.pdbqt,-7.39,1,,17,0.4345,2.04,0
stage1,rdk_0000142.pdbqt,-7.43,1,,22,0.3378,,0
stage1,rdk_0004657.pdbqt,-6.02,1,,9,0.6691,,0
stage1,rdk_0004597.pdbqt,-6.41,1,,21,0.3053,,0
stage1,rdk_0003911.pdbqt,-8.55,1,,18,0.4748,,0
stage1,rdk_0000398.pdbqt,-7.61,1,,27,0.2817,,0
stage1,rdk_0000860.pdbqt,-8.77,1,,25,0.3508,,0
stage1,rdk_0001371.pdbqt,-6.88,1,,17,0.4044,,0
stage1,rdk_0003983.pdbqt,-5.67,1,,10,0.5672,,0
stage1,rdk_0000041.pdbqt,-8.20,1,,24,0.3418,,0
stage1,rdk_0002124.pdbqt,-8.23,1,,22,0.3741,,0
stage1,rdk_0003740.pdbqt,-8.85,1,,35,0.2529,2.92,0
stage1,rdk_0004197.pdbqt,-7.54,1,,29,0.2602,2.66,0
stage1,rdk_0003778.pdbqt,-7.06,1,,28,0.2521,2.01,0
stage1,rdk_0001726.pdbqt,-5.18,1,,46,0.1127,,0
stage1,rdk_0004898.pdbqt,-6.73,1,,56,0.1202,,0
stage1,rdk_0000542.pdbqt,-8.15,1,,29,0.2811,2.24,0
stage1,rdk_0001120.pdbqt,-7.20,1,,31,0.2321,2.23,0
stage1,rdk_0001055.pdbqt,-8.85,1,,19,0.4659,,0
stage1,rdk_0002806.pdbqt,-8.63,1,,15,0.5753,,0
stage1,rdk_0004070.pdbqt,-8.49,1,,20,0.4245,,0
stage1,rdk_0001672.pdbqt,-6.53,1,,17,0.3839,2.28,0
stage1,rdk_0000765.pdbqt,-8.24,1,,25,0.3294,,0
stage1,rdk_0003614.pdbqt,-8.42,1,,29,0.2903,,0
stage1,rdk_0000563.pdbqt,-8.25,1,,23,0.3589,,0
stage1,rdk_0003812.pdbqt,-9.04,1,,24,0.3767,,0
stage1,rdk_0003530.pdbqt,-8.16,1,,29,0.2813,,0
stage1,rdk_0003833.pdbqt,-6.64,1,,13,0.5105,,0
stage1,rdk_0001118.pdbqt,-5.43,1,,12,0.4528,,0
stage1,rdk_0002069.pdbqt,-7.51,1,,14,0.5366,,0
stage1,rdk_0000060.pdbqt,-4.32,1,,13,0.3324,2.01,0
stage1,rdk_0000210.pdbqt,-7.13,1,,36,0.1981,,0
stage1,rdk_0001918.pdbqt,-9.62,1,,24,0.4010,2.24,0
stage1,rdk_0001455.pdbqt,-7.66,1,,22,0.3483,2.38,0
stage1,rdk_0000781.pdbqt,-6.65,1,,32,0.2078,2.54,0
stage1,rdk_0001556.pdbqt,-7.41,1,,22,0.3366,,0
stage1,rdk_0002048.pdbqt,-8.08,1,,22,0.3675,2.23,0
stage1,rdk_0004470.pdbqt,-9.94,1,,28,0.3551,,0
stage1,rdk_0003736.pdbqt,-6.81,1,,15,0.4543,,0
stage1,rdk_0004775.pdbqt,-5.23,1,,17,0.3075,,0
stage1,rdk_0004219.pdbqt,-7.75,1,,13,0.5961,,0
stage1,rdk_0000282.pdbqt,-7.77,1,,33,0.2354,2.68,0
stage1,rdk_0002027.pdbqt,-7.08,1,,27,0.2623,2.39,0
stage1,rdk_0003529.pdbqt,-7.77,1,,34,0.2285,,0
stage1,rdk_0003717.pdbqt,-7.65,1,,22,0.3476,2.02,0
stage1,rdk_0003686.pdbqt,-9.56,1,,24,0.3983,,0
stage1,rdk_0003133.pdbqt,0.35,1,,68,-0.0051,,0
stage1,rdk_0000963.pdbqt,-8.13,1,,26,0.3129,,0
stage1,rdk_0002621.pdbqt,-4.17,1,,8,0.5218,,0
stage1,rdk_0003104.pdbqt,-9.13,1,,42,0.2174,,0
stage1,rdk_0003785.pdbqt,-9.03,1,,33,0.2738,3.21,0
stage1,rdk_0003385.pdbqt,-6.41,1,,21,0.3051,2.34,0
stage1,rdk_0002152.pdbqt,-6.18,1,,26,0.2377,2.96,0
stage1,rdk_0004865.pdbqt,-8.32,1,,41,0.2029,,0
stage1,rdk_0000942.pdbqt,-7.42,1,,26,0.2856,,0
stage1,rdk_0002094.pdbqt,-7.58,1,,19,0.3988,,0
stage1,rdk_0004152.pdbqt,-8.92,1,,16,0.5575,,0
stage1,rdk_0004010.pdbqt,-6.90,1,,36,0.1917,2.87,0
stage1,rdk_0003111.pdbqt,-8.91,1,,25,0.3564,,0
stage1,rdk_0002200.pdbqt,-7.14,1,,30,0.2379,,0
stage1,rdk_0000587.pdbqt,-8.01,1,,42,0.1908,,0
stage1,rdk_0002505.pdbqt,-6.76,1,,16,0.4228,2.45,0
stage1,rdk_0004851.pdbqt,-9.92,1,,33,0.3005,2.08,0
stage1,rdk_0001350.pdbqt,-7.16,1,,14,0.5117,,0
stage1,rdk_0003412.pdbqt,-7.60,1,,21,0.3617,2.27,0
stage1,rdk_0004676.pdbqt,-6.75,1,,14,0.4820,,0
stage1,rdk_0003759.pdbqt,-5.51,1,,16,0.3444,,0
stage1,rdk_0002827.pdbqt,-5.45,1,,8,0.6807,,0
stage1,rdk_0001474.pdbqt,-7.37,1,,22,0.3350,,0
stage1,rdk_0003183.pdbqt,-7.34,1,,19,0.3865,,0
stage1,rdk_0003583.pdbqt,-7.91,1,,15,0.5270,2.05,0
stage1,rdk_0002448.pdbqt,-5.96,1,,24,0.2481,2.25,0
stage1,rdk_0004051.pdbqt,-6.03,1,,10,0.6026,,0
stage1,rdk_0000666.pdbqt,-9.01,1,,36,0.2503,,0
stage1,rdk_0004870.pdbqt,-8.54,1,,30,0.2847,,0
stage1,rdk_0002406.pdbqt,-7.40,1,,17,0.4354,,0
stage1,rdk_0001577.pdbqt,-6.16,1,,12,0.5132,,0
stage1,rdk_0003336.pdbqt,-6.31,1,,17,0.3712,,0
stage1,rdk_0001653.pdbqt,-7.96,1,,20,0.3978,,0
stage1,rdk_0003080.pdbqt,-7.81,1,,23,0.3397,,0
stage1,rdk_0002427.pdbqt,-6.02,1,,22,0.2735,,0
stage1,rdk_0003433.pdbqt,-9.09,1,,33,0.2753,2.56,0
stage1,rdk_0002848.pdbqt,-7.49,1,,14,0.5346,,0
stage1,rdk_0001489.pdbqt,-8.05,1,,19,0.4237,,0
stage1,rdk_0000163.pdbqt,-7.95,1,,21,0.3786,,0
stage1,rdk_0001711.pdbqt,-9.26,1,,57,0.1625,2.75,0
stage1,rdk_0001814.pdbqt,-7.40,1,,42,0.1762,2.12,0
stage1,rdk_0000247.pdbqt,-6.52,1,,12,0.5432,,0
stage1,rdk_0003378.pdbqt,-6.40,1,,25,0.2558,2.84,0
stage1,rdk_0000647.pdbqt,-6.87,1,,24,0.2861,3.23,0
stage1,rdk_0002494.pdbqt,-6.50,1,,13,0.5001,,0
stage1,rdk_0001939.pdbqt,-9.35,1,,21,0.4454,,0
stage1,rdk_0002997.pdbqt,-8.82,1,,31,0.2845,2.15,0
stage1,rdk_0000228.pdbqt,-7.09,1,,23,0.3083,,0
stage1,rdk_0004687.pdbqt,-5.97,1,,9,0.6629,,0
stage1,rdk_0002469.pdbqt,-7.56,1,,16,0.4723,,0
stage1,rdk_0001177.pdbqt,-7.60,1,,19,0.3998,,0
stage1,rdk_0004354.pdbqt,-8.37,1,,28,0.2989,2.48,0
stage1,rdk_0003012.pdbqt,-8.27,1,,20,0.4133,,0
stage1,rdk_0002105.pdbqt,-8.13,1,,31,0.2622,,0
stage1,rdk_0001074.pdbqt,-7.71,1,,28,0.2753,,0
stage1,rdk_0004451.pdbqt,-8.07,1,,23,0.3510,,0
stage1,rdk_0004384.pdbqt,-8.40,1,,22,0.3820,,0
stage1,rdk_0003953.pdbqt,-6.66,1,,9,0.7396,,0
stage1,rdk_0002109.pdbqt,-8.89,1,,25,0.3555,,0
stage1,rdk_0002788.pdbqt,-8.01,1,,34,0.2356,2.14,0
stage1,rdk_0004032.pdbqt,-3.52,1,,6,0.5862,,0
stage1,rdk_0001085.pdbqt,-4.77,1,,10,0.4771,,0
stage1,rdk_0001089.pdbqt,-5.74,1,,23,0.2497,,0
stage1,rdk_0002006.pdbqt,-6.39,1,,27,0.2366,2.04,0
stage1,rdk_0001768.pdbqt,-7.23,1,,33,0.2191,2.39,0
stage1,rdk_0000744.pdbqt,-7.21,1,,27,0.2671,,0
stage1,rdk_0000441.pdbqt,-8.33,1,,38,0.2191,,0
stage1,rdk_0001855.pdbqt,-6.98,1,,26,0.2685,2.67,0
stage1,rdk_0002597.pdbqt,-7.78,1,,34,0.2289,,0
stage1,rdk_0004388.pdbqt,-9.65,1,,27,0.3575,,0
stage1,rdk_0002924.pdbqt,-7.18,1,,28,0.2564,,0
stage1,rdk_0000266.pdbqt,-8.43,1,,41,0.2055,,0
stage1,rdk_0001586.pdbqt,-7.88,1,,18,0.4376,2.03,0
stage1,rdk_0000403.pdbqt,-7.22,1,,23,0.3141,,0
stage1,rdk_0002600.pdbqt,-7.77,1,,27,0.2877,3.46,0
stage1,rdk_0003639.pdbqt,-7.90,1,,19,0.4159,,0
stage1,rdk_0002741.pdbqt,-8.43,1,,20,0.4213,,0
stage1,rdk_0000460.pdbqt,-7.76,1,,32,0.2424,,0
stage1,rdk_0002869.pdbqt,-7.68,1,,33,0.2327,2.52,0
stage1,rdk_0001771.pdbqt,-6.56,1,,31,0.2115,2.42,0
stage1,rdk_0002498.pdbqt,-6.16,1,,12,0.5129,,0
stage1,rdk_0004531.pdbqt,-10.72,1,,23,0.4660,,0
stage1,rdk_0003355.pdbqt,-8.75,1,,22,0.3978,,0
stage1,rdk_0002722.pdbqt,-7.71,1,,33,0.2337,,0
stage1,rdk_0001518.pdbqt,-8.28,1,,28,0.2958,2.75,0
stage1,rdk_0003239.pdbqt,-8.56,1,,14,0.6113,,0
stage1,rdk_0002292.pdbqt,-7.28,1,,37,0.1966,2.03,0
stage1,rdk_0002642.pdbqt,-7.19,1,,10,0.7187,,0
stage1,rdk_0000491.pdbqt,-4.84,1,,12,0.4033,2.16,0
stage1,rdk_0003662.pdbqt,-7.23,1,,32,0.2261,,0
stage1,rdk_0000209.pdbqt,-7.29,1,,36,0.2024,,0
stage1,rdk_0001101.pdbqt,-9.43,1,,47,0.2006,,0
stage1,rdk_0001364.pdbqt,-8.64,1,,44,0.1963,2.78,0
stage1,rdk_0001935.pdbqt,-7.94,1,,24,0.3310,,0
stage1,rdk_0000592.pdbqt,-8.68,1,,22,0.3944,,0
stage1,rdk_0003071.pdbqt,-5.73,1,,25,0.2291,2.40,0
stage1,rdk_0004215.pdbqt,-3.52,1,,6,0.5860,,0
stage1,rdk_0004638.pdbqt,-9.82,1,,34,0.2890,2.30,0
stage1,rdk_0002465.pdbqt,-6.84,1,,16,0.4273,2.67,0
stage1,rdk_0004924.pdbqt,-8.95,1,,42,0.2132,2.58,0
stage1,rdk_0001417.pdbqt,-6.59,1,,19,0.3467,,0
stage1,rdk_0002065.pdbqt,-5.76,1,,14,0.4114,,0
stage1,rdk_0004716.pdbqt,-4.98,1,,10,0.4984,,0
stage1,rdk_0004784.pdbqt,-5.91,1,,11,0.5373,,0
stage1,rdk_0001514.pdbqt,-7.99,1,,23,0.3474,,0
stage1,rdk_0000798.pdbqt,-7.32,1,,27,0.2711,2.76,0
stage1,rdk_0002509.pdbqt,-7.73,1,,17,0.4549,,0
stage1,rdk_0003635.pdbqt,-7.18,1,,28,0.2563,2.59,0
stage1,rdk_0000682.pdbqt,-5.98,1,,34,0.1758,2.98,0
stage1,rdk_0004813.pdbqt,-8.88,1,,19,0.4674,2.65,0
stage1,rdk_0001017.pdbqt,-7.83,1,,28,0.2797,,0
stage1,rdk_0000091.pdbqt,-6.27,1,,19,0.3301,2.13,0
stage1,rdk_0001956.pdbqt,-7.74,1,,25,0.3096,,0
stage1,rdk_0002703.pdbqt,-8.95,1,,36,0.2486,2.80,0
stage1,rdk_0004552.pdbqt,-6.84,1,,29,0.2360,,0
stage1,rdk_0001630.pdbqt,-7.92,1,,21,0.3770,,0
stage1,rdk_0000348.pdbqt,-5.82,1,,17,0.3421,,0
stage1,rdk_0001795.pdbqt,-7.15,1,,33,0.2168,2.31,0
stage1,rdk_0003908.pdbqt,-8.67,1,,40,0.2167,2.96,0
stage1,rdk_0004427.pdbqt,-7.92,1,,39,0.2032,3.20,0
stage1,rdk_0001333.pdbqt,-7.34,1,,26,0.2822,,0
stage1,rdk_0002322.pdbqt,-9.29,1,,37,0.2511,,0
stage1,rdk_0004375.pdbqt,-7.22,1,,28,0.2578,2.35,0
stage1,rdk_0002242.pdbqt,-7.93,1,,31,0.2558,,0
stage1,rdk_0000841.pdbqt,-6.02,1,,22,0.2735,,0
stage1,rdk_0001036.pdbqt,-8.30,1,,22,0.3773,,0
stage1,rdk_0003850.pdbqt,-5.79,1,,11,0.5263,,0
stage1,rdk_0004013.pdbqt,-5.94,1,,11,0.5400,,0
stage1,rdk_0004287.pdbqt,-6.42,1,,20,0.3208,,0
stage1,rdk_0004379.pdbqt,-9.42,1,,27,0.3490,3.07,0
stage1,rdk_0000938.pdbqt,-7.73,1,,44,0.1756,3.26,0
stage1,rdk_0000921.pdbqt,-7.28,1,,20,0.3639,,0
stage1,rdk_0001485.pdbqt,-7.60,1,,20,0.3801,,0
stage1,rdk_0002166.pdbqt,-7.95,1,,32,0.2483,,0
stage1,rdk_0002098.pdbqt,-7.76,1,,28,0.2770,,0
stage1,rdk_0000748.pdbqt,-7.64,1,,26,0.2938,,0
stage1,rdk_0002197.pdbqt,-8.39,1,,33,0.2542,2.33,0
stage1,rdk_0004600.pdbqt,-8.64,1,,43,0.2009,2.57,0
stage1,rdk_0003256.pdbqt,-6.84,1,,16,0.4278,,0
stage1,rdk_0001730.pdbqt,-6.58,1,,52,0.1266,2.48,0
stage1,rdk_0001535.pdbqt,-7.39,1,,17,0.4350,,0
stage1,rdk_0004131.pdbqt,-6.98,1,,23,0.3034,2.30,0
stage1,rdk_0001859.pdbqt,-7.15,1,,24,0.2980,2.29,0
stage1,rdk_0001230.pdbqt,-5.88,1,,23,0.2557,2.23,0
stage1,rdk_0002221.pdbqt,-7.28,1,,33,0.2205,,0
stage1,rdk_0003553.pdbqt,-6.12,1,,10,0.6120,,0
stage1,rdk_0003359.pdbqt,-6.46,1,,30,0.2152,2.67,0
stage1,rdk_0003050.pdbqt,-6.99,1,,18,0.3883,,0
stage1,rdk_0004931.pdbqt,-6.83,1,,14,0.4880,,0
stage1,rdk_0000727.pdbqt,-7.58,1,,29,0.2613,2.01,0
stage1,rdk_0004910.pdbqt,-6.48,1,,23,0.2816,2.20,0
stage1,rdk_0001114.pdbqt,-8.10,1,,27,0.2999,2.05,0
stage1,rdk_0001683.pdbqt,-5.78,1,,13,0.4447,,0
stage1,rdk_0000794.pdbqt,-5.42,1,,14,0.3870,,0
stage1,rdk_0001186.pdbqt,-4.75,1,,13,0.3650,2.51,0
stage1,rdk_0001380.pdbqt,-10.27,1,,23,0.4464,,0
stage1,rdk_0003972.pdbqt,-5.13,1,,13,0.3946,,0
stage1,rdk_0001253.pdbqt,-9.76,1,,33,0.2956,,0
stage1,rdk_0002147.pdbqt,-5.48,1,,14,0.3916,,0
stage1,rdk_0003677.pdbqt,-5.80,1,,14,0.4140,,0
stage1,rdk_0000224.pdbqt,-7.38,1,,34,0.2170,,0
stage1,rdk_0000192.pdbqt,-6.87,1,,28,0.2453,,0
stage1,rdk_0001986.pdbqt,-4.92,1,,14,0.3511,,0
stage1,rdk_0004337.pdbqt,-9.19,1,,27,0.3404,,0
stage1,rdk_0000822.pdbqt,-7.45,1,,28,0.2660,2.56,0
stage1,rdk_0000344.pdbqt,-7.28,1,,33,0.2206,2.30,0
stage1,rdk_0000422.pdbqt,-4.76,1,,14,0.3401,2.01,0
stage1,rdk_0004081.pdbqt,-7.48,1,,16,0.4675,,0
stage1,rdk_0000769.pdbqt,-7.78,1,,27,0.2881,,0
stage1,rdk_0001836.pdbqt,-8.99,1,,31,0.2899,,0
stage1,rdk_0003656.pdbqt,-7.03,1,,28,0.2509,2.94,0
stage1,rdk_0002263.pdbqt,-7.90,1,,28,0.2823,,0
stage1,rdk_0001914.pdbqt,-6.29,1,,21,0.2994,2.16,0
stage1,rdk_0004634.pdbqt,-8.34,1,,23,0.3625,,0
stage1,rdk_0003389.pdbqt,-7.85,1,,25,0.3140,,0
stage1,rdk_0002528.pdbqt,-6.43,1,,13,0.4949,,0
stage1,rdk_0000121.pdbqt,-6.58,1,,19,0.3461,,0
stage1,rdk_0002947.pdbqt,-9.15,1,,27,0.3388,3.85,0
stage1,rdk_0003293.pdbqt,-8.48,1,,40,0.2120,4.49,0
stage1,rdk_0002982.pdbqt,-8.86,1,,52,0.1705,2.44,0
stage1,rdk_0000605.pdbqt,-6.61,1,,17,0.3891,,0
stage1,rdk_0001078.pdbqt,-7.75,1,,32,0.2422,2.68,0
stage1,rdk_0002360.pdbqt,-7.68,1,,21,0.3658,,0
stage1,rdk_0004221.pdbqt,-8.89,1,,42,0.2116,4.43,0
stage1,rdk_0002663.pdbqt,-7.43,1,,17,0.4369,,0
stage1,rdk_0002909.pdbqt,-10.01,1,,21,0.4767,,0
stage1,rdk_0000900.pdbqt,-7.39,1,,28,0.2641,,0
stage1,rdk_0003153.pdbqt,-9.04,1,,23,0.3932,,0
stage1,rdk_0001459.pdbqt,-6.53,1,,20,0.3265,,0
stage1,rdk_0001799.pdbqt,-7.64,1,,45,0.1699,3.85,0
stage1,rdk_0004615.pdbqt,-11.35,1,,34,0.3339,,0
stage1,rdk_0001312.pdbqt,-9.16,1,,45,0.2035,,0
stage1,rdk_0000521.pdbqt,-8.11,1,,26,0.3118,,0
stage1,rdk_0002547.pdbqt,-7.21,1,,12,0.6006,,0
stage1,rdk_0001878.pdbqt,-7.48,1,,22,0.3402,2.28,0
stage1,rdk_0002760.pdbqt,-7.76,1,,28,0.2772,,0
stage1,rdk_0000100.pdbqt,-7.71,1,,30,0.2572,3.77,0
stage1,rdk_0000624.pdbqt,-7.37,1,,28,0.2631,,0
stage1,rdk_0001283.pdbqt,-7.47,1,,22,0.3394,,0
stage1,rdk_0001436.pdbqt,-9.99,1,,25,0.3997,,0
stage1,rdk_0004881.pdbqt,-9.28,1,,32,0.2901,2.38,0
stage1,rdk_0003450.pdbqt,-8.49,1,,25,0.3396,,0
stage1,rdk_0000891.pdbqt,-8.54,1,,33,0.2588,,0
stage1,rdk_0004358.pdbqt,-8.29,1,,28,0.2961,2.19,0
stage1,rdk_0000205.pdbqt,-7.29,1,,31,0.2352,,0
stage1,rdk_0003374.pdbqt,-7.85,1,,27,0.2908,,0
stage1,rdk_0004809.pdbqt,-7.56,1,,17,0.4448,,0
stage1,rdk_0002044.pdbqt,-5.33,1,,12,0.4442,,0
stage1,rdk_0004481.pdbqt,-7.11,1,,20,0.3557,2.09,0
stage1,rdk_0001211.pdbqt,-7.47,1,,15,0.4981,,0
stage1,rdk_0000076.pdbqt,-5.21,1,,15,0.3473,,0
stage1,rdk_0002928.pdbqt,-8.46,1,,32,0.2645,2.20,0
stage1,rdk_0000992.pdbqt,-7.14,1,,20,0.3569,,0
stage1,rdk_0001478.pdbqt,-8.82,1,,32,0.2756,,0
stage1,rdk_0003404.pdbqt,-8.64,1,,16,0.5399,,0
stage1,rdk_0003218.pdbqt,-8.96,1,,22,0.4072,,0
stage1,rdk_0004737.pdbqt,-6.39,1,,21,0.3042,,0
stage1,rdk_0004465.pdbqt,-6.96,1,,40,0.1740,2.02,0
stage1,rdk_0000022.pdbqt,-7.52,1,,22,0.3418,,0
stage1,rdk_0000575.pdbqt,-7.71,1,,22,0.3503,,0
stage1,rdk_0000651.pdbqt,-6.57,1,,24,0.2739,,0
stage1,rdk_0004758.pdbqt,-6.79,1,,23,0.2952,,0
stage1,rdk_0002658.pdbqt,-6.61,1,,13,0.5086,,0
stage1,rdk_0002932.pdbqt,-6.74,1,,14,0.4811,,0
stage1,rdk_0003277.pdbqt,-5.78,1,,18,0.3211,,0
stage1,rdk_0001462.pdbqt,-6.83,1,,17,0.4015,2.11,0
stage1,rdk_0003195.pdbqt,-7.48,1,,15,0.4989,,0
stage1,rdk_0003223.pdbqt,-9.38,1,,22,0.4266,,0
stage1,rdk_0000306.pdbqt,-6.39,1,,28,0.2282,2.05,0
stage1,rdk_0003471.pdbqt,-8.73,1,,32,0.2727,2.92,0
stage1,rdk_0002566.pdbqt,-7.09,1,,26,0.2727,2.55,0
stage1,rdk_0000803.pdbqt,-8.40,1,,35,0.2401,,0
stage1,rdk_0001161.pdbqt,-7.44,1,,19,0.3918,,0
stage1,rdk_0003720.pdbqt,-8.48,1,,27,0.3142,,0
stage1,rdk_0003107.pdbqt,-6.88,1,,25,0.2751,,0
stage1,rdk_0000352.pdbqt,-6.45,1,,20,0.3226,,0
stage1,rdk_0000369.pdbqt,-6.27,1,,20,0.3136,,0
stage1,rdk_0004763.pdbqt,-9.30,1,,18,0.5166,2.08,0
stage1,rdk_0003774.pdbqt,-7.84,1,,22,0.3565,2.02,0
stage1,rdk_0002341.pdbqt,-7.17,1,,31,0.2315,,0
stage1,rdk_0002444.pdbqt,-8.19,1,,25,0.3276,2.69,0
stage1,rdk_0003789.pdbqt,-8.86,1,,32,0.2768,2.31,0
stage1,rdk_0002237.pdbqt,-9.67,1,,22,0.4394,,0
stage1,rdk_0001611.pdbqt,-7.49,1,,25,0.2998,2.60,0
stage1,rdk_0002966.pdbqt,-8.35,1,,30,0.2784,,0
stage1,rdk_0003572.pdbqt,-8.46,1,,37,0.2288,3.71,0
stage1,rdk_0004413.pdbqt,-11.29,1,,31,0.3644,3.50,0
stage1,rdk_0002637.pdbqt,-4.80,1,,14,0.3427,2.39,0
stage1,rdk_0004447.pdbqt,-6.93,1,,24,0.2888,,0
stage1,rdk_0002513.pdbqt,-7.35,1,,17,0.4324,2.21,0
stage1,rdk_0003871.pdbqt,-7.75,1,,30,0.2582,,0
stage1,rdk_0001940.pdbqt,-7.94,1,,21,0.3780,,0
stage1,rdk_0001245.pdbqt,-7.19,1,,21,0.3423,,0
stage1,rdk_0001745.pdbqt,-6.29,1,,51,0.1233,,0
stage1,rdk_0003949.pdbqt,-7.48,1,,17,0.4398,,0
stage1,rdk_0003825.pdbqt,-8.60,1,,24,0.3583,2.39,0
stage1,rdk_0000500.pdbqt,-6.28,1,,25,0.2513,2.41,0
stage1,rdk_0004182.pdbqt,-8.50,1,,33,0.2577,2.23,0
stage1,rdk_0000857.pdbqt,-8.48,1,,22,0.3855,,0
stage1,rdk_0003361.pdbqt,-9.77,1,,44,0.2220,3.08,0
stage1,rdk_0000419.pdbqt,-8.89,1,,20,0.4444,,0
stage1,rdk_0003172.pdbqt,-9.79,1,,35,0.2797,3.03,0
stage1,rdk_0001346.pdbqt,-7.43,1,,21,0.3538,,0
stage1,rdk_0000019.pdbqt,-7.20,1,,25,0.2880,2.57,0
stage1,rdk_0002082.pdbqt,-6.10,1,,23,0.2653,2.23,0
stage1,rdk_0002128.pdbqt,-7.95,1,,27,0.2945,2.37,0
stage1,rdk_0003568.pdbqt,-7.76,1,,26,0.2984,,0
stage1,rdk_0000752.pdbqt,-7.95,1,,23,0.3457,,0
stage1,rdk_0003926.pdbqt,-4.26,1,,9,0.4729,,0
stage1,rdk_0002844.pdbqt,-8.84,1,,36,0.2456,2.68,0
stage1,rdk_0004110.pdbqt,-6.81,1,,24,0.2839,2.07,0
stage1,rdk_0004260.pdbqt,-8.40,1,,23,0.3654,,0
stage1,rdk_0002482.pdbqt,-8.06,1,,15,0.5377,,0
stage1,rdk_0004363.pdbqt,-6.57,1,,23,0.2855,,0
stage1,rdk_0002010.pdbqt,-5.63,1,,22,0.2561,2.13,0
stage1,rdk_0001561.pdbqt,-7.80,1,,19,0.4107,,0
stage1,rdk_0000003.pdbqt,-8.09,1,,38,0.2128,,0
stage1,rdk_0001329.pdbqt,-8.37,1,,26,0.3217,,0
stage1,rdk_0002616.pdbqt,-6.55,1,,10,0.6550,,0
stage1,rdk_0004788.pdbqt,-7.85,1,,42,0.1868,2.08,0
stage1,rdk_0003168.pdbqt,-8.31,1,,27,0.3079,,0
stage1,rdk_0001645.pdbqt,-6.77,1,,18,0.3763,2.10,0
stage1,rdk_0002581.pdbqt,-6.50,1,,25,0.2602,,0
stage1,rdk_0001862.pdbqt,-7.48,1,,13,0.5756,,0
stage1,rdk_0000394.pdbqt,-6.45,1,,27,0.2390,,0
stage1,rdk_0002258.pdbqt,-7.78,1,,26,0.2993,,0
stage1,rdk_0001443.pdbqt,-5.63,1,,15,0.3757,,0
stage1,rdk_0002410.pdbqt,-7.87,1,,26,0.3025,,0
stage1,rdk_0004198.pdbqt,-10.07,1,,19,0.5300,,0
stage1,rdk_0001140.pdbqt,-5.92,1,,17,0.3480,,0
stage1,rdk_0003505.pdbqt,-8.32,1,,51,0.1631,3.33,0
stage1,rdk_0000188.pdbqt,-7.15,1,,19,0.3761,2.38,0
stage1,rdk_0004241.pdbqt,-6.41,1,,16,0.4007,,0
stage1,rdk_0003595.pdbqt,-8.73,1,,28,0.3119,,0
stage1,rdk_0003004.pdbqt,-10.05,1,,31,0.3244,,0
stage1,rdk_0004466.pdbqt,-8.88,1,,20,0.4442,,0
stage1,rdk_0004742.pdbqt,-7.93,1,,17,0.4666,,0
stage1,rdk_0000038.pdbqt,-7.51,1,,19,0.3953,,0
stage1,rdk_0001299.pdbqt,-6.49,1,,16,0.4055,,0
stage1,rdk_0002113.pdbqt,-7.59,1,,32,0.2371,,0
stage1,rdk_0004596.pdbqt,-7.15,1,,48,0.1490,3.92,0
stage1,rdk_0002532.pdbqt,-7.28,1,,15,0.4851,,0
stage1,rdk_0004234.pdbqt,-7.95,1,,32,0.2485,2.30,0
stage1,rdk_0003425.pdbqt,-7.13,1,,22,0.3239,,0
stage1,rdk_0003701.pdbqt,-9.35,1,,16,0.5845,,0
stage1,rdk_0003804.pdbqt,-6.15,1,,10,0.6148,,0
stage1,rdk_0004828.pdbqt,-7.33,1,,16,0.4582,,0
stage1,rdk_0001733.pdbqt,-7.22,1,,31,0.2329,2.35,0
stage1,rdk_0004428.pdbqt,-8.64,1,,29,0.2979,2.06,0
stage1,rdk_0003896.pdbqt,-7.64,1,,24,0.3184,2.18,0
stage1,rdk_0002679.pdbqt,-6.63,1,,17,0.3899,,0
stage1,rdk_0000057.pdbqt,-9.35,1,,19,0.4922,,0
stage1,rdk_0003623.pdbqt,-7.84,1,,30,0.2614,,0
stage1,rdk_0001708.pdbqt,-6.68,1,,21,0.3180,,0
stage1,rdk_0002387.pdbqt,-6.71,1,,16,0.4195,,0
stage1,rdk_0000954.pdbqt,-7.99,1,,33,0.2420,,0
stage1,rdk_0003290.pdbqt,-4.70,1,,16,0.2936,,0
stage1,rdk_0002181.pdbqt,-9.23,1,,30,0.3077,,0
stage1,rdk_0000251.pdbqt,-9.97,1,,29,0.3439,2.35,0
stage1,rdk_0001308.pdbqt,-7.82,1,,24,0.3257,,0
stage1,rdk_0002684.pdbqt,-6.62,1,,16,0.4139,,0
stage1,rdk_0000838.pdbqt,-9.30,1,,30,0.3099,2.88,0
stage1,rdk_0002882.pdbqt,-3.46,1,,6,0.5760,,0
stage1,rdk_0003202.pdbqt,-8.43,1,,21,0.4014,,0
stage1,rdk_0003526.pdbqt,-7.85,1,,17,0.4618,,0
stage1,rdk_0000297.pdbqt,-7.71,1,,36,0.2141,2.06,0
stage1,rdk_0002981.pdbqt,-8.05,1,,21,0.3836,,0
stage1,rdk_0002031.pdbqt,-5.66,1,,22,0.2571,2.87,0
stage1,rdk_0003602.pdbqt,-6.43,1,,12,0.5361,,0
stage1,rdk_0000670.pdbqt,-5.48,1,,20,0.2742,,0
stage1,rdk_0002734.pdbqt,-8.52,1,,26,0.3276,3.44,0
stage1,rdk_0003301.pdbqt,-6.96,1,,21,0.3314,,0
stage1,rdk_0000554.pdbqt,-8.78,1,,26,0.3377,,0
stage1,rdk_0004009.pdbqt,-4.60,1,,13,0.3538,,0
stage1,rdk_0001062.pdbqt,-8.41,1,,28,0.3004,2.31,0
stage1,rdk_0003793.pdbqt,-7.68,1,,26,0.2954,,0
stage1,rdk_0000438.pdbqt,-8.83,1,,25,0.3532,,0
stage1,rdk_0002334.pdbqt,-8.97,1,,28,0.3203,2.58,0
stage1,rdk_0004565.pdbqt,-8.82,1,,23,0.3833,,0
stage1,rdk_0000175.pdbqt,-6.22,1,,24,0.2591,,0
stage1,rdk_0002279.pdbqt,-5.18,1,,13,0.3984,2.53,0
stage1,rdk_0001135.pdbqt,-8.70,1,,34,0.2559,2.60,0
stage1,rdk_0001961.pdbqt,-8.54,1,,23,0.3711,,0
stage1,rdk_0000373.pdbqt,-8.99,1,,33,0.2724,,0
stage1,rdk_0001367.pdbqt,-7.83,1,,22,0.3561,,0
stage1,rdk_0001540.pdbqt,-9.37,1,,21,0.4462,,0
stage1,rdk_0004566.pdbqt,-8.49,1,,58,0.1463,,0
stage1,rdk_0002787.pdbqt,-8.50,1,,27,0.3148,,0
stage1,rdk_0000457.pdbqt,-9.54,1,,33,0.2890,,0
stage1,rdk_0002452.pdbqt,-6.19,1,,14,0.4419,,0
stage1,rdk_0001885.pdbqt,-8.34,1,,34,0.2453,2.57,0
stage1,rdk_0002151.pdbqt,-5.35,1,,13,0.4113,,0
stage1,rdk_0004832.pdbqt,-9.08,1,,38,0.2391,2.20,0
stage1,rdk_0003968.pdbqt,-7.23,1,,26,0.2782,,0
stage1,rdk_0004165.pdbqt,-7.41,1,,29,0.2554,2.50,0
stage1,rdk_0003690.pdbqt,-6.79,1,,21,0.3235,,0
stage1,rdk_0002810.pdbqt,-9.05,1,,22,0.4112,,0
stage1,rdk_0003146.pdbqt,-8.75,1,,41,0.2134,3.69,0
stage1,rdk_0004321.pdbqt,-8.77,1,,16,0.5479,,0
stage1,rdk_0004660.pdbqt,-5.96,1,,23,0.2593,3.01,0
stage1,rdk_0001664.pdbqt,-7.76,1,,18,0.4311,,0
stage1,rdk_0004622.pdbqt,-9.28,1,,19,0.4885,,0
stage1,rdk_0004810.pdbqt,-7.81,1,,51,0.1532,3.97,0
stage1,rdk_0002913.pdbqt,-10.04,1,,32,0.3139,,0
stage1,rdk_0000876.pdbqt,-7.91,1,,28,0.2824,2.53,0
stage1,rdk_0001699.pdbqt,-6.45,1,,19,0.3395,2.14,0
stage1,rdk_0001264.pdbqt,-7.04,1,,48,0.1466,,0
stage1,rdk_0004431.pdbqt,-9.18,1,,56,0.1639,4.13,0
stage1,rdk_0002873.pdbqt,-5.95,1,,12,0.4957,,0
stage1,rdk_0003618.pdbqt,-7.39,1,,37,0.1999,2.42,0
stage1,rdk_0002216.pdbqt,-9.00,1,,31,0.2903,,0
stage1,rdk_0002719.pdbqt,-5.73,1,,10,0.5727,,0
stage1,rdk_0003995.pdbqt,-5.79,1,,21,0.2758,2.42,0
stage1,rdk_0004569.pdbqt,-5.12,1,,8,0.6406,,0
stage1,rdk_0003025.pdbqt,-8.08,1,,25,0.3233,2.84,0
stage1,rdk_0004779.pdbqt,-6.79,1,,30,0.2264,4.12,0
stage1,rdk_0001304.pdbqt,-5.79,1,,20,0.2893,,0
stage1,rdk_0003393.pdbqt,-7.70,1,,25,0.3079,2.32,0
stage1,rdk_0002315.pdbqt,-7.70,1,,35,0.2199,,0
stage1,rdk_0004005.pdbqt,-8.28,1,,28,0.2956,,0
stage1,rdk_0000773.pdbqt,-7.42,1,,34,0.2182,,0
stage1,rdk_0001043.pdbqt,-7.03,1,,25,0.2811,2.65,0
stage1,rdk_0003999.pdbqt,-7.12,1,,14,0.5084,,0
stage1,rdk_0001607.pdbqt,-6.37,1,,20,0.3185,,0
stage1,rdk_0003964.pdbqt,-4.52,1,,14,0.3226,,0
stage1,rdk_0003643.pdbqt,-7.38,1,,40,0.1845,2.15,0
stage1,rdk_0001523.pdbqt,-7.07,1,,20,0.3535,,0
stage1,rdk_0004866.pdbqt,-7.75,1,,32,0.2420,2.33,0
stage1,rdk_0000434.pdbqt,-6.72,1,,17,0.3953,,0
stage1,rdk_0003362.pdbqt,-7.69,1,,22,0.3494,,0
stage1,rdk_0003762.pdbqt,-5.19,1,,9,0.5762,,0
stage1,rdk_0001020.pdbqt,-6.51,1,,23,0.2829,,0
stage1,rdk_0000476.pdbqt,-7.68,1,,34,0.2260,,0
stage1,rdk_0003126.pdbqt,-9.02,1,,32,0.2818,2.37,0
stage1,rdk_0000819.pdbqt,-7.67,1,,29,0.2644,2.00,0
stage1,rdk_0000988.pdbqt,-8.07,1,,31,0.2603,,0
stage1,rdk_0000697.pdbqt,-6.15,1,,32,0.1921,,0
stage1,rdk_0002132.pdbqt,-7.61,1,,22,0.3460,2.60,0
stage1,rdk_0000628.pdbqt,-7.61,1,,39,0.1952,2.17,0
stage1,rdk_0002275.pdbqt,-7.42,1,,29,0.2560,,0
stage1,rdk_0001668.pdbqt,-6.12,1,,21,0.2917,,0
stage1,rdk_0001695.pdbqt,-6.49,1,,19,0.3414,,0
stage1,rdk_0003446.pdbqt,-7.30,1,,14,0.5216,,0
stage1,rdk_0000327.pdbqt,-7.08,1,,39,0.1816,2.75,0
stage1,rdk_0002288.pdbqt,-8.17,1,,24,0.3403,3.03,0
stage1,rdk_0003145.pdbqt,-10.11,1,,21,0.4812,,0
stage1,rdk_0000681.pdbqt,-5.18,1,,10,0.5177,,0
stage1,rdk_0001396.pdbqt,-6.95,1,,21,0.3310,2.25,0
stage1,rdk_0000887.pdbqt,-8.14,1,,30,0.2714,,0
stage1,rdk_0001268.pdbqt,-7.75,1,,15,0.5170,,0
stage1,rdk_0000588.pdbqt,-7.54,1,,42,0.1795,3.13,0
stage1,rdk_0004824.pdbqt,-6.18,1,,16,0.3861,,0
stage1,rdk_0001207.pdbqt,-4.58,1,,11,0.4168,,0
stage1,rdk_0001059.pdbqt,-7.39,1,,35,0.2111,2.59,0
stage1,rdk_0003149.pdbqt,-8.23,1,,32,0.2571,3.07,0
stage1,rdk_0004506.pdbqt,-6.60,1,,24,0.2752,2.94,0
stage1,rdk_0003930.pdbqt,-7.13,1,,38,0.1877,3.02,0
stage1,rdk_0004598.pdbqt,-6.79,1,,21,0.3231,,0
stage1,rdk_0000158.pdbqt,-6.60,1,,25,0.2641,2.67,0
stage1,rdk_0001295.pdbqt,-7.26,1,,23,0.3159,,0
stage1,rdk_0000537.pdbqt,-9.17,1,,28,0.3275,,0
stage1,rdk_0002551.pdbqt,-6.51,1,,11,0.5916,,0
stage1,rdk_0002688.pdbqt,-5.13,1,,8,0.6412,,0
stage1,rdk_0003261.pdbqt,-7.71,1,,23,0.3351,,0
stage1,rdk_0001704.pdbqt,-5.92,1,,20,0.2962,,0
stage1,rdk_0000815.pdbqt,-7.79,1,,27,0.2884,,0
stage1,rdk_0004409.pdbqt,-8.01,1,,27,0.2965,3.34,0
stage1,rdk_0000558.pdbqt,-8.31,1,,22,0.3778,,0
stage1,rdk_0002738.pdbqt,-6.78,1,,13,0.5212,,0
stage1,rdk_0000979.pdbqt,-6.35,1,,17,0.3735,,0
stage1,rdk_0002675.pdbqt,-5.54,1,,13,0.4261,,0
stage1,rdk_0003549.pdbqt,-7.11,1,,22,0.3233,,0
stage1,rdk_0001590.pdbqt,-7.67,1,,20,0.3834,,0
stage1,rdk_0004106.pdbqt,-7.37,1,,21,0.3507,,0
stage1,rdk_0004342.pdbqt,-6.88,1,,30,0.2295,,0
stage1,rdk_0003343.pdbqt,-7.21,1,,14,0.5148,,0
stage1,rdk_0003507.pdbqt,-8.28,1,,40,0.2071,2.15,0
stage1,rdk_0000270.pdbqt,-6.26,1,,26,0.2408,2.90,0
stage1,rdk_0000613.pdbqt,-7.50,1,,24,0.3126,,0
stage1,rdk_0000137.pdbqt,-10.62,1,,29,0.3661,2.02,0
stage1,rdk_0000382.pdbqt,-6.65,1,,17,0.3912,2.38,0
stage1,rdk_0002970.pdbqt,-9.69,1,,20,0.4843,2.33,0
stage1,rdk_0004721.pdbqt,-4.60,1,,16,0.2877,2.14,0
stage1,rdk_0002376.pdbqt,-7.43,1,,19,0.3913,2.09,0
stage1,rdk_0003429.pdbqt,-7.58,1,,28,0.2709,,0
stage1,rdk_0001093.pdbqt,-7.99,1,,23,0.3472,,0
stage1,rdk_0002284.pdbqt,-6.71,1,,28,0.2397,,0
stage1,rdk_0003808.pdbqt,-7.40,1,,26,0.2845,,0
stage1,rdk_0000916.pdbqt,-6.83,1,,25,0.2732,,0
stage1,rdk_0000034.pdbqt,-7.99,1,,26,0.3074,2.69,0
stage1,rdk_0001325.pdbqt,-6.23,1,,11,0.5665,,0
stage1,rdk_0000154.pdbqt,-8.85,1,,32,0.2765,2.15,0
stage1,rdk_0002473.pdbqt,-5.16,1,,12,0.4300,,0
stage1,rdk_0001649.pdbqt,-8.79,1,,18,0.4884,,0
stage1,rdk_0000710.pdbqt,-6.03,1,,23,0.2621,,0
stage1,rdk_0000415.pdbqt,-7.38,1,,23,0.3210,,0
stage1,rdk_0004497.pdbqt,-8.53,1,,31,0.2750,,0
stage1,rdk_0002776.pdbqt,-9.68,1,,32,0.3026,2.46,0
stage1,rdk_0001893.pdbqt,-6.79,1,,27,0.2514,,0
stage1,rdk_0002757.pdbqt,-8.45,1,,20,0.4223,,0
stage1,rdk_0003867.pdbqt,-10.41,1,,26,0.4006,3.47,0
stage1,rdk_0000731.pdbqt,-5.08,1,,12,0.4237,,0
stage1,rdk_0001990.pdbqt,-8.91,1,,33,0.2699,,0
stage1,rdk_0004405.pdbqt,-7.26,1,,29,0.2504,,0
stage1,rdk_0001001.pdbqt,-8.05,1,,20,0.4023,,0
stage1,rdk_0002254.pdbqt,-6.87,1,,22,0.3122,,0
stage1,rdk_0003067.pdbqt,-7.35,1,,27,0.2723,,0
stage1,rdk_0000782.pdbqt,-6.83,1,,32,0.2136,2.67,0
stage1,rdk_0001783.pdbqt,-6.92,1,,58,0.1194,2.95,0
stage1,rdk_0002431.pdbqt,-6.69,1,,34,0.1967,2.05,0
stage1,rdk_0000487.pdbqt,-6.59,1,,18,0.3661,,0
stage1,rdk_0004603.pdbqt,-6.93,1,,15,0.4623,,0
stage1,rdk_0002073.pdbqt,-4.92,1,,10,0.4921,,0
stage1,rdk_0004700.pdbqt,-4.58,1,,11,0.4166,,0
stage1,rdk_0001502.pdbqt,-6.70,1,,15,0.4463,,0
stage1,rdk_0003408.pdbqt,-7.56,1,,14,0.5403,,0
stage1,rdk_0001123.pdbqt,-8.64,1,,29,0.2981,2.27,0
stage1,rdk_0002052.pdbqt,-7.81,1,,22,0.3548,,0
stage1,rdk_0004594.pdbqt,-7.05,1,,25,0.2822,2.60,0
stage1,rdk_0003829.pdbqt,-7.06,1,,11,0.6416,,0
stage1,rdk_0003096.pdbqt,-8.68,1,,44,0.1973,2.08,0
stage1,rdk_0002170.pdbqt,-6.35,1,,23,0.2763,,0
stage1,rdk_0000984.pdbqt,-8.04,1,,27,0.2979,,0
stage1,rdk_0000281.pdbqt,-8.46,1,,33,0.2563,,0
stage1,rdk_0002570.pdbqt,-5.10,1,,17,0.2999,,0
stage1,rdk_0000116.pdbqt,-7.32,1,,25,0.2926,,0
stage1,rdk_0002654.pdbqt,-6.79,1,,12,0.5660,,0
stage1,rdk_0000834.pdbqt,-9.46,1,,31,0.3050,,0
stage1,rdk_0003846.pdbqt,-7.52,1,,11,0.6834,,0
stage1,rdk_0004028.pdbqt,-6.77,1,,31,0.2184,3.28,0
stage1,rdk_0003907.pdbqt,-11.57,1,,37,0.3126,4.21,0
stage1,rdk_0001626.pdbqt,-7.33,1,,25,0.2930,,0
stage1,rdk_0002715.pdbqt,-7.22,1,,28,0.2577,2.44,0
stage1,rdk_0001767.pdbqt,-7.07,1,,33,0.2142,,0
stage1,rdk_0003240.pdbqt,-5.81,1,,13,0.4470,,0
stage1,rdk_0000516.pdbqt,-8.01,1,,22,0.3639,,0
stage1,rdk_0001493.pdbqt,-9.83,1,,18,0.5460,,0
stage1,rdk_0002319.pdbqt,-9.42,1,,37,0.2545,,0
stage1,rdk_0001226.pdbqt,-6.47,1,,19,0.3405,,0
stage1,rdk_0002338.pdbqt,-8.59,1,,24,0.3578,,0
stage1,rdk_0004222.pdbqt,-7.50,1,,31,0.2421,,0
stage1,rdk_0004639.pdbqt,-4.58,1,,8,0.5725,,0
stage1,rdk_0000015.pdbqt,-9.64,1,,20,0.4822,,0
stage1,rdk_0000579.pdbqt,-7.68,1,,28,0.2741,,0
stage1,rdk_0004527.pdbqt,-7.01,1,,24,0.2920,2.37,0
stage1,rdk_0004573.pdbqt,-5.21,1,,54,0.0966,3.13,0
stage1,rdk_0000213.pdbqt,-7.97,1,,36,0.2213,,0
stage1,rdk_0003320.pdbqt,-8.89,1,,37,0.2403,2.48,0
stage1,rdk_0001401.pdbqt,-6.93,1,,22,0.3149,2.07,0
stage1,rdk_0004641.pdbqt,-10.47,1,,34,0.3079,2.37,0
stage1,rdk_0000632.pdbqt,-5.48,1,,12,0.4563,,0
stage1,rdk_0004148.pdbqt,-7.98,1,,21,0.3801,,0
stage1,rdk_0004300.pdbqt,-9.28,1,,25,0.3713,,0
stage1,rdk_0001923.pdbqt,-8.37,1,,22,0.3803,2.25,0
stage1,rdk_0000087.pdbqt,-6.33,1,,23,0.2750,,0
stage1,rdk_0003199.pdbqt,-7.53,1,,19,0.3965,,0
stage1,rdk_0004392.pdbqt,-9.25,1,,28,0.3305,2.32,0
stage1,rdk_0003545.pdbqt,-7.74,1,,33,0.2346,2.10,0
stage1,rdk_0004276.pdbqt,-8.88,1,,45,0.1974,2.93,0
stage1,rdk_0001919.pdbqt,-7.07,1,,19,0.3723,,0
stage1,rdk_0000184.pdbqt,-6.67,1,,26,0.2565,,0
stage1,rdk_0000861.pdbqt,-8.17,1,,25,0.3270,,0
stage1,rdk_0000143.pdbqt,-7.77,1,,22,0.3530,,0
stage1,rdk_0003379.pdbqt,-4.48,1,,10,0.4482,,0
stage1,rdk_0003982.pdbqt,-4.35,1,,8,0.5437,,0
stage1,rdk_0000764.pdbqt,-8.81,1,,25,0.3525,,0
stage1,rdk_0003910.pdbqt,-7.41,1,,19,0.3902,,0
stage1,rdk_0003687.pdbqt,-8.66,1,,16,0.5412,,0
stage1,rdk_0002790.pdbqt,-6.70,1,,21,0.3192,,0
stage1,rdk_0004291.pdbqt,-8.93,1,,23,0.3882,2.47,0
stage1,rdk_0001673.pdbqt,-6.65,1,,12,0.5542,,0
stage1,rdk_0004144.pdbqt,-7.72,1,,35,0.2205,4.01,0
stage1,rdk_0000706.pdbqt,-9.68,1,,49,0.1976,3.91,0
stage1,rdk_0001249.pdbqt,-6.96,1,,24,0.2902,2.02,0
stage1,rdk_0000331.pdbqt,-6.03,1,,23,0.2623,2.10,0
stage1,rdk_0004127.pdbqt,-8.17,1,,25,0.3269,,0
stage1,rdk_0004071.pdbqt,-8.45,1,,17,0.4969,,0
stage1,rdk_0004847.pdbqt,-7.89,1,,36,0.2192,2.33,0
stage1,rdk_0003164.pdbqt,-8.39,1,,21,0.3997,,0
stage1,rdk_0004805.pdbqt,-5.44,1,,19,0.2864,2.12,0
stage1,rdk_0004906.pdbqt,-8.17,1,,32,0.2553,,0
stage1,rdk_0000584.pdbqt,-9.15,1,,26,0.3518,,0
stage1,rdk_0004656.pdbqt,-6.68,1,,12,0.5570,,0
stage1,rdk_0002865.pdbqt,-0.68,1,,65,0.0104,,0
stage1,rdk_0000179.pdbqt,-7.04,1,,28,0.2514,,0
stage1,rdk_0003599.pdbqt,-6.06,1,,27,0.2246,3.34,0
stage1,rdk_0001538.pdbqt,-7.49,1,,21,0.3566,,0
stage1,rdk_0002868.pdbqt,-6.88,1,,26,0.2648,,0
stage1,rdk_0001420.pdbqt,-7.79,1,,28,0.2784,2.22,0
stage1,rdk_0004172.pdbqt,-6.89,1,,17,0.4052,,0
stage1,rdk_0000975.pdbqt,-6.90,1,,46,0.1500,,0
stage1,rdk_0001801.pdbqt,-8.07,1,,36,0.2243,,0
stage1,rdk_0003945.pdbqt,-8.30,1,,34,0.2442,3.17,0
stage1,rdk_0002601.pdbqt,-8.97,1,,22,0.4078,,0
stage1,rdk_0002302.pdbqt,-8.20,1,,23,0.3566,,0
stage1,rdk_0001370.pdbqt,-4.67,1,,12,0.3889,2.22,0
stage1,rdk_0002357.pdbqt,-9.03,1,,33,0.2737,,0
stage1,rdk_0003511.pdbqt,-7.91,1,,37,0.2137,2.67,0
stage1,rdk_0002026.pdbqt,-8.88,1,,22,0.4034,,0
stage1,rdk_0002702.pdbqt,-7.73,1,,32,0.2416,,0
stage1,rdk_0002125.pdbqt,-7.49,1,,27,0.2772,,0
stage1,rdk_0001843.pdbqt,-8.12,1,,55,0.1476,3.90,0
stage1,rdk_0001749.pdbqt,-7.66,1,,54,0.1419,2.09,0
stage1,rdk_0004894.pdbqt,-9.67,1,,49,0.1973,2.31,0
stage1,rdk_0001557.pdbqt,-7.32,1,,19,0.3854,2.11,0
stage1,rdk_0004471.pdbqt,-6.89,1,,15,0.4593,2.07,0
stage1,rdk_0003316.pdbqt,-7.86,1,,36,0.2184,,0
stage1,rdk_0001273.pdbqt,-5.81,1,,10,0.5811,,0
stage1,rdk_0003032.pdbqt,-6.90,1,,27,0.2556,,0
stage1,rdk_0002996.pdbqt,-7.88,1,,18,0.4379,,0
stage1,rdk_0002904.pdbqt,-7.51,1,,19,0.3955,,0
stage1,rdk_0002895.pdbqt,-6.82,1,,26,0.2623,2.20,0
stage1,rdk_0000608.pdbqt,-6.55,1,,17,0.3854,,0
stage1,rdk_0003131.pdbqt,-5.88,1,,13,0.4522,,0
stage1,rdk_0001157.pdbqt,-6.21,1,,19,0.3266,,0
stage1,rdk_0002449.pdbqt,-5.95,1,,24,0.2478,2.86,0
stage1,rdk_0003287.pdbqt,-6.60,1,,17,0.3884,,0
stage1,rdk_0001138.pdbqt,-8.13,1,,13,0.6253,,0
stage1,rdk_0002201.pdbqt,-7.45,1,,30,0.2482,2.12,0
stage1,rdk_0002693.pdbqt,-6.56,1,,10,0.6561,,0
stage1,rdk_0003716.pdbqt,-6.12,1,,15,0.4081,2.15,0
stage1,rdk_0001875.pdbqt,-7.02,1,,24,0.2925,,0
stage1,rdk_0003358.pdbqt,-4.39,1,,6,0.7313,,0
stage1,rdk_0002049.pdbqt,-7.12,1,,17,0.4191,,0
stage1,rdk_0002807.pdbqt,-8.04,1,,22,0.3656,2.07,0
stage1,rdk_0004239.pdbqt,-6.70,1,,21,0.3189,,0
stage1,rdk_0004050.pdbqt,-4.76,1,,10,0.4756,2.21,0
stage1,rdk_0002826.pdbqt,-6.91,1,,11,0.6282,,0
stage1,rdk_0002525.pdbqt,-6.80,1,,17,0.4002,2.33,0
stage1,rdk_0001976.pdbqt,-6.39,1,,20,0.3194,,0
stage1,rdk_0000364.pdbqt,-8.55,1,,28,0.3055,,0
stage1,rdk_0000958.pdbqt,-7.73,1,,35,0.2209,2.09,0
stage1,rdk_0003496.pdbqt,-8.14,1,,44,0.1851,3.63,0
stage1,rdk_0004677.pdbqt,-6.32,1,,11,0.5744,,0
stage1,rdk_0000399.pdbqt,-7.50,1,,27,0.2779,,0
stage1,rdk_0004792.pdbqt,-7.71,1,,31,0.2486,2.10,0
stage1,rdk_0001576.pdbqt,-7.30,1,,20,0.3652,,0
stage1,rdk_0000232.pdbqt,-8.48,1,,43,0.1973,,0
stage1,rdk_0002390.pdbqt,-7.50,1,,26,0.2885,,0
stage1,rdk_0002407.pdbqt,-7.58,1,,17,0.4456,,0
stage1,rdk_0000267.pdbqt,-8.37,1,,41,0.2040,,0
stage1,rdk_0003013.pdbqt,-7.81,1,,18,0.4340,,0
stage1,rdk_0003615.pdbqt,-7.12,1,,27,0.2636,2.68,0
stage1,rdk_0002468.pdbqt,-6.40,1,,11,0.5817,,0
stage1,rdk_0004256.pdbqt,-7.18,1,,27,0.2659,,0
stage1,rdk_0002495.pdbqt,-6.92,1,,12,0.5768,,0
stage1,rdk_0003467.pdbqt,-8.56,1,,35,0.2445,2.09,0
stage1,rdk_0004691.pdbqt,-6.69,1,,31,0.2158,3.12,0
stage1,rdk_0001938.pdbqt,-8.15,1,,21,0.3881,,0
stage1,rdk_0004850.pdbqt,-10.39,1,,29,0.3582,,0
stage1,rdk_0001652.pdbqt,-9.36,1,,18,0.5197,,0
stage1,rdk_0002426.pdbqt,-5.90,1,,22,0.2680,,0
stage1,rdk_0003582.pdbqt,-7.58,1,,24,0.3158,,0
stage1,rdk_0003813.pdbqt,-9.04,1,,25,0.3618,2.04,0
stage1,rdk_0000162.pdbqt,-6.28,1,,16,0.3927,,0
stage1,rdk_0000440.pdbqt,-9.31,1,,38,0.2450,2.26,0
stage1,rdk_0000246.pdbqt,-7.02,1,,24,0.2924,,0
stage1,rdk_0003784.pdbqt,-9.40,1,,33,0.2850,2.32,0
stage1,rdk_0001075.pdbqt,-8.02,1,,28,0.2863,,0
stage1,rdk_0000310.pdbqt,-7.09,1,,37,0.1917,3.51,0
stage1,rdk_0000745.pdbqt,-7.15,1,,27,0.2647,,0
stage1,rdk_0002068.pdbqt,-8.39,1,,17,0.4938,,0
stage1,rdk_0000799.pdbqt,-7.90,1,,27,0.2925,2.92,0
stage1,rdk_0001088.pdbqt,-4.96,1,,23,0.2159,,0
stage1,rdk_0000646.pdbqt,-4.40,1,,10,0.4399,,0
stage1,rdk_0001454.pdbqt,-7.86,1,,22,0.3572,,0
stage1,rdk_0000543.pdbqt,-8.80,1,,29,0.3035,2.12,0
stage1,rdk_0003081.pdbqt,-8.75,1,,22,0.3975,2.12,0
stage1,rdk_0002620.pdbqt,-3.75,1,,6,0.6253,,0
stage1,rdk_0001351.pdbqt,-6.95,1,,23,0.3020,,0
stage1,rdk_0003832.pdbqt,-6.43,1,,16,0.4019,,0
stage1,rdk_0000562.pdbqt,-8.24,1,,23,0.3584,,0
stage1,rdk_0000345.pdbqt,-6.44,1,,17,0.3789,,0
stage1,rdk_0003931.pdbqt,-9.16,1,,34,0.2696,,0
stage1,rdk_0003779.pdbqt,-7.96,1,,28,0.2842,2.22,0
stage1,rdk_0001888.pdbqt,-8.53,1,,29,0.2940,2.51,0
stage1,rdk_0004218.pdbqt,-7.44,1,,19,0.3918,2.24,0
stage1,rdk_0000229.pdbqt,-7.72,1,,27,0.2860,,0
stage1,rdk_0003481.pdbqt,-8.17,1,,16,0.5108,,0
stage1,rdk_0003737.pdbqt,-5.38,1,,15,0.3585,2.33,0
stage1,rdk_0001475.pdbqt,-6.92,1,,21,0.3297,,0
stage1,rdk_0001519.pdbqt,-6.82,1,,25,0.2727,,0
stage1,rdk_0002849.pdbqt,-7.38,1,,22,0.3352,,0
stage1,rdk_0000943.pdbqt,-7.03,1,,26,0.2703,,0
stage1,rdk_0001854.pdbqt,-4.11,1,,8,0.5140,,0
stage1,rdk_0001725.pdbqt,-7.25,1,,33,0.2196,,0
stage1,rdk_0003110.pdbqt,-9.12,1,,22,0.4146,,0
stage1,rdk_0000061.pdbqt,-8.39,1,,22,0.3813,,0
stage1,rdk_0004544.pdbqt,-9.78,1,,51,0.1917,2.63,0
stage1,rdk_0003413.pdbqt,-6.75,1,,19,0.3555,2.16,0
stage1,rdk_0002064.pdbqt,-7.53,1,,13,0.5794,,0
stage1,rdk_0002504.pdbqt,-6.23,1,,12,0.5195,,0
stage1,rdk_0002293.pdbqt,-7.59,1,,37,0.2051,,0
stage1,rdk_0000208.pdbqt,-8.02,1,,36,0.2227,,0
stage1,rdk_0003634.pdbqt,-10.73,1,,29,0.3699,2.03,0
stage1,rdk_0004717.pdbqt,-6.76,1,,15,0.4509,,0
stage1,rdk_0000629.pdbqt,-4.79,1,,12,0.3993,,0
stage1,rdk_0001054.pdbqt,-7.31,1,,31,0.2357,3.42,0
stage1,rdk_0001252.pdbqt,-7.19,1,,22,0.3270,,0
stage1,rdk_0002643.pdbqt,-4.35,1,,8,0.5433,,0
stage1,rdk_0000461.pdbqt,-7.81,1,,32,0.2441,,0
stage1,rdk_0002095.pdbqt,-8.60,1,,28,0.3070,2.08,0
stage1,rdk_0004871.pdbqt,-9.30,1,,26,0.3578,,0
stage1,rdk_0003758.pdbqt,-6.64,1,,20,0.3321,2.19,0
stage1,rdk_0002323.pdbqt,-8.02,1,,27,0.2972,,0
stage1,rdk_0004582.pdbqt,-10.19,1,,60,0.1698,2.38,0
stage1,rdk_0000593.pdbqt,-8.72,1,,22,0.3964,,0
stage1,rdk_0004389.pdbqt,-8.24,1,,28,0.2942,2.02,0
stage1,rdk_0002104.pdbqt,-6.87,1,,28,0.2454,2.39,0
stage1,rdk_0001977.pdbqt,-7.42,1,,39,0.1903,5.29,0
stage1,rdk_0001796.pdbqt,-6.82,1,,33,0.2067,2.08,0
stage1,rdk_0004169.pdbqt,-10.01,1,,42,0.2382,2.33,0
stage1,rdk_0000667.pdbqt,-8.90,1,,36,0.2472,,0
stage1,rdk_0003029.pdbqt,-9.77,1,,43,0.2273,2.76,0
stage1,rdk_0000840.pdbqt,-5.81,1,,22,0.2642,2.70,0
stage1,rdk_0002925.pdbqt,-7.58,1,,23,0.3296,2.17,0
stage1,rdk_0004374.pdbqt,-8.07,1,,29,0.2783,,0
stage1,rdk_0002007.pdbqt,-7.91,1,,20,0.3955,,0
stage1,rdk_0001115.pdbqt,-4.52,1,,12,0.3764,,0
stage1,rdk_0000002.pdbqt,-7.16,1,,20,0.3578,,0
stage1,rdk_0000920.pdbqt,-8.23,1,,14,0.5880,,0
stage1,rdk_0004812.pdbqt,-6.20,1,,15,0.4136,,0
stage1,rdk_0004433.pdbqt,-8.25,1,,26,0.3172,,0
stage1,rdk_0001416.pdbqt,-7.66,1,,17,0.4505,,0
stage1,rdk_0002220.pdbqt,-7.49,1,,33,0.2270,2.06,0
stage1,rdk_0001231.pdbqt,-7.26,1,,18,0.4035,2.34,0
stage1,rdk_0004927.pdbqt,-9.49,1,,42,0.2259,3.55,0
stage1,rdk_0001176.pdbqt,-7.94,1,,30,0.2646,,0
stage1,rdk_0002508.pdbqt,-5.39,1,,9,0.5988,,0
stage1,rdk_0001484.pdbqt,-7.90,1,,16,0.4940,,0
stage1,rdk_0004024.pdbqt,-8.29,1,,34,0.2437,3.37,0
stage1,rdk_0000962.pdbqt,-6.48,1,,34,0.1906,,0
stage1,rdk_0003234.pdbqt,-9.37,1,,30,0.3122,2.15,0
stage1,rdk_0003851.pdbqt,-9.38,1,,20,0.4690,2.02,0
stage1,rdk_0000101.pdbqt,-5.53,1,,10,0.5531,,0
stage1,rdk_0004130.pdbqt,-6.91,1,,18,0.3837,2.09,0
stage1,rdk_0003531.pdbqt,-8.59,1,,34,0.2527,2.58,0
stage1,rdk_0002596.pdbqt,-7.62,1,,34,0.2241,,0
stage1,rdk_0003173.pdbqt,-6.38,1,,17,0.3752,2.57,0
stage1,rdk_0004789.pdbqt,-7.17,1,,26,0.2759,,0
stage1,rdk_0000349.pdbqt,-7.37,1,,20,0.3687,,0
stage1,rdk_0004214.pdbqt,-9.34,1,,30,0.3114,2.52,0
stage1,rdk_0003238.pdbqt,-10.10,1,,26,0.3885,2.27,0
stage1,rdk_0001479.pdbqt,-8.48,1,,20,0.4239,2.10,0
stage1,rdk_0003070.pdbqt,-4.72,1,,9,0.5244,,0
stage1,rdk_0002196.pdbqt,-8.07,1,,33,0.2445,,0
stage1,rdk_0000090.pdbqt,-8.64,1,,26,0.3323,,0
stage1,rdk_0001957.pdbqt,-7.71,1,,25,0.3084,2.54,0
stage1,rdk_0001587.pdbqt,-9.31,1,,20,0.4656,,0
stage1,rdk_0004686.pdbqt,-6.69,1,,14,0.4776,,0
stage1,rdk_0001187.pdbqt,-5.22,1,,13,0.4018,,0
stage1,rdk_0002946.pdbqt,-9.01,1,,22,0.4096,2.22,0
stage1,rdk_0003182.pdbqt,-9.08,1,,28,0.3243,2.62,0
stage1,rdk_0002099.pdbqt,-7.79,1,,32,0.2435,,0
stage1,rdk_0001488.pdbqt,-7.19,1,,29,0.2479,2.01,0
stage1,rdk_0002499.pdbqt,-4.83,1,,14,0.3449,,0
stage1,rdk_0001332.pdbqt,-6.87,1,,20,0.3437,,0
stage1,rdk_0004385.pdbqt,-8.16,1,,22,0.3711,,0
stage1,rdk_0002464.pdbqt,-6.98,1,,13,0.5370,,0
stage1,rdk_0003952.pdbqt,-4.03,1,,12,0.3357,,0
stage1,rdk_0000040.pdbqt,-7.63,1,,33,0.2312,2.28,0
stage1,rdk_0001084.pdbqt,-7.45,1,,23,0.3241,2.75,0
stage1,rdk_0002740.pdbqt,-6.69,1,,10,0.6686,,0
stage1,rdk_0003214.pdbqt,-8.46,1,,64,0.1322,4.15,0
stage1,rdk_0004614.pdbqt,-9.70,1,,24,0.4043,,0
stage1,rdk_0003215.pdbqt,-7.68,1,,33,0.2326,2.10,0
stage1,rdk_0003354.pdbqt,-7.75,1,,23,0.3371,2.38,0
stage1,rdk_0004530.pdbqt,-8.12,1,,25,0.3250,,0
stage1,rdk_0000823.pdbqt,-7.40,1,,26,0.2845,,0
stage1,rdk_0004774.pdbqt,-6.36,1,,25,0.2544,2.40,0
stage1,rdk_0004097.pdbqt,-8.52,1,,46,0.1852,2.11,0
stage1,rdk_0001631.pdbqt,-6.08,1,,20,0.3042,2.08,0
stage1,rdk_0001712.pdbqt,-8.89,1,,57,0.1560,2.56,0
stage1,rdk_0000490.pdbqt,-4.86,1,,12,0.4048,,0
stage1,rdk_0002108.pdbqt,-7.76,1,,31,0.2505,,0
stage1,rdk_0003510.pdbqt,-7.86,1,,33,0.2382,2.60,0
stage1,rdk_0002845.pdbqt,-8.83,1,,22,0.4013,3.08,0
stage1,rdk_0003337.pdbqt,-9.37,1,,31,0.3022,2.41,0
stage1,rdk_0000520.pdbqt,-7.97,1,,26,0.3067,,0
stage1,rdk_0001515.pdbqt,-7.70,1,,20,0.3850,2.31,0
stage1,rdk_0003870.pdbqt,-7.07,1,,23,0.3075,,0
stage1,rdk_0001879.pdbqt,-7.30,1,,18,0.4057,,0
stage1,rdk_0001458.pdbqt,-5.84,1,,16,0.3652,,0
stage1,rdk_0003257.pdbqt,-6.63,1,,19,0.3488,,0
stage1,rdk_0001858.pdbqt,-6.42,1,,25,0.2566,,0
stage1,rdk_0004033.pdbqt,-9.15,1,,23,0.3978,,0
stage1,rdk_0002567.pdbqt,-7.83,1,,26,0.3010,,0
stage1,rdk_0001750.pdbqt,-6.09,1,,54,0.1128,,0
stage1,rdk_0001190.pdbqt,-9.14,1,,36,0.2540,3.58,0
stage1,rdk_0002529.pdbqt,-7.88,1,,17,0.4635,,0
stage1,rdk_0002167.pdbqt,-7.84,1,,32,0.2449,,0
stage1,rdk_0004553.pdbqt,-7.88,1,,34,0.2317,2.43,0
stage1,rdk_0000749.pdbqt,-7.90,1,,26,0.3038,2.11,0
stage1,rdk_0004759.pdbqt,-7.64,1,,22,0.3474,,0
stage1,rdk_0004183.pdbqt,-8.01,1,,26,0.3081,2.05,0
stage1,rdk_0004833.pdbqt,-10.18,1,,20,0.5090,,0
stage1,rdk_0004880.pdbqt,-7.51,1,,37,0.2031,,0
stage1,rdk_0002546.pdbqt,-6.51,1,,12,0.5427,,0
stage1,rdk_0001884.pdbqt,-6.30,1,,20,0.3151,,0
stage1,rdk_0004378.pdbqt,-7.21,1,,26,0.2772,,0
stage1,rdk_0002243.pdbqt,-8.08,1,,31,0.2606,,0
stage1,rdk_0002045.pdbqt,-5.31,1,,12,0.4427,,0
stage1,rdk_0003638.pdbqt,-7.88,1,,33,0.2389,,0
stage1,rdk_0001282.pdbqt,-6.26,1,,16,0.3913,,0
stage1,rdk_0002662.pdbqt,-8.59,1,,17,0.5050,,0
stage1,rdk_0001119.pdbqt,-7.29,1,,31,0.2352,,0
stage1,rdk_0000402.pdbqt,-7.99,1,,29,0.2756,,0
stage1,rdk_0002361.pdbqt,-8.22,1,,21,0.3914,,0
stage1,rdk_0003451.pdbqt,-7.49,1,,30,0.2498,,0
stage1,rdk_0001016.pdbqt,-6.58,1,,30,0.2192,2.12,0
stage1,rdk_0004235.pdbqt,-7.35,1,,22,0.3343,,0
stage1,rdk_0004736.pdbqt,-7.52,1,,17,0.4425,,0
stage1,rdk_0000768.pdbqt,-8.87,1,,15,0.5912,,0
stage1,rdk_0001770.pdbqt,-7.27,1,,33,0.2203,2.85,0
stage1,rdk_0000225.pdbqt,-7.19,1,,34,0.2115,,0
stage1,rdk_0001746.pdbqt,-6.63,1,,51,0.1301,,0
stage1,rdk_0004511.pdbqt,-6.11,1,,11,0.5553,,0
stage1,rdk_0001437.pdbqt,-7.57,1,,18,0.4207,,0
stage1,rdk_0004480.pdbqt,-7.81,1,,27,0.2893,2.06,0
stage1,rdk_0004412.pdbqt,-6.51,1,,16,0.4072,,0
stage1,rdk_0004547.pdbqt,-6.26,1,,65,0.0963,,0
stage1,rdk_0000726.pdbqt,-7.45,1,,29,0.2569,,0
stage1,rdk_0003619.pdbqt,-6.21,1,,10,0.6206,,0
stage1,rdk_0000501.pdbqt,-7.97,1,,25,0.3189,2.21,0
stage1,rdk_0000795.pdbqt,-5.52,1,,14,0.3946,,0
stage1,rdk_0003564.pdbqt,-8.13,1,,40,0.2034,2.70,0
stage1,rdk_0003219.pdbqt,-7.18,1,,19,0.3777,,0
stage1,rdk_0004111.pdbqt,-8.03,1,,21,0.3824,2.37,0
stage1,rdk_0000901.pdbqt,-7.30,1,,31,0.2356,,0
stage1,rdk_0004317.pdbqt,-6.13,1,,23,0.2666,,0
stage1,rdk_0004911.pdbqt,-6.65,1,,27,0.2464,,0
stage1,rdk_0004510.pdbqt,-8.43,1,,45,0.1873,2.47,0
stage1,rdk_0001037.pdbqt,-8.28,1,,22,0.3763,,0
stage1,rdk_0001102.pdbqt,-9.67,1,,47,0.2058,,0
stage1,rdk_0001534.pdbqt,-11.29,1,,24,0.4702,,0
stage1,rdk_0003775.pdbqt,-7.42,1,,21,0.3534,,0
stage1,rdk_0000395.pdbqt,-8.09,1,,22,0.3677,,0
stage1,rdk_0001134.pdbqt,-8.58,1,,27,0.3179,,0
stage1,rdk_0000368.pdbqt,-5.86,1,,20,0.2928,,0
stage1,rdk_0002761.pdbqt,-7.37,1,,22,0.3350,,0
stage1,rdk_0003743.pdbqt,-8.62,1,,36,0.2393,3.88,0
stage1,rdk_0000423.pdbqt,-5.14,1,,14,0.3671,2.08,0
stage1,rdk_0001381.pdbqt,-7.59,1,,22,0.3451,,0
stage1,rdk_0000307.pdbqt,-6.98,1,,28,0.2491,2.56,0
stage1,rdk_0003051.pdbqt,-8.73,1,,21,0.4156,,0
stage1,rdk_0001079.pdbqt,-8.72,1,,40,0.2181,,0
stage1,rdk_0001915.pdbqt,-7.59,1,,21,0.3613,,0
stage1,rdk_0002908.pdbqt,-9.85,1,,30,0.3282,2.32,0
stage1,rdk_0002340.pdbqt,-7.59,1,,31,0.2447,2.91,0
stage1,rdk_0001987.pdbqt,-7.34,1,,21,0.3493,,0
stage1,rdk_0001644.pdbqt,-6.93,1,,13,0.5334,,0
stage1,rdk_0001682.pdbqt,-7.98,1,,23,0.3469,,0
stage1,rdk_0000604.pdbqt,-7.99,1,,30,0.2662,2.44,0
stage1,rdk_0003375.pdbqt,-7.17,1,,20,0.3585,2.15,0
stage1,rdk_0001729.pdbqt,-6.87,1,,52,0.1320,,0
stage1,rdk_0003755.pdbqt,-9.46,1,,50,0.1892,3.74,0
stage1,rdk_0002864.pdbqt,-8.38,1,,23,0.3644,,0
stage1,rdk_0003788.pdbqt,-8.97,1,,29,0.3094,2.93,0
stage1,rdk_0004661.pdbqt,-7.75,1,,13,0.5959,,0
stage1,rdk_0001313.pdbqt,-6.54,1,,19,0.3444,2.68,0
stage1,rdk_0002735.pdbqt,-6.88,1,,12,0.5732,,0
stage1,rdk_0003640.pdbqt,-4.84,1,,63,0.0768,,0
stage1,rdk_0001347.pdbqt,-7.88,1,,23,0.3425,,0
stage1,rdk_0003388.pdbqt,-8.99,1,,23,0.3909,2.06,0
stage1,rdk_0004029.pdbqt,-3.91,1,,7,0.5589,,0
stage1,rdk_0001610.pdbqt,-7.78,1,,30,0.2592,,0
stage1,rdk_0003470.pdbqt,-8.14,1,,37,0.2200,3.45,0
stage1,rdk_0002236.pdbqt,-7.87,1,,22,0.3578,,0
stage1,rdk_0004450.pdbqt,-9.26,1,,40,0.2316,2.11,0
stage1,rdk_0001816.pdbqt,-5.77,1,,21,0.2749,2.38,0
stage1,rdk_0004359.pdbqt,-8.02,1,,25,0.3209,,0
stage1,rdk_0003927.pdbqt,-4.76,1,,13,0.3665,,0
stage1,rdk_0000890.pdbqt,-7.42,1,,33,0.2247,,0
stage1,rdk_0003948.pdbqt,-7.33,1,,19,0.3857,,0
stage1,rdk_0001560.pdbqt,-6.62,1,,19,0.3487,,0
stage1,rdk_0004362.pdbqt,-9.55,1,,21,0.4550,,0
stage1,rdk_0002262.pdbqt,-7.52,1,,22,0.3418,,0
stage1,rdk_0002483.pdbqt,-7.59,1,,13,0.5837,,0
stage1,rdk_0000993.pdbqt,-8.59,1,,38,0.2260,,0
stage1,rdk_0002259.pdbqt,-7.63,1,,26,0.2935,,0
stage1,rdk_0002411.pdbqt,-7.56,1,,28,0.2700,,0
stage1,rdk_0000753.pdbqt,-9.94,1,,23,0.4321,,0
stage1,rdk_0000856.pdbqt,-8.19,1,,22,0.3723,,0
stage1,rdk_0004153.pdbqt,-7.87,1,,33,0.2384,3.11,0
stage1,rdk_0002899.pdbqt,-6.51,1,,26,0.2503,,0
stage1,rdk_0002146.pdbqt,-6.57,1,,28,0.2345,2.09,0
stage1,rdk_0001328.pdbqt,-5.63,1,,12,0.4690,,0
stage1,rdk_0004429.pdbqt,-4.58,1,,11,0.4167,,0
stage1,rdk_0000418.pdbqt,-8.21,1,,20,0.4108,2.15,0
stage1,rdk_0000204.pdbqt,-7.95,1,,31,0.2566,,0
stage1,rdk_0000574.pdbqt,-7.40,1,,22,0.3364,,0
stage1,rdk_0002659.pdbqt,-6.76,1,,13,0.5201,,0
stage1,rdk_0001934.pdbqt,-7.56,1,,31,0.2440,3.57,0
stage1,rdk_0002112.pdbqt,-7.73,1,,32,0.2417,,0
stage1,rdk_0004080.pdbqt,-8.06,1,,28,0.2879,,0
stage1,rdk_0002445.pdbqt,-8.26,1,,25,0.3304,2.61,0
stage1,rdk_0000353.pdbqt,-7.96,1,,17,0.4680,,0
stage1,rdk_0000839.pdbqt,-9.81,1,,30,0.3271,2.68,0
stage1,rdk_0000802.pdbqt,-7.90,1,,35,0.2257,,0
stage1,rdk_0002967.pdbqt,-9.10,1,,33,0.2758,3.50,0
stage1,rdk_0004762.pdbqt,-6.95,1,,14,0.4967,,0
stage1,rdk_0000189.pdbqt,-8.82,1,,27,0.3265,,0
stage1,rdk_0000326.pdbqt,-6.81,1,,35,0.1945,2.15,0
stage1,rdk_0004930.pdbqt,-6.24,1,,21,0.2970,,0
stage1,rdk_0002512.pdbqt,-6.53,1,,12,0.5440,,0
stage1,rdk_0001732.pdbqt,-6.85,1,,31,0.2210,,0
stage1,rdk_0004808.pdbqt,-6.43,1,,20,0.3216,,0
stage1,rdk_0004424.pdbqt,-11.59,1,,43,0.2695,3.73,0
stage1,rdk_0003657.pdbqt,-6.92,1,,30,0.2308,2.64,0
stage1,rdk_0002830.pdbqt,-7.84,1,,26,0.3014,2.05,0
stage1,rdk_0002011.pdbqt,-7.15,1,,22,0.3252,,0
stage1,rdk_0003222.pdbqt,-7.68,1,,27,0.2844,,0
stage1,rdk_0000120.pdbqt,-8.26,1,,27,0.3059,2.01,0
stage1,rdk_0003973.pdbqt,-6.73,1,,20,0.3365,2.07,0
stage1,rdk_0003676.pdbqt,-7.97,1,,29,0.2749,2.26,0
stage1,rdk_0002636.pdbqt,-6.60,1,,14,0.4713,,0
stage1,rdk_0002335.pdbqt,-7.90,1,,24,0.3292,,0
stage1,rdk_0004145.pdbqt,-7.59,1,,20,0.3794,,0
stage1,rdk_0004008.pdbqt,-4.57,1,,8,0.5709,,0
stage1,rdk_0003405.pdbqt,-6.58,1,,23,0.2859,,0
stage1,rdk_0003152.pdbqt,-8.98,1,,35,0.2565,2.90,0
stage1,rdk_0001210.pdbqt,-9.39,1,,30,0.3130,,0
stage1,rdk_0001941.pdbqt,-6.63,1,,27,0.2456,2.89,0
stage1,rdk_0003300.pdbqt,-7.03,1,,21,0.3349,,0
stage1,rdk_0003527.pdbqt,-6.29,1,,9,0.6987,,0
stage1,rdk_0000589.pdbqt,-8.61,1,,26,0.3313,2.02,0
stage1,rdk_0001837.pdbqt,-6.67,1,,32,0.2086,,0
stage1,rdk_0004286.pdbqt,-8.39,1,,40,0.2098,3.44,0
stage1,rdk_0001463.pdbqt,-5.66,1,,21,0.2695,,0
stage1,rdk_0002786.pdbqt,-7.34,1,,21,0.3497,,0
stage1,rdk_0003721.pdbqt,-8.31,1,,22,0.3778,2.13,0
stage1,rdk_0000650.pdbqt,-7.66,1,,24,0.3193,2.13,0
stage1,rdk_0001309.pdbqt,-7.72,1,,24,0.3216,,0
stage1,rdk_0002180.pdbqt,-10.38,1,,30,0.3462,2.37,0
stage1,rdk_0000077.pdbqt,-9.82,1,,26,0.3777,2.83,0
stage1,rdk_0001063.pdbqt,-6.24,1,,28,0.2230,2.10,0
stage1,rdk_0003497.pdbqt,-8.31,1,,38,0.2186,,0
stage1,rdk_0001960.pdbqt,-8.54,1,,23,0.3715,,0
stage1,rdk_0001665.pdbqt,-5.71,1,,13,0.4392,,0
stage1,rdk_0000937.pdbqt,-8.23,1,,44,0.1872,3.33,0
stage1,rdk_0004583.pdbqt,-9.04,1,,37,0.2443,,0
stage1,rdk_0002883.pdbqt,-7.77,1,,23,0.3377,2.29,0
stage1,rdk_0000193.pdbqt,-8.04,1,,37,0.2172,3.40,0
stage1,rdk_0003573.pdbqt,-7.08,1,,32,0.2212,2.33,0
stage1,rdk_0004446.pdbqt,-5.35,1,,24,0.2229,,0
stage1,rdk_0000250.pdbqt,-7.66,1,,29,0.2642,2.17,0
stage1,rdk_0002083.pdbqt,-5.97,1,,23,0.2598,2.16,0
stage1,rdk_0000456.pdbqt,-8.49,1,,33,0.2574,,0
stage1,rdk_0004564.pdbqt,-8.01,1,,23,0.3481,,0
stage1,rdk_0003106.pdbqt,-9.46,1,,31,0.3052,,0
stage1,rdk_0000477.pdbqt,-7.99,1,,34,0.2349,,0
stage1,rdk_0004640.pdbqt,-8.14,1,,24,0.3392,2.06,0
stage1,rdk_0001698.pdbqt,-6.94,1,,20,0.3470,,0
stage1,rdk_0001244.pdbqt,-6.39,1,,24,0.2662,2.83,0
stage1,rdk_0002580.pdbqt,-8.13,1,,25,0.3252,2.30,0
stage1,rdk_0002285.pdbqt,-7.10,1,,24,0.2958,2.14,0
stage1,rdk_0004343.pdbqt,-8.27,1,,19,0.4351,2.06,0
stage1,rdk_0004599.pdbqt,-6.24,1,,16,0.3901,,0
stage1,rdk_0003392.pdbqt,-4.51,1,,11,0.4097,,0
stage1,rdk_0003754.pdbqt,-7.52,1,,41,0.1835,2.78,0
stage1,rdk_0001863.pdbqt,-7.93,1,,13,0.6098,,0
stage1,rdk_0000296.pdbqt,-6.51,1,,36,0.1808,2.57,0
stage1,rdk_0003148.pdbqt,-8.08,1,,23,0.3513,,0
stage1,rdk_0000955.pdbqt,-7.94,1,,33,0.2406,2.10,0
stage1,rdk_0002714.pdbqt,-6.99,1,,18,0.3883,,0
stage1,rdk_0002278.pdbqt,-8.11,1,,22,0.3685,2.17,0
stage1,rdk_0000696.pdbqt,-6.16,1,,32,0.1925,3.27,0
stage1,rdk_0003552.pdbqt,-7.72,1,,36,0.2145,3.14,0
stage1,rdk_0003594.pdbqt,-7.46,1,,35,0.2131,2.72,0
stage1,rdk_0002129.pdbqt,-7.52,1,,27,0.2786,2.99,0
stage1,rdk_0000174.pdbqt,-6.59,1,,28,0.2352,,0
stage1,rdk_0000039.pdbqt,-6.06,1,,11,0.5509,,0
stage1,rdk_0001298.pdbqt,-7.01,1,,17,0.4123,,0
stage1,rdk_0003569.pdbqt,-6.55,1,,34,0.1928,3.17,0
stage1,rdk_0000818.pdbqt,-7.85,1,,22,0.3568,2.06,0
stage1,rdk_0000877.pdbqt,-7.64,1,,28,0.2730,2.07,0
stage1,rdk_0002811.pdbqt,-6.83,1,,21,0.3254,2.23,0
stage1,rdk_0002617.pdbqt,-8.24,1,,16,0.5149,,0
stage1,rdk_0000439.pdbqt,-9.35,1,,23,0.4063,,0
stage1,rdk_0004199.pdbqt,-10.18,1,,18,0.5657,,0
stage1,rdk_0002030.pdbqt,-5.91,1,,20,0.2953,,0
stage1,rdk_0004240.pdbqt,-8.01,1,,22,0.3642,,0
stage1,rdk_0003506.pdbqt,-9.27,1,,32,0.2898,2.65,0
stage1,rdk_0001442.pdbqt,-6.54,1,,21,0.3114,,0
stage1,rdk_0001042.pdbqt,-6.58,1,,25,0.2634,,0
stage1,rdk_0002533.pdbqt,-7.57,1,,18,0.4206,,0
stage1,rdk_0004778.pdbqt,-7.16,1,,37,0.1935,3.53,0
stage1,rdk_0002386.pdbqt,-7.02,1,,16,0.4389,,0
stage1,rdk_0003691.pdbqt,-8.05,1,,22,0.3658,2.48,0
stage1,rdk_0004067.pdbqt,-6.42,1,,21,0.3058,,0
stage1,rdk_0001141.pdbqt,-8.50,1,,18,0.4723,,0
stage1,rdk_0003024.pdbqt,-10.46,1,,31,0.3373,,0
stage1,rdk_0002678.pdbqt,-7.07,1,,17,0.4156,,0
stage1,rdk_0002217.pdbqt,-8.98,1,,31,0.2896,,0
stage1,rdk_0004408.pdbqt,-7.99,1,,24,0.3328,,0
stage1,rdk_0003424.pdbqt,-7.41,1,,14,0.5290,,0
stage1,rdk_0003897.pdbqt,-7.71,1,,23,0.3351,,0
stage1,rdk_0000056.pdbqt,-7.28,1,,22,0.3307,,0
stage1,rdk_0003447.pdbqt,-6.13,1,,11,0.5571,,0
stage1,rdk_0002951.pdbqt,-6.16,1,,37,0.1666,3.97,0
stage1,rdk_0002314.pdbqt,-7.46,1,,22,0.3390,,0
stage1,rdk_0000023.pdbqt,-8.28,1,,30,0.2759,2.48,0
stage1,rdk_0000018.pdbqt,-9.30,1,,33,0.2819,2.50,0
stage1,rdk_0004467.pdbqt,-6.36,1,,19,0.3349,2.16,0
stage1,rdk_0002685.pdbqt,-6.76,1,,16,0.4227,,0
stage1,rdk_0001541.pdbqt,-9.21,1,,27,0.3413,,0
stage1,rdk_0003194.pdbqt,-6.89,1,,31,0.2222,2.15,0
stage1,rdk_0000772.pdbqt,-7.67,1,,34,0.2256,,0
stage1,rdk_0003260.pdbqt,-7.43,1,,14,0.5311,,0
stage1,rdk_0004107.pdbqt,-9.37,1,,17,0.5511,,0
stage1,rdk_0000536.pdbqt,-8.12,1,,20,0.4061,,0
stage1,rdk_0003432.pdbqt,-9.19,1,,55,0.1671,2.46,0
stage1,rdk_0002674.pdbqt,-5.73,1,,13,0.4405,,0
stage1,rdk_0001709.pdbqt,-6.44,1,,22,0.2929,,0
stage1,rdk_0001269.pdbqt,-8.82,1,,23,0.3833,,0
stage1,rdk_0002929.pdbqt,-7.75,1,,41,0.1891,2.45,0
stage1,rdk_0004195.pdbqt,-9.05,1,,31,0.2918,,0
stage1,rdk_0000555.pdbqt,-8.15,1,,26,0.3135,,0
stage1,rdk_0003700.pdbqt,-7.59,1,,21,0.3615,2.83,0
stage1,rdk_0004545.pdbqt,-7.84,1,,35,0.2241,2.56,0
stage1,rdk_0003809.pdbqt,-7.38,1,,13,0.5678,,0
stage1,rdk_0000917.pdbqt,-7.58,1,,24,0.3160,,0
stage1,rdk_0003291.pdbqt,-9.41,1,,28,0.3360,2.23,0
stage1,rdk_0002133.pdbqt,-7.61,1,,30,0.2536,2.37,0
stage1,rdk_0001294.pdbqt,-7.07,1,,16,0.4421,,0
stage1,rdk_0000559.pdbqt,-7.68,1,,22,0.3493,,0
stage1,rdk_0004046.pdbqt,-10.35,1,,33,0.3136,3.73,0
stage1,rdk_0004404.pdbqt,-7.84,1,,28,0.2800,,0
stage1,rdk_0003548.pdbqt,-6.39,1,,27,0.2366,2.31,0
stage1,rdk_0000155.pdbqt,-7.19,1,,31,0.2319,2.67,0
stage1,rdk_0002689.pdbqt,-6.96,1,,17,0.4093,,0
stage1,rdk_0001265.pdbqt,-6.26,1,,48,0.1304,,0
stage1,rdk_0000035.pdbqt,-6.84,1,,24,0.2848,,0
stage1,rdk_0004720.pdbqt,-7.77,1,,13,0.5980,,0
stage1,rdk_0003969.pdbqt,-6.50,1,,24,0.2709,2.70,0
stage1,rdk_0000680.pdbqt,-5.45,1,,10,0.5449,,0
stage1,rdk_0004336.pdbqt,-7.20,1,,36,0.2001,2.64,0
stage1,rdk_0004164.pdbqt,-8.83,1,,29,0.3043,2.19,0
stage1,rdk_0002550.pdbqt,-6.54,1,,11,0.5948,,0
stage1,rdk_0004223.pdbqt,-9.51,1,,20,0.4753,,0
stage1,rdk_0004004.pdbqt,-4.28,1,,8,0.5347,,0
stage1,rdk_0001421.pdbqt,-8.08,1,,18,0.4489,,0
stage1,rdk_0001160.pdbqt,-8.90,1,,32,0.2782,2.29,0
stage1,rdk_0001892.pdbqt,-6.62,1,,24,0.2757,,0
stage1,rdk_0000612.pdbqt,-7.23,1,,24,0.3013,2.59,0
stage1,rdk_0000271.pdbqt,-7.81,1,,26,0.3003,3.04,0
stage1,rdk_0003792.pdbqt,-9.17,1,,31,0.2958,,0
stage1,rdk_0000372.pdbqt,-8.86,1,,33,0.2685,,0
stage1,rdk_0001705.pdbqt,-8.68,1,,18,0.4820,,0
stage1,rdk_0001058.pdbqt,-7.47,1,,35,0.2133,,0
stage1,rdk_0000886.pdbqt,-6.98,1,,22,0.3174,,0
stage1,rdk_0004261.pdbqt,-8.11,1,,34,0.2386,,0
stage1,rdk_0002777.pdbqt,-7.30,1,,21,0.3475,,0
stage1,rdk_0003866.pdbqt,-10.27,1,,28,0.3666,3.07,0
stage1,rdk_0001766.pdbqt,-8.73,1,,37,0.2360,,0
stage1,rdk_0002430.pdbqt,-6.85,1,,34,0.2016,2.18,0
stage1,rdk_0002150.pdbqt,-5.65,1,,13,0.4349,,0
stage1,rdk_0000978.pdbqt,-8.03,1,,21,0.3824,,0
stage1,rdk_0002453.pdbqt,-6.68,1,,11,0.6075,,0
stage1,rdk_0003763.pdbqt,-8.27,1,,31,0.2667,2.08,0
stage1,rdk_0001021.pdbqt,-6.36,1,,23,0.2765,,0
stage1,rdk_0001305.pdbqt,-6.36,1,,19,0.3346,,0
stage1,rdk_0003805.pdbqt,-8.69,1,,35,0.2483,,0
stage1,rdk_0001522.pdbqt,-7.66,1,,22,0.3481,2.04,0
stage1,rdk_0004743.pdbqt,-6.63,1,,21,0.3155,2.39,0
stage1,rdk_0004568.pdbqt,-3.08,1,,6,0.5135,,0
stage1,rdk_0001903.pdbqt,-6.82,1,,14,0.4874,,0
stage1,rdk_0001606.pdbqt,-6.54,1,,18,0.3636,,0
stage1,rdk_0000625.pdbqt,-8.00,1,,39,0.2052,2.38,0
stage1,rdk_0004867.pdbqt,-7.32,1,,37,0.1978,,0
stage1,rdk_0003544.pdbqt,-6.99,1,,12,0.5823,,0
stage1,rdk_0004320.pdbqt,-5.20,1,,18,0.2889,,0
stage1,rdk_0002289.pdbqt,-8.70,1,,28,0.3106,,0
stage1,rdk_0001694.pdbqt,-7.90,1,,21,0.3763,,0
stage1,rdk_0004595.pdbqt,-7.77,1,,17,0.4572,,0
stage1,rdk_0003321.pdbqt,-8.22,1,,38,0.2163,2.26,0
stage1,rdk_0004825.pdbqt,-7.18,1,,24,0.2992,,0
stage1,rdk_0002274.pdbqt,-8.82,1,,29,0.3041,,0
stage1,rdk_0001103.pdbqt,-5.02,1,,9,0.5581,,0
stage1,rdk_0003428.pdbqt,-7.59,1,,28,0.2711,,0
stage1,rdk_0002971.pdbqt,-6.48,1,,28,0.2315,2.88,0
stage1,rdk_0002980.pdbqt,-9.64,1,,27,0.3569,,0
stage1,rdk_0001669.pdbqt,-7.30,1,,20,0.3650,,0
stage1,rdk_0002053.pdbqt,-9.42,1,,25,0.3770,2.05,0
stage1,rdk_0000435.pdbqt,-8.70,1,,25,0.3481,,0
stage1,rdk_0000159.pdbqt,-7.21,1,,24,0.3004,2.50,0
stage1,rdk_0004096.pdbqt,-9.57,1,,27,0.3546,,0
stage1,rdk_0004126.pdbqt,-7.34,1,,14,0.5244,,0
stage1,rdk_0002655.pdbqt,-6.32,1,,11,0.5745,,0
stage1,rdk_0002377.pdbqt,-7.82,1,,27,0.2895,2.14,0
stage1,rdk_0004829.pdbqt,-7.76,1,,35,0.2218,2.26,0
stage1,rdk_0002933.pdbqt,-9.17,1,,39,0.2351,3.40,0
stage1,rdk_0003965.pdbqt,-5.75,1,,16,0.3591,,0
stage1,rdk_0003603.pdbqt,-7.29,1,,33,0.2210,2.35,0
stage1,rdk_0001397.pdbqt,-8.28,1,,20,0.4138,,0
stage1,rdk_0002072.pdbqt,-7.79,1,,14,0.5567,,0
stage1,rdk_0004846.pdbqt,-9.05,1,,35,0.2586,2.47,0
stage1,rdk_0004701.pdbqt,-6.23,1,,16,0.3892,,0
stage1,rdk_0003998.pdbqt,-7.65,1,,26,0.2944,,0
stage1,rdk_0000086.pdbqt,-6.65,1,,18,0.3694,2.08,0
stage1,rdk_0003363.pdbqt,-7.69,1,,24,0.3204,,0
stage1,rdk_0002718.pdbqt,-6.09,1,,18,0.3384,,0
stage1,rdk_0003198.pdbqt,-7.66,1,,14,0.5470,,0
stage1,rdk_0000136.pdbqt,-7.34,1,,26,0.2825,,0
stage1,rdk_0001400.pdbqt,-8.09,1,,22,0.3675,2.14,0
stage1,rdk_0000633.pdbqt,-5.04,1,,12,0.4204,,0
stage1,rdk_0004755.pdbqt,-6.70,1,,43,0.1558,3.94,0
stage1,rdk_0000578.pdbqt,-7.77,1,,28,0.2776,,0
stage1,rdk_0001227.pdbqt,-6.83,1,,19,0.3596,,0
stage1,rdk_0003130.pdbqt,1.53,1,,73,-0.0210,3.34,0
stage1,rdk_0003906.pdbqt,-8.87,1,,35,0.2535,2.48,0
stage1,rdk_0002318.pdbqt,-7.90,1,,35,0.2257,2.49,0
stage1,rdk_0004425.pdbqt,-8.91,1,,23,0.3875,2.22,0
stage1,rdk_0000985.pdbqt,-7.38,1,,27,0.2733,,0
stage1,rdk_0000517.pdbqt,-8.00,1,,22,0.3636,,0
stage1,rdk_0000814.pdbqt,-8.32,1,,27,0.3082,2.84,0
stage1,rdk_0004290.pdbqt,-8.06,1,,18,0.4479,,0
stage1,rdk_0004507.pdbqt,-7.63,1,,30,0.2543,2.34,0
stage1,rdk_0004804.pdbqt,-8.74,1,,21,0.4160,,0
stage1,rdk_0004572.pdbqt,-8.71,1,,57,0.1527,2.11,0
stage1,rdk_0003828.pdbqt,-6.22,1,,15,0.4150,,0
stage1,rdk_0003847.pdbqt,-8.04,1,,25,0.3217,,0
stage1,rdk_0003342.pdbqt,-6.29,1,,11,0.5720,,0
stage1,rdk_0001248.pdbqt,-6.35,1,,20,0.3175,,0
stage1,rdk_0001492.pdbqt,-7.25,1,,21,0.3455,,0
stage1,rdk_0003660.pdbqt,-7.70,1,,30,0.2566,,0
stage1,rdk_0001800.pdbqt,-8.52,1,,36,0.2367,,0
stage1,rdk_0000414.pdbqt,-7.64,1,,11,0.6945,,0
stage1,rdk_0003742.pdbqt,-6.61,1,,15,0.4408,2.15,0
stage1,rdk_0003241.pdbqt,-8.50,1,,21,0.4048,,0
stage1,rdk_0000711.pdbqt,-6.14,1,,23,0.2670,,0
stage1,rdk_0002912.pdbqt,-8.31,1,,39,0.2132,,0
stage1,rdk_0003565.pdbqt,-6.14,1,,16,0.3837,2.08,0
stage1,rdk_0002950.pdbqt,-7.80,1,,27,0.2890,2.45,0
stage1,rdk_0000989.pdbqt,-7.90,1,,31,0.2549,3.14,0
stage1,rdk_0001092.pdbqt,-7.93,1,,23,0.3447,,0
stage1,rdk_0002571.pdbqt,-6.75,1,,20,0.3377,,0
stage1,rdk_0000707.pdbqt,-10.18,1,,49,0.2078,2.21,0
stage1,rdk_0004393.pdbqt,-8.94,1,,23,0.3886,,0
stage1,rdk_0000280.pdbqt,-8.34,1,,31,0.2690,2.65,0
stage1,rdk_0003944.pdbqt,-7.44,1,,21,0.3541,,0
stage1,rdk_0004896.pdbqt,-6.24,1,,21,0.2973,2.24,0
stage1,rdk_0001648.pdbqt,-7.06,1,,26,0.2714,,0
stage1,rdk_0000730.pdbqt,-5.00,1,,12,0.4167,2.05,0
stage1,rdk_0000486.pdbqt,-7.64,1,,18,0.4243,,0
stage1,rdk_0004690.pdbqt,-6.28,1,,18,0.3487,,0
stage1,rdk_0002472.pdbqt,-5.63,1,,14,0.4021,,0
stage1,rdk_0000835.pdbqt,-9.82,1,,31,0.3169,,0
stage1,rdk_0001591.pdbqt,-7.49,1,,22,0.3404,,0
stage1,rdk_0004168.pdbqt,-11.97,1,,36,0.3326,3.10,0
stage1,rdk_0001122.pdbqt,-8.62,1,,31,0.2781,2.89,0
stage1,rdk_0002756.pdbqt,-5.91,1,,20,0.2954,,0
stage1,rdk_0002739.pdbqt,-9.80,1,,22,0.4455,,0
stage1,rdk_0004907.pdbqt,-6.66,1,,17,0.3920,,0
stage1,rdk_0002171.pdbqt,-6.24,1,,23,0.2715,,0
stage1,rdk_0001724.pdbqt,-7.38,1,,30,0.2461,3.11,0
stage1,rdk_0000212.pdbqt,-8.85,1,,36,0.2459,,0
stage1,rdk_0000783.pdbqt,-7.07,1,,32,0.2210,2.39,0
stage1,rdk_0003009.pdbqt,-9.28,1,,33,0.2812,,0
stage1,rdk_0001627.pdbqt,-7.05,1,,21,0.3358,2.07,0
stage1,rdk_0002339.pdbqt,-9.69,1,,28,0.3460,2.15,0
stage1,rdk_0001991.pdbqt,-8.52,1,,30,0.2840,2.27,0
stage1,rdk_0004602.pdbqt,-8.30,1,,22,0.3772,,0
stage1,rdk_0004926.pdbqt,-7.93,1,,33,0.2404,3.08,0
stage1,rdk_0004184.pdbqt,-7.13,1,,16,0.4458,,0
stage1,rdk_0000383.pdbqt,-7.71,1,,32,0.2410,2.62,0
stage1,rdk_0004487.pdbqt,-6.25,1,,9,0.6942,,0
stage1,rdk_0004149.pdbqt,-6.57,1,,30,0.2190,3.14,0
stage1,rdk_0004179.pdbqt,-6.00,1,,11,0.5459,,0
stage1,rdk_0004025.pdbqt,-7.55,1,,28,0.2696,,0
stage1,rdk_0004623.pdbqt,-6.62,1,,23,0.2878,,0
stage1,rdk_0004793.pdbqt,-7.87,1,,24,0.3280,,0
stage1,rdk_0002872.pdbqt,-8.15,1,,35,0.2330,2.50,0
stage1,rdk_0002356.pdbqt,-7.02,1,,29,0.2421,2.18,0
stage1,rdk_0001503.pdbqt,-6.65,1,,21,0.3169,,0
stage1,rdk_0003155.pdbqt,-7.61,1,,24,0.3170,,0
stage1,rdk_0001133.pdbqt,-4.70,1,,10,0.4696,,0
stage1,rdk_0003772.pdbqt,-7.08,1,,13,0.5450,,0
stage1,rdk_0001285.pdbqt,-5.77,1,,16,0.3606,,0
stage1,rdk_0002366.pdbqt,-5.13,1,,9,0.5698,,0
stage1,rdk_0004526.pdbqt,-9.06,1,,28,0.3234,2.77,0
stage1,rdk_0004116.pdbqt,-6.44,1,,13,0.4956,,0
stage1,rdk_0002665.pdbqt,-6.95,1,,15,0.4631,,0
stage1,rdk_0001206.pdbqt,-8.69,1,,34,0.2557,2.49,0
stage1,rdk_0000117.pdbqt,-6.88,1,,26,0.2647,,0
stage1,rdk_0003066.pdbqt,-10.86,1,,29,0.3744,2.25,0
stage1,rdk_0001191.pdbqt,-7.24,1,,23,0.3148,,0
stage1,rdk_0002541.pdbqt,-7.61,1,,14,0.5432,,0
stage1,rdk_0003466.pdbqt,-7.94,1,,32,0.2481,,0
stage1,rdk_0001430.pdbqt,-6.29,1,,20,0.3144,,0
stage1,rdk_0000311.pdbqt,-6.95,1,,37,0.1877,2.07,0
stage1,rdk_0000906.pdbqt,-7.88,1,,24,0.3283,2.35,0
stage1,rdk_0000185.pdbqt,-7.08,1,,26,0.2723,,0
stage1,rdk_0004232.pdbqt,-9.32,1,,19,0.4906,,0
stage1,rdk_0000014.pdbqt,-7.46,1,,31,0.2407,3.67,0
stage1,rdk_0004301.pdbqt,-7.73,1,,27,0.2862,2.78,0
stage1,rdk_0001842.pdbqt,-7.96,1,,55,0.1448,2.89,0
stage1,rdk_0000959.pdbqt,-7.10,1,,35,0.2028,,0
stage1,rdk_0002698.pdbqt,-7.43,1,,28,0.2655,,0
stage1,rdk_0000148.pdbqt,-7.65,1,,24,0.3189,,0
stage1,rdk_0003818.pdbqt,-7.79,1,,27,0.2885,,0
stage1,rdk_0004632.pdbqt,-4.17,1,,7,0.5960,,0
stage1,rdk_0002723.pdbqt,-7.33,1,,38,0.1929,4.26,0
stage1,rdk_0001533.pdbqt,-8.13,1,,24,0.3388,,0
stage1,rdk_0001324.pdbqt,-7.33,1,,27,0.2714,2.02,0
stage1,rdk_0002766.pdbqt,-7.19,1,,22,0.3267,,0
stage1,rdk_0001278.pdbqt,-6.79,1,,26,0.2613,2.24,0
stage1,rdk_0000548.pdbqt,-7.67,1,,28,0.2739,,0
stage1,rdk_0001922.pdbqt,-9.14,1,,24,0.3807,2.19,0
stage1,rdk_0000969.pdbqt,-7.51,1,,24,0.3129,2.49,0
stage1,rdk_0004415.pdbqt,-9.92,1,,26,0.3815,,0
stage1,rdk_0000603.pdbqt,-7.98,1,,30,0.2660,,0
stage1,rdk_0001314.pdbqt,-8.49,1,,20,0.4245,,0
stage1,rdk_0003028.pdbqt,-8.64,1,,41,0.2108,,0
stage1,rdk_0003439.pdbqt,-7.41,1,,27,0.2744,,0
stage1,rdk_0002442.pdbqt,-7.12,1,,23,0.3094,,0
stage1,rdk_0003165.pdbqt,-9.21,1,,35,0.2631,,0
stage1,rdk_0004731.pdbqt,-6.41,1,,22,0.2915,2.35,0
stage1,rdk_0001217.pdbqt,-6.25,1,,25,0.2499,,0
stage1,rdk_0001617.pdbqt,-5.50,1,,16,0.3441,,0
stage1,rdk_0002141.pdbqt,-7.49,1,,26,0.2880,,0
stage1,rdk_0001685.pdbqt,-7.67,1,,20,0.3834,,0
stage1,rdk_0001000.pdbqt,-8.97,1,,38,0.2362,,0
stage1,rdk_0000392.pdbqt,-7.03,1,,26,0.2702,2.74,0
stage1,rdk_0003671.pdbqt,-9.25,1,,16,0.5782,,0
stage1,rdk_0002255.pdbqt,-9.20,1,,38,0.2421,,0
stage1,rdk_0001883.pdbqt,-6.44,1,,25,0.2576,4.39,0
stage1,rdk_0004834.pdbqt,-6.41,1,,18,0.3563,,0
stage1,rdk_0004635.pdbqt,-7.64,1,,48,0.1592,,0
stage1,rdk_0001386.pdbqt,-7.13,1,,21,0.3394,,0
stage1,rdk_0002265.pdbqt,-8.78,1,,28,0.3135,,0
stage1,rdk_0002853.pdbqt,-8.66,1,,31,0.2793,2.53,0
stage1,rdk_0004331.pdbqt,-8.36,1,,29,0.2881,,0
stage1,rdk_0003974.pdbqt,-5.85,1,,10,0.5851,,0
stage1,rdk_0003409.pdbqt,-7.53,1,,33,0.2281,2.50,0
stage1,rdk_0003169.pdbqt,-8.30,1,,41,0.2026,2.01,0
stage1,rdk_0000897.pdbqt,-7.76,1,,28,0.2771,,0
stage1,rdk_0003839.pdbqt,-4.66,1,,9,0.5176,,0
stage1,rdk_0000569.pdbqt,-8.32,1,,21,0.3962,,0
stage1,rdk_0001797.pdbqt,-6.97,1,,33,0.2113,,0
stage1,rdk_0002644.pdbqt,-7.53,1,,16,0.4706,,0
stage1,rdk_0000233.pdbqt,-10.37,1,,43,0.2410,2.16,0
stage1,rdk_0000424.pdbqt,-7.84,1,,26,0.3015,,0
stage1,rdk_0001112.pdbqt,-6.86,1,,15,0.4571,,0
stage1,rdk_0000792.pdbqt,-8.91,1,,32,0.2786,,0
stage1,rdk_0002063.pdbqt,-6.27,1,,12,0.5223,,0
stage1,rdk_0000097.pdbqt,-7.23,1,,20,0.3613,,0
stage1,rdk_0001411.pdbqt,-8.03,1,,19,0.4225,,0
stage1,rdk_0000691.pdbqt,-5.92,1,,22,0.2689,2.54,0
stage1,rdk_0003039.pdbqt,-7.54,1,,22,0.3429,,0
stage1,rdk_0000994.pdbqt,-7.48,1,,38,0.1968,,0
stage1,rdk_0003271.pdbqt,-10.32,1,,36,0.2868,2.52,0
stage1,rdk_0003372.pdbqt,-6.87,1,,24,0.2862,2.14,0
stage1,rdk_0001236.pdbqt,-7.83,1,,24,0.3263,,0
stage1,rdk_0004887.pdbqt,-7.93,1,,25,0.3174,,0
stage1,rdk_0001259.pdbqt,-6.98,1,,17,0.4104,,0
stage1,rdk_0004087.pdbqt,-7.46,1,,25,0.2986,,0
stage1,rdk_0004202.pdbqt,-9.09,1,,37,0.2457,2.87,0
stage1,rdk_0000127.pdbqt,-7.96,1,,26,0.3060,,0
stage1,rdk_0003641.pdbqt,-10.16,1,,38,0.2675,2.60,0
stage1,rdk_0002960.pdbqt,-7.66,1,,31,0.2470,2.63,0
stage1,rdk_0000203.pdbqt,-8.30,1,,31,0.2678,,0
stage1,rdk_0003189.pdbqt,-6.00,1,,17,0.3531,,0
stage1,rdk_0004782.pdbqt,-6.42,1,,11,0.5835,,0
stage1,rdk_0002309.pdbqt,-7.69,1,,38,0.2023,,0
stage1,rdk_0003989.pdbqt,-7.40,1,,29,0.2551,,0
stage1,rdk_0000700.pdbqt,-8.10,1,,22,0.3680,2.24,0
stage1,rdk_0004516.pdbqt,-6.77,1,,27,0.2508,3.75,0
stage1,rdk_0001180.pdbqt,-11.71,1,,22,0.5324,,0
stage1,rdk_0003753.pdbqt,-6.41,1,,12,0.5345,,0
stage1,rdk_0004681.pdbqt,-5.51,1,,8,0.6890,,0
stage1,rdk_0000585.pdbqt,-8.29,1,,42,0.1973,,0
stage1,rdk_0001483.pdbqt,-9.36,1,,22,0.4253,,0
stage1,rdk_0004158.pdbqt,-7.62,1,,13,0.5860,,0
stage1,rdk_0001678.pdbqt,-8.28,1,,25,0.3312,2.14,0
stage1,rdk_0003555.pdbqt,-6.93,1,,28,0.2474,3.09,0
stage1,rdk_0003598.pdbqt,-4.17,1,,61,0.0683,,0
stage1,rdk_0002298.pdbqt,-8.33,1,,36,0.2313,,0
stage1,rdk_0004015.pdbqt,-5.18,1,,23,0.2253,,0
stage1,rdk_0001912.pdbqt,-8.42,1,,29,0.2902,2.36,0
stage1,rdk_0004281.pdbqt,-7.47,1,,22,0.3398,,0
stage1,rdk_0004137.pdbqt,-8.79,1,,29,0.3030,2.15,0
stage1,rdk_0004710.pdbqt,-8.17,1,,35,0.2334,,0
stage1,rdk_0004815.pdbqt,-8.93,1,,24,0.3722,,0
stage1,rdk_0000506.pdbqt,-6.87,1,,21,0.3273,,0
stage1,rdk_0003856.pdbqt,-6.54,1,,18,0.3632,,0
stage1,rdk_0000024.pdbqt,-7.82,1,,33,0.2370,2.60,0
stage1,rdk_0000405.pdbqt,-6.93,1,,22,0.3152,,0
stage1,rdk_0000805.pdbqt,-7.89,1,,35,0.2255,,0
stage1,rdk_0004548.pdbqt,-8.81,1,,51,0.1728,3.15,0
stage1,rdk_0002347.pdbqt,-8.14,1,,30,0.2713,,0
stage1,rdk_0003955.pdbqt,-5.23,1,,12,0.4355,,0
stage1,rdk_0000974.pdbqt,-7.52,1,,46,0.1635,4.03,0
stage1,rdk_0000721.pdbqt,-9.47,1,,25,0.3790,,0
stage1,rdk_0000527.pdbqt,-7.69,1,,35,0.2197,3.04,0
stage1,rdk_0001335.pdbqt,-3.40,1,,6,0.5668,,0
stage1,rdk_0004034.pdbqt,-4.41,1,,9,0.4898,,0
stage1,rdk_0000169.pdbqt,-5.39,1,,12,0.4489,,0
stage1,rdk_0004558.pdbqt,-8.08,1,,20,0.4038,,0
stage1,rdk_0000300.pdbqt,-7.45,1,,34,0.2191,2.74,0
stage1,rdk_0003477.pdbqt,-7.93,1,,29,0.2734,2.03,0
stage1,rdk_0000824.pdbqt,-7.53,1,,26,0.2896,,0
stage1,rdk_0000594.pdbqt,-9.39,1,,34,0.2763,,0
stage1,rdk_0001083.pdbqt,-7.46,1,,26,0.2868,,0
stage1,rdk_0002709.pdbqt,-10.34,1,,33,0.3134,2.37,0
stage1,rdk_0002463.pdbqt,-7.70,1,,13,0.5923,,0
stage1,rdk_0000005.pdbqt,-7.46,1,,19,0.3926,2.00,0
stage1,rdk_0003047.pdbqt,-9.16,1,,41,0.2234,3.77,0
stage1,rdk_0001580.pdbqt,-8.94,1,,21,0.4258,,0
stage1,rdk_0002747.pdbqt,-6.30,1,,21,0.3002,,0
stage1,rdk_0004537.pdbqt,-8.21,1,,29,0.2832,,0
stage1,rdk_0002560.pdbqt,-7.28,1,,29,0.2511,2.16,0
stage1,rdk_0001636.pdbqt,-6.87,1,,16,0.4294,,0
stage1,rdk_0002842.pdbqt,-5.76,1,,20,0.2878,,0
stage1,rdk_0001713.pdbqt,-9.10,1,,57,0.1596,2.84,0
stage1,rdk_0002244.pdbqt,-9.55,1,,26,0.3672,,0
stage1,rdk_0003250.pdbqt,-9.04,1,,29,0.3117,2.92,0
stage1,rdk_0000106.pdbqt,-7.50,1,,27,0.2778,2.38,0
stage1,rdk_0004382.pdbqt,-7.74,1,,22,0.3519,2.59,0
stage1,rdk_0000828.pdbqt,-9.98,1,,20,0.4988,,0
stage1,rdk_0002821.pdbqt,-6.11,1,,12,0.5093,,0
stage1,rdk_0002400.pdbqt,-6.53,1,,19,0.3439,,0
stage1,rdk_0004057.pdbqt,-6.17,1,,11,0.5607,,0
stage1,rdk_0002328.pdbqt,-7.80,1,,28,0.2786,2.29,0
stage1,rdk_0003353.pdbqt,-6.96,1,,26,0.2678,2.54,0
stage1,rdk_0004613.pdbqt,-9.82,1,,28,0.3508,,0
stage1,rdk_0000321.pdbqt,-6.66,1,,29,0.2297,2.50,0
stage1,rdk_0003936.pdbqt,-3.83,1,,8,0.4791,,0
stage1,rdk_0000330.pdbqt,-7.21,1,,39,0.1848,2.11,0
stage1,rdk_0002728.pdbqt,-8.06,1,,22,0.3664,2.84,0
stage1,rdk_0001356.pdbqt,-6.32,1,,19,0.3327,,0
stage1,rdk_0000497.pdbqt,-8.20,1,,29,0.2826,2.12,0
stage1,rdk_0002042.pdbqt,-8.54,1,,40,0.2134,2.25,0
stage1,rdk_0000948.pdbqt,-7.80,1,,33,0.2364,2.41,0
stage1,rdk_0004038.pdbqt,-5.35,1,,10,0.5348,,0
stage1,rdk_0000409.pdbqt,-7.18,1,,26,0.2763,,0
stage1,rdk_0000165.pdbqt,-7.35,1,,21,0.3501,,0
stage1,rdk_0004554.pdbqt,-8.66,1,,20,0.4330,,0
stage1,rdk_0002248.pdbqt,-7.81,1,,21,0.3717,,0
stage1,rdk_0002492.pdbqt,-5.74,1,,10,0.5738,,0
stage1,rdk_0003650.pdbqt,-7.57,1,,45,0.1683,,0
stage1,rdk_0003056.pdbqt,-7.47,1,,31,0.2411,2.82,0
stage1,rdk_0001011.pdbqt,-7.27,1,,31,0.2345,2.12,0
stage1,rdk_0001571.pdbqt,-6.91,1,,19,0.3638,,0
stage1,rdk_0003835.pdbqt,-6.43,1,,10,0.6430,,0
stage1,rdk_0003418.pdbqt,-8.88,1,,34,0.2613,,0
stage1,rdk_0001659.pdbqt,-7.06,1,,28,0.2520,,0
stage1,rdk_0002227.pdbqt,-7.43,1,,28,0.2655,,0
stage1,rdk_0002648.pdbqt,-6.08,1,,13,0.4678,,0
stage1,rdk_0001366.pdbqt,-8.51,1,,44,0.1935,3.13,0
stage1,rdk_0003233.pdbqt,-6.78,1,,12,0.5646,,0
stage1,rdk_0000565.pdbqt,-7.61,1,,23,0.3308,,0
stage1,rdk_0000847.pdbqt,-7.43,1,,22,0.3375,,0
stage1,rdk_0002092.pdbqt,-7.72,1,,22,0.3511,,0
stage1,rdk_0003276.pdbqt,-7.18,1,,44,0.1632,3.17,0
stage1,rdk_0004819.pdbqt,-5.50,1,,10,0.5497,,0
stage1,rdk_0000641.pdbqt,-5.17,1,,12,0.4305,,0
stage1,rdk_0003018.pdbqt,-9.02,1,,28,0.3223,2.10,0
stage1,rdk_0001655.pdbqt,-9.37,1,,26,0.3602,2.63,0
stage1,rdk_0000598.pdbqt,-8.22,1,,27,0.3043,,0
stage1,rdk_0000222.pdbqt,-7.87,1,,36,0.2186,,0
stage1,rdk_0004438.pdbqt,-7.71,1,,25,0.3085,,0
stage1,rdk_0002591.pdbqt,-7.94,1,,27,0.2940,,0
stage1,rdk_0002503.pdbqt,-6.22,1,,11,0.5653,,0
stage1,rdk_0002191.pdbqt,-8.05,1,,29,0.2777,,0
stage1,rdk_0001339.pdbqt,-6.89,1,,24,0.2869,2.50,0
stage1,rdk_0001853.pdbqt,-4.74,1,,9,0.5262,,0
stage1,rdk_0000342.pdbqt,-7.05,1,,24,0.2938,2.42,0
stage1,rdk_0001512.pdbqt,-8.60,1,,33,0.2605,2.13,0
stage1,rdk_0001786.pdbqt,-6.99,1,,33,0.2117,2.48,0
stage1,rdk_0003633.pdbqt,-7.63,1,,32,0.2383,,0
stage1,rdk_0000742.pdbqt,-7.34,1,,25,0.2937,2.39,0
stage1,rdk_0000198.pdbqt,-7.05,1,,29,0.2433,,0
stage1,rdk_0004270.pdbqt,-8.48,1,,23,0.3688,,0
stage1,rdk_0002627.pdbqt,-4.59,1,,11,0.4175,,0
stage1,rdk_0003622.pdbqt,-6.79,1,,51,0.1332,,0
stage1,rdk_0004457.pdbqt,-5.70,1,,12,0.4752,,0
stage1,rdk_0003486.pdbqt,-7.51,1,,26,0.2889,,0
stage1,rdk_0003330.pdbqt,-9.08,1,,32,0.2838,2.10,0
stage1,rdk_0000944.pdbqt,-7.66,1,,29,0.2642,,0
stage1,rdk_0003917.pdbqt,-6.31,1,,12,0.5258,,0
stage1,rdk_0002103.pdbqt,-6.33,1,,27,0.2343,,0
stage1,rdk_0002000.pdbqt,-8.22,1,,26,0.3162,,0
stage1,rdk_0001472.pdbqt,-7.60,1,,18,0.4222,,0
stage1,rdk_0003097.pdbqt,-7.40,1,,52,0.1424,,0
stage1,rdk_0000144.pdbqt,-7.89,1,,22,0.3588,,0
stage1,rdk_0001830.pdbqt,-6.98,1,,31,0.2250,2.17,0
stage1,rdk_0003086.pdbqt,-10.45,1,,31,0.3370,2.75,0
stage1,rdk_0003730.pdbqt,-8.19,1,,22,0.3722,,0
stage1,rdk_0002160.pdbqt,-7.96,1,,38,0.2095,,0
stage1,rdk_0003178.pdbqt,-6.68,1,,23,0.2903,,0
stage1,rdk_0001933.pdbqt,-7.82,1,,31,0.2522,2.63,0
stage1,rdk_0004194.pdbqt,-7.89,1,,52,0.1517,5.47,0
stage1,rdk_0000009.pdbqt,-7.57,1,,22,0.3439,,0
stage1,rdk_0000763.pdbqt,-7.68,1,,19,0.4044,,0
stage1,rdk_0000260.pdbqt,-8.57,1,,23,0.3727,,0
stage1,rdk_0002324.pdbqt,-7.27,1,,27,0.2691,,0
stage1,rdk_0001072.pdbqt,-9.29,1,,31,0.2998,,0
stage1,rdk_0002892.pdbqt,-7.16,1,,20,0.3579,,0
stage1,rdk_0004876.pdbqt,-7.48,1,,33,0.2267,,0
stage1,rdk_0004019.pdbqt,-6.50,1,,14,0.4643,,0
stage1,rdk_0001689.pdbqt,-6.37,1,,13,0.4900,,0
stage1,rdk_0002122.pdbqt,-7.49,1,,22,0.3406,,0
stage1,rdk_0001377.pdbqt,-10.20,1,,22,0.4635,,0
stage1,rdk_0001751.pdbqt,-7.33,1,,55,0.1332,2.02,0
stage1,rdk_0000936.pdbqt,-7.97,1,,44,0.1812,2.10,0
stage1,rdk_0000927.pdbqt,-8.26,1,,43,0.1920,,0
stage1,rdk_0000241.pdbqt,-8.08,1,,34,0.2376,,0
stage1,rdk_0001674.pdbqt,-7.47,1,,23,0.3248,,0
stage1,rdk_0003680.pdbqt,-6.80,1,,14,0.4861,2.06,0
stage1,rdk_0000447.pdbqt,-7.67,1,,29,0.2643,,0
stage1,rdk_0002421.pdbqt,-5.59,1,,15,0.3725,,0
stage1,rdk_0004584.pdbqt,-8.91,1,,35,0.2545,2.35,0
stage1,rdk_0004047.pdbqt,-8.14,1,,58,0.1404,2.86,0
stage1,rdk_0003985.pdbqt,-8.02,1,,21,0.3821,,0
stage1,rdk_0004076.pdbqt,-7.64,1,,19,0.4022,,0
stage1,rdk_0001318.pdbqt,-8.44,1,,24,0.3518,,0
stage1,rdk_0004216.pdbqt,-9.78,1,,64,0.1528,3.28,0
stage1,rdk_0001735.pdbqt,-6.79,1,,31,0.2189,,0
stage1,rdk_0001550.pdbqt,-6.45,1,,22,0.2930,,0
stage1,rdk_0001872.pdbqt,-4.07,1,,10,0.4069,,0
stage1,rdk_0001171.pdbqt,-6.87,1,,28,0.2452,,0
stage1,rdk_0003589.pdbqt,-6.97,1,,40,0.1742,,0
stage1,rdk_0001274.pdbqt,-5.89,1,,10,0.5887,,0
stage1,rdk_0001747.pdbqt,-7.22,1,,51,0.1416,,0
stage1,rdk_0003536.pdbqt,-7.89,1,,28,0.2817,,0
stage1,rdk_0003978.pdbqt,-7.86,1,,23,0.3416,,0
stage1,rdk_0004857.pdbqt,-6.68,1,,19,0.3515,,0
stage1,rdk_0002522.pdbqt,-6.54,1,,16,0.4088,,0
stage1,rdk_0000428.pdbqt,-8.33,1,,29,0.2873,,0
stage1,rdk_0003117.pdbqt,-10.27,1,,33,0.3113,,0
stage1,rdk_0001971.pdbqt,-8.58,1,,33,0.2601,,0
stage1,rdk_0004773.pdbqt,-5.93,1,,23,0.2578,2.28,0
stage1,rdk_0002724.pdbqt,-7.80,1,,34,0.2293,2.07,0
stage1,rdk_0001950.pdbqt,-9.77,1,,39,0.2506,2.28,0
stage1,rdk_0003414.pdbqt,-7.99,1,,40,0.1998,,0
stage1,rdk_0004175.pdbqt,-5.21,1,,11,0.4735,,0
stage1,rdk_0002852.pdbqt,-8.62,1,,51,0.1690,3.65,0
stage1,rdk_0004251.pdbqt,-7.35,1,,24,0.3062,,0
stage1,rdk_0001453.pdbqt,-7.15,1,,12,0.5957,,0
stage1,rdk_0004154.pdbqt,-8.81,1,,28,0.3145,2.85,0
stage1,rdk_0001255.pdbqt,-7.55,1,,27,0.2795,,0
stage1,rdk_0000866.pdbqt,-7.37,1,,30,0.2456,,0
stage1,rdk_0001150.pdbqt,-6.88,1,,13,0.5295,,0
stage1,rdk_0003711.pdbqt,-8.44,1,,20,0.4221,,0
stage1,rdk_0002305.pdbqt,-8.52,1,,23,0.3703,,0
stage1,rdk_0003280.pdbqt,-6.54,1,,13,0.5032,,0
stage1,rdk_0004188.pdbqt,-8.59,1,,18,0.4772,,0
stage1,rdk_0004651.pdbqt,-7.52,1,,32,0.2349,,0
stage1,rdk_0002669.pdbqt,-4.64,1,,10,0.4644,,0
stage1,rdk_0004752.pdbqt,-6.40,1,,19,0.3366,,0
stage1,rdk_0001053.pdbqt,-7.07,1,,28,0.2524,,0
stage1,rdk_0002694.pdbqt,-6.56,1,,10,0.6556,,0
stage1,rdk_0002397.pdbqt,-6.36,1,,18,0.3532,,0
stage1,rdk_0003212.pdbqt,-4.69,1,,11,0.4262,,0
stage1,rdk_0001220.pdbqt,-5.55,1,,11,0.5046,,0
stage1,rdk_0002903.pdbqt,-8.51,1,,19,0.4478,,0
stage1,rdk_0002991.pdbqt,-8.91,1,,19,0.4688,,0
stage1,rdk_0002075.pdbqt,-5.92,1,,12,0.4937,,0
stage1,rdk_0002606.pdbqt,-7.48,1,,28,0.2671,,0
stage1,rdk_0000194.pdbqt,-7.86,1,,37,0.2124,2.37,0
stage1,rdk_0001030.pdbqt,-7.92,1,,46,0.1723,,0
stage1,rdk_0004706.pdbqt,-7.57,1,,14,0.5409,,0
stage1,rdk_0004476.pdbqt,-8.04,1,,23,0.3493,2.11,0
stage1,rdk_0000358.pdbqt,-8.33,1,,25,0.3333,,0
stage1,rdk_0000047.pdbqt,-7.01,1,,24,0.2920,,0
stage1,rdk_0000363.pdbqt,-7.70,1,,28,0.2748,,0
stage1,rdk_0003578.pdbqt,-6.72,1,,33,0.2036,2.37,0
stage1,rdk_0004619.pdbqt,-8.25,1,,54,0.1528,3.06,0
stage1,rdk_0003559.pdbqt,-6.46,1,,27,0.2391,,0
stage1,rdk_0003814.pdbqt,-6.05,1,,23,0.2630,,0
stage1,rdk_0002269.pdbqt,-7.38,1,,36,0.2049,,0
stage1,rdk_0004355.pdbqt,-8.02,1,,49,0.1637,4.18,0
stage1,rdk_0001728.pdbqt,-5.28,1,,52,0.1016,,0
stage1,rdk_0002652.pdbqt,-5.85,1,,10,0.5846,,0
stage1,rdk_0000965.pdbqt,-10.07,1,,29,0.3471,,0
stage1,rdk_0002797.pdbqt,-9.46,1,,32,0.2958,2.62,0
stage1,rdk_0003229.pdbqt,-8.44,1,,23,0.3669,,0
stage1,rdk_0003383.pdbqt,-8.07,1,,26,0.3105,2.59,0
stage1,rdk_0003886.pdbqt,-7.18,1,,26,0.2761,,0
stage1,rdk_0001289.pdbqt,-8.45,1,,23,0.3673,3.10,0
stage1,rdk_0003311.pdbqt,-8.43,1,,33,0.2553,,0
stage1,rdk_0002021.pdbqt,-5.92,1,,21,0.2817,2.30,0
stage1,rdk_0000013.pdbqt,-5.90,1,,14,0.4217,,0
stage1,rdk_0004422.pdbqt,-10.83,1,,23,0.4708,,0
stage1,rdk_0001104.pdbqt,-7.73,1,,19,0.4068,,0
stage1,rdk_0003136.pdbqt,-8.02,1,,45,0.1783,,0
stage1,rdk_0003174.pdbqt,-10.48,1,,43,0.2438,2.32,0
stage1,rdk_0002705.pdbqt,-8.09,1,,22,0.3675,2.21,0
stage1,rdk_0000544.pdbqt,-9.61,1,,29,0.3312,2.44,0
stage1,rdk_0001407.pdbqt,-7.35,1,,22,0.3342,,0
stage1,rdk_0003745.pdbqt,-6.79,1,,14,0.4850,,0
stage1,rdk_0001196.pdbqt,-7.92,1,,23,0.3442,,0
stage1,rdk_0000660.pdbqt,-7.33,1,,25,0.2930,,0
stage1,rdk_0002938.pdbqt,-4.55,1,,10,0.4549,,0
stage1,rdk_0001468.pdbqt,-9.13,1,,19,0.4808,,0
stage1,rdk_0002351.pdbqt,-7.76,1,,26,0.2984,,0
stage1,rdk_0004769.pdbqt,-8.89,1,,16,0.5556,,0
stage1,rdk_0001495.pdbqt,-8.06,1,,23,0.3506,,0
stage1,rdk_0000634.pdbqt,-5.20,1,,12,0.4329,,0
stage1,rdk_0004203.pdbqt,-9.04,1,,50,0.1807,4.28,0
stage1,rdk_0002519.pdbqt,-5.35,1,,15,0.3569,,0
stage1,rdk_0000081.pdbqt,-6.46,1,,20,0.3228,,0
stage1,rdk_0001596.pdbqt,-3.82,1,,11,0.3472,,0
stage1,rdk_0003246.pdbqt,-10.12,1,,22,0.4601,,0
stage1,rdk_0002206.pdbqt,-9.81,1,,38,0.2581,,0
stage1,rdk_0003203.pdbqt,-3.91,1,,65,0.0602,3.38,0
stage1,rdk_0004352.pdbqt,-7.65,1,,31,0.2467,3.61,0
stage1,rdk_0003159.pdbqt,-11.45,1,,35,0.3272,,0
stage1,rdk_0003562.pdbqt,-5.93,1,,12,0.4945,,0
stage1,rdk_0000466.pdbqt,-8.45,1,,42,0.2011,2.22,0
stage1,rdk_0000066.pdbqt,-8.42,1,,35,0.2405,2.25,0
stage1,rdk_0002294.pdbqt,-7.43,1,,37,0.2008,2.08,0
stage1,rdk_0003144.pdbqt,-6.81,1,,39,0.1746,2.51,0
stage1,rdk_0004794.pdbqt,-7.30,1,,23,0.3176,,0
stage1,rdk_0000622.pdbqt,-8.76,1,,38,0.2306,4.22,0
stage1,rdk_0001068.pdbqt,-5.98,1,,20,0.2989,2.10,0
stage1,rdk_0002957.pdbqt,-8.14,1,,28,0.2907,2.43,0
stage1,rdk_0001095.pdbqt,-7.43,1,,19,0.3910,,0
stage1,rdk_0004419.pdbqt,-8.19,1,,30,0.2731,2.51,0
stage1,rdk_0004697.pdbqt,-8.42,1,,17,0.4954,,0
stage1,rdk_0001811.pdbqt,-7.17,1,,48,0.1493,,0
stage1,rdk_0003943.pdbqt,-7.76,1,,26,0.2985,,0
stage1,rdk_0002475.pdbqt,-6.48,1,,11,0.5895,,0
stage1,rdk_0004306.pdbqt,-8.37,1,,20,0.4184,,0
stage1,rdk_0001323.pdbqt,-4.78,1,,10,0.4783,,0
stage1,rdk_0002488.pdbqt,-7.18,1,,17,0.4226,,0
stage1,rdk_0003461.pdbqt,-7.30,1,,31,0.2356,,0
stage1,rdk_0000291.pdbqt,-8.55,1,,44,0.1942,3.75,0
stage1,rdk_0002176.pdbqt,-8.62,1,,25,0.3448,,0
stage1,rdk_0004605.pdbqt,-4.37,1,,13,0.3364,,0
stage1,rdk_0000809.pdbqt,-8.13,1,,36,0.2258,2.48,0
stage1,rdk_0002941.pdbqt,-7.29,1,,57,0.1279,2.02,0
stage1,rdk_0004022.pdbqt,-10.86,1,,20,0.5432,,0
stage1,rdk_0000481.pdbqt,-5.28,1,,12,0.4398,,0
stage1,rdk_0001620.pdbqt,-6.16,1,,17,0.3625,,0
stage1,rdk_0000413.pdbqt,-8.05,1,,29,0.2777,2.14,0
stage1,rdk_0002088.pdbqt,-8.74,1,,30,0.2913,2.11,0
stage1,rdk_0003764.pdbqt,-8.51,1,,22,0.3866,,0
stage1,rdk_0000510.pdbqt,-8.91,1,,33,0.2701,2.48,0
stage1,rdk_0000737.pdbqt,-4.96,1,,13,0.3816,2.16,0
stage1,rdk_0002854.pdbqt,-7.44,1,,22,0.3382,,0
stage1,rdk_0003840.pdbqt,-6.76,1,,27,0.2505,2.35,0
stage1,rdk_0001449.pdbqt,-6.04,1,,16,0.3775,,0
stage1,rdk_0003646.pdbqt,-5.90,1,,23,0.2564,,0
stage1,rdk_0004803.pdbqt,-7.04,1,,26,0.2707,2.33,0
stage1,rdk_0000182.pdbqt,-7.03,1,,17,0.4136,,0
stage1,rdk_0004891.pdbqt,-8.36,1,,35,0.2388,,0
stage1,rdk_0004192.pdbqt,-9.20,1,,17,0.5412,,0
stage1,rdk_0003612.pdbqt,-7.09,1,,31,0.2286,2.64,0
stage1,rdk_0003143.pdbqt,-5.21,1,,8,0.6516,,0
stage1,rdk_0000337.pdbqt,-6.72,1,,26,0.2587,2.28,0
stage1,rdk_0000832.pdbqt,-10.85,1,,31,0.3498,2.38,0
stage1,rdk_0004434.pdbqt,-8.95,1,,41,0.2183,2.03,0
stage1,rdk_0000032.pdbqt,-8.63,1,,18,0.4792,,0
stage1,rdk_0004748.pdbqt,-6.59,1,,11,0.5991,,0
stage1,rdk_0004394.pdbqt,-6.78,1,,23,0.2950,2.52,0
stage1,rdk_0001868.pdbqt,-4.28,1,,9,0.4760,,0
stage1,rdk_0004838.pdbqt,-8.31,1,,30,0.2770,2.04,0
stage1,rdk_0000234.pdbqt,-7.64,1,,31,0.2464,,0
stage1,rdk_0004369.pdbqt,-8.29,1,,21,0.3950,,0
stage1,rdk_0003861.pdbqt,-6.63,1,,14,0.4735,,0
stage1,rdk_0003345.pdbqt,-8.64,1,,29,0.2978,,0
stage1,rdk_0002538.pdbqt,-6.86,1,,12,0.5713,,0
stage1,rdk_0001925.pdbqt,-7.46,1,,26,0.2870,,0
stage1,rdk_0001201.pdbqt,-10.15,1,,20,0.5077,,0
stage1,rdk_0002576.pdbqt,-7.31,1,,34,0.2149,2.63,0
stage1,rdk_0001826.pdbqt,-8.97,1,,38,0.2361,2.17,0
stage1,rdk_0004822.pdbqt,-5.86,1,,15,0.3907,,0
stage1,rdk_0000758.pdbqt,-8.17,1,,32,0.2553,,0
stage1,rdk_0002054.pdbqt,-7.25,1,,23,0.3154,,0
stage1,rdk_0000998.pdbqt,-8.37,1,,38,0.2203,,0
stage1,rdk_0000687.pdbqt,-5.98,1,,17,0.3518,,0
stage1,rdk_0000110.pdbqt,-8.03,1,,30,0.2678,,0
stage1,rdk_0002673.pdbqt,-5.50,1,,13,0.4228,,0
stage1,rdk_0002557.pdbqt,-7.11,1,,17,0.4182,,0
stage1,rdk_0004937.pdbqt,-7.13,1,,53,0.1345,3.68,0
stage1,rdk_0002922.pdbqt,-8.18,1,,42,0.1949,2.12,0
stage1,rdk_0001781.pdbqt,-9.59,1,,53,0.1809,4.27,0
stage1,rdk_0001293.pdbqt,-6.13,1,,21,0.2918,,0
stage1,rdk_0004727.pdbqt,-6.00,1,,19,0.3159,,0
stage1,rdk_0001895.pdbqt,-6.29,1,,20,0.3143,2.31,0
stage1,rdk_0000384.pdbqt,-6.90,1,,19,0.3631,2.18,0
stage1,rdk_0000881.pdbqt,-7.83,1,,22,0.3561,,0
stage1,rdk_0004224.pdbqt,-8.68,1,,22,0.3943,,0
stage1,rdk_0003014.pdbqt,-11.67,1,,40,0.2917,2.76,0
stage1,rdk_0000028.pdbqt,-9.24,1,,30,0.3081,2.51,0
stage1,rdk_0003061.pdbqt,-7.68,1,,32,0.2402,,0
stage1,rdk_0000779.pdbqt,-6.05,1,,13,0.4653,,0
stage1,rdk_0002157.pdbqt,-7.93,1,,14,0.5667,,0
stage1,rdk_0000615.pdbqt,-7.74,1,,27,0.2868,,0
stage1,rdk_0000379.pdbqt,-8.71,1,,21,0.4147,,0
stage1,rdk_0004900.pdbqt,-7.96,1,,30,0.2654,2.30,0
stage1,rdk_0000982.pdbqt,-7.01,1,,17,0.4122,,0
stage1,rdk_0002454.pdbqt,-6.30,1,,13,0.4850,,0
stage1,rdk_0000910.pdbqt,-7.66,1,,24,0.3190,,0
stage1,rdk_0000582.pdbqt,-7.66,1,,29,0.2641,2.51,0
stage1,rdk_0004624.pdbqt,-7.49,1,,17,0.4408,,0
stage1,rdk_0002370.pdbqt,-8.93,1,,18,0.4963,,0
stage1,rdk_0002888.pdbqt,-7.65,1,,14,0.5465,,0
stage1,rdk_0004091.pdbqt,-6.60,1,,17,0.3882,,0
stage1,rdk_0004592.pdbqt,-8.40,1,,14,0.6000,,0
stage1,rdk_0001302.pdbqt,-5.53,1,,20,0.2764,,0
stage1,rdk_0001525.pdbqt,-7.11,1,,18,0.3948,,0
stage1,rdk_0004003.pdbqt,-4.90,1,,12,0.4086,,0
stage1,rdk_0004100.pdbqt,-8.55,1,,29,0.2948,,0
stage1,rdk_0002919.pdbqt,-7.96,1,,26,0.3062,2.74,0
stage1,rdk_0003162.pdbqt,-8.21,1,,30,0.2737,2.77,0
stage1,rdk_0003608.pdbqt,-7.51,1,,14,0.5367,,0
stage1,rdk_0001723.pdbqt,-9.46,1,,42,0.2251,2.59,0
stage1,rdk_0002751.pdbqt,-7.05,1,,26,0.2713,2.02,0
stage1,rdk_0000716.pdbqt,-6.85,1,,19,0.3603,,0
stage1,rdk_0002119.pdbqt,-8.03,1,,29,0.2770,2.40,0
stage1,rdk_0003667.pdbqt,-8.15,1,,23,0.3545,,0
stage1,rdk_0004121.pdbqt,-9.64,1,,32,0.3013,2.39,0
stage1,rdk_0002138.pdbqt,-7.34,1,,22,0.3335,,0
stage1,rdk_0003185.pdbqt,-8.20,1,,40,0.2049,3.62,0
stage1,rdk_0002770.pdbqt,-7.00,1,,21,0.3334,,0
stage1,rdk_0003962.pdbqt,-4.38,1,,10,0.4378,2.19,0
stage1,rdk_0003040.pdbqt,-10.01,1,,16,0.6258,,0
stage1,rdk_0003799.pdbqt,-11.03,1,,29,0.3803,,0
stage1,rdk_0000432.pdbqt,-6.94,1,,17,0.4085,,0
stage1,rdk_0001504.pdbqt,-8.96,1,,24,0.3731,,0
stage1,rdk_0004521.pdbqt,-6.71,1,,28,0.2398,2.48,0
stage1,rdk_0003629.pdbqt,-8.73,1,,32,0.2728,,0
stage1,rdk_0002252.pdbqt,-6.75,1,,26,0.2594,,0
stage1,rdk_0003035.pdbqt,-10.76,1,,41,0.2625,2.56,0
stage1,rdk_0003267.pdbqt,-7.67,1,,26,0.2951,3.20,0
stage1,rdk_0003399.pdbqt,-5.13,1,,14,0.3665,,0
stage1,rdk_0001426.pdbqt,-7.19,1,,21,0.3422,2.24,0
stage1,rdk_0002863.pdbqt,-9.74,1,,51,0.1910,4.56,0
stage1,rdk_0000131.pdbqt,-7.48,1,,19,0.3936,2.02,0
stage1,rdk_0001026.pdbqt,-6.80,1,,18,0.3778,,0
stage1,rdk_0003208.pdbqt,-7.47,1,,24,0.3115,,0
stage1,rdk_0001390.pdbqt,-7.71,1,,18,0.4284,,0
stage1,rdk_0002884.pdbqt,-6.55,1,,12,0.5458,,0
stage1,rdk_0002816.pdbqt,-3.58,1,,7,0.5119,,0
stage1,rdk_0001777.pdbqt,-7.49,1,,32,0.2340,2.95,0
stage1,rdk_0000531.pdbqt,-8.46,1,,25,0.3384,2.43,0
stage1,rdk_0003543.pdbqt,-8.23,1,,26,0.3165,,0
stage1,rdk_0000451.pdbqt,-8.13,1,,21,0.3873,,0
stage1,rdk_0002273.pdbqt,-9.31,1,,29,0.3210,,0
stage1,rdk_0002458.pdbqt,-5.80,1,,16,0.3623,2.06,0
stage1,rdk_0001125.pdbqt,-10.44,1,,30,0.3481,2.59,0
stage1,rdk_0003395.pdbqt,-5.81,1,,12,0.4844,,0
stage1,rdk_0004491.pdbqt,-9.77,1,,28,0.3488,,0
stage1,rdk_0001693.pdbqt,-7.28,1,,23,0.3164,,0
stage1,rdk_0004060.pdbqt,-7.93,1,,19,0.4174,,0
stage1,rdk_0001529.pdbqt,-7.00,1,,19,0.3682,2.07,0
stage1,rdk_0004916.pdbqt,-8.46,1,,42,0.2013,2.58,0
stage1,rdk_0000152.pdbqt,-7.89,1,,22,0.3589,,0
stage1,rdk_0001045.pdbqt,-9.02,1,,23,0.3921,,0
stage1,rdk_0000931.pdbqt,-8.46,1,,36,0.2349,3.42,0
stage1,rdk_0002875.pdbqt,-7.54,1,,25,0.3015,,0
stage1,rdk_0001904.pdbqt,-7.82,1,,21,0.3721,2.47,0
stage1,rdk_0004344.pdbqt,-6.69,1,,15,0.4459,,0
stage1,rdk_0002915.pdbqt,-7.74,1,,20,0.3868,,0
stage1,rdk_0001007.pdbqt,-8.04,1,,30,0.2680,2.46,0
stage1,rdk_0001049.pdbqt,-6.16,1,,25,0.2464,2.01,0
stage1,rdk_0004647.pdbqt,-8.71,1,,17,0.5121,,0
stage1,rdk_0003768.pdbqt,-7.23,1,,12,0.6024,,0
stage1,rdk_0003364.pdbqt,-6.06,1,,25,0.2423,2.11,0
stage1,rdk_0000813.pdbqt,-8.54,1,,27,0.3164,2.91,0
stage1,rdk_0001702.pdbqt,-6.49,1,,25,0.2596,2.21,0
stage1,rdk_0004163.pdbqt,-6.20,1,,11,0.5636,,0
stage1,rdk_0002879.pdbqt,-7.16,1,,21,0.3409,2.13,0
stage1,rdk_0001908.pdbqt,-6.96,1,,23,0.3027,3.14,0
stage1,rdk_0001146.pdbqt,-7.39,1,,21,0.3520,,0
stage1,rdk_0000775.pdbqt,-7.37,1,,30,0.2458,,0
stage1,rdk_0001262.pdbqt,-7.64,1,,17,0.4492,2.12,0
stage1,rdk_0003696.pdbqt,-6.85,1,,18,0.3805,,0
stage1,rdk_0004297.pdbqt,-12.58,1,,39,0.3226,2.60,0
stage1,rdk_0001967.pdbqt,-7.64,1,,27,0.2828,,0
stage1,rdk_0001996.pdbqt,-6.58,1,,26,0.2532,,0
stage1,rdk_0003901.pdbqt,-7.68,1,,27,0.2844,,0
stage1,rdk_0001864.pdbqt,-7.58,1,,13,0.5832,,0
stage1,rdk_0001601.pdbqt,-7.88,1,,25,0.3154,3.31,0
stage1,rdk_0002058.pdbqt,-5.66,1,,12,0.4717,,0
stage1,rdk_0002610.pdbqt,-7.12,1,,16,0.4451,,0
stage1,rdk_0000388.pdbqt,-5.84,1,,14,0.4173,,0
stage1,rdk_0000676.pdbqt,-5.38,1,,10,0.5377,,0
stage1,rdk_0001445.pdbqt,-6.89,1,,23,0.2994,,0
stage1,rdk_0001899.pdbqt,-3.87,1,,8,0.4838,,0
stage1,rdk_0003296.pdbqt,-6.54,1,,22,0.2971,,0
stage1,rdk_0001662.pdbqt,-7.36,1,,18,0.4090,,0
stage1,rdk_0002837.pdbqt,-6.02,1,,9,0.6684,,0
stage1,rdk_0002381.pdbqt,-5.72,1,,13,0.4402,,0
stage1,rdk_0004247.pdbqt,-10.07,1,,22,0.4577,,0
stage1,rdk_0003661.pdbqt,-2.77,1,,67,0.0413,2.20,0
stage1,rdk_0003890.pdbqt,-6.97,1,,23,0.3031,2.14,0
stage1,rdk_0002037.pdbqt,-6.50,1,,20,0.3252,2.18,0
stage1,rdk_0003802.pdbqt,-9.00,1,,17,0.5294,,0
stage1,rdk_0003023.pdbqt,-7.79,1,,21,0.3708,,0
stage1,rdk_0004563.pdbqt,-7.15,1,,27,0.2648,,0
stage1,rdk_0002732.pdbqt,-7.09,1,,11,0.6442,,0
stage1,rdk_0002682.pdbqt,-7.04,1,,16,0.4399,,0
stage1,rdk_0004403.pdbqt,-9.32,1,,33,0.2825,3.21,0
stage1,rdk_0003008.pdbqt,-9.07,1,,62,0.1463,3.67,0
stage1,rdk_0002534.pdbqt,-7.42,1,,18,0.4123,,0
stage1,rdk_0004500.pdbqt,-8.53,1,,36,0.2371,3.50,0
stage1,rdk_0003795.pdbqt,-8.87,1,,24,0.3695,,0
stage1,rdk_0002781.pdbqt,-7.00,1,,27,0.2594,,0
stage1,rdk_0004841.pdbqt,-7.43,1,,24,0.3098,2.39,0
stage1,rdk_0004041.pdbqt,-5.73,1,,12,0.4777,,0
stage1,rdk_0003435.pdbqt,-7.29,1,,39,0.1869,3.16,0
stage1,rdk_0004744.pdbqt,-8.02,1,,34,0.2360,,0
stage1,rdk_0001340.pdbqt,-6.99,1,,19,0.3678,,0
stage1,rdk_0002416.pdbqt,-7.26,1,,17,0.4268,,0
stage1,rdk_0000619.pdbqt,-7.97,1,,30,0.2655,,0
stage1,rdk_0002484.pdbqt,-6.68,1,,11,0.6075,,0
stage1,rdk_0004921.pdbqt,-9.43,1,,34,0.2774,2.26,0
stage1,rdk_0000754.pdbqt,-4.72,1,,9,0.5244,,0
stage1,rdk_0002987.pdbqt,-8.35,1,,25,0.3338,,0
stage1,rdk_0000784.pdbqt,-6.97,1,,32,0.2177,,0
stage1,rdk_0003423.pdbqt,-8.54,1,,22,0.3880,2.40,0
stage1,rdk_0004205.pdbqt,-6.96,1,,35,0.1990,4.03,0
stage1,rdk_0004228.pdbqt,-10.12,1,,24,0.4216,,0
stage1,rdk_0001643.pdbqt,-7.38,1,,21,0.3513,,0
stage1,rdk_0003994.pdbqt,-7.95,1,,48,0.1656,2.43,0
stage1,rdk_0001546.pdbqt,-7.14,1,,25,0.2857,2.42,0
stage1,rdk_0002479.pdbqt,-8.91,1,,16,0.5567,,0
stage1,rdk_0002437.pdbqt,-7.49,1,,30,0.2496,2.56,0
stage1,rdk_0002313.pdbqt,-7.23,1,,26,0.2780,,0
stage1,rdk_0004460.pdbqt,-8.09,1,,28,0.2891,2.19,0
stage1,rdk_0004666.pdbqt,-5.05,1,,14,0.3604,2.11,0
stage1,rdk_0000851.pdbqt,-7.39,1,,22,0.3358,,0
stage1,rdk_0001929.pdbqt,-7.70,1,,14,0.5501,,0
stage1,rdk_0003204.pdbqt,-7.83,1,,32,0.2447,,0
stage1,rdk_0000470.pdbqt,-7.59,1,,23,0.3300,,0
stage1,rdk_0002115.pdbqt,-8.05,1,,27,0.2981,,0
stage1,rdk_0000276.pdbqt,-7.06,1,,30,0.2355,,0
stage1,rdk_0002134.pdbqt,-7.79,1,,30,0.2598,,0
stage1,rdk_0002587.pdbqt,-5.91,1,,11,0.5375,,0
stage1,rdk_0001064.pdbqt,-7.41,1,,26,0.2851,2.78,0
stage1,rdk_0000552.pdbqt,-8.15,1,,28,0.2912,,0
stage1,rdk_0003090.pdbqt,-8.60,1,,26,0.3308,2.27,0
stage1,rdk_0003593.pdbqt,-7.12,1,,24,0.2967,2.44,0
stage1,rdk_0001567.pdbqt,-6.80,1,,25,0.2722,2.37,0
stage1,rdk_0001129.pdbqt,-7.92,1,,25,0.3166,2.24,0
stage1,rdk_0000219.pdbqt,-7.85,1,,36,0.2181,,0
stage1,rdk_0000051.pdbqt,-7.78,1,,23,0.3383,2.79,0
stage1,rdk_0002282.pdbqt,-6.68,1,,28,0.2386,,0
stage1,rdk_0002210.pdbqt,-8.04,1,,36,0.2232,,0
stage1,rdk_0003726.pdbqt,-7.32,1,,15,0.4879,,0
stage1,rdk_0002631.pdbqt,-5.68,1,,10,0.5676,,0
stage1,rdk_0000287.pdbqt,-6.64,1,,30,0.2213,2.01,0
stage1,rdk_0000238.pdbqt,-7.62,1,,27,0.2821,2.70,0
stage1,rdk_0004327.pdbqt,-9.01,1,,42,0.2145,,0
stage1,rdk_0003585.pdbqt,-8.62,1,,47,0.1835,3.16,0
stage1,rdk_0000573.pdbqt,-8.63,1,,22,0.3922,,0
stage1,rdk_0002187.pdbqt,-7.92,1,,29,0.2733,,0
stage1,rdk_0003002.pdbqt,-9.43,1,,28,0.3367,2.34,0
stage1,rdk_0000354.pdbqt,-5.12,1,,14,0.3657,2.03,0
stage1,rdk_0004266.pdbqt,-9.34,1,,16,0.5836,,0
stage1,rdk_0004798.pdbqt,-5.43,1,,9,0.6036,,0
stage1,rdk_0001946.pdbqt,-9.01,1,,29,0.3108,2.36,0
stage1,rdk_0004609.pdbqt,-8.22,1,,21,0.3914,,0
stage1,rdk_0000070.pdbqt,-6.84,1,,21,0.3259,2.22,0
stage1,rdk_0000638.pdbqt,-8.27,1,,23,0.3597,,0
stage1,rdk_0003307.pdbqt,-10.82,1,,36,0.3006,2.63,0
stage1,rdk_0002858.pdbqt,-6.94,1,,23,0.3018,2.42,0
stage1,rdk_0000215.pdbqt,-7.87,1,,37,0.2128,,0
stage1,rdk_0001499.pdbqt,-7.34,1,,21,0.3496,,0
stage1,rdk_0000316.pdbqt,-7.73,1,,37,0.2088,2.57,0
stage1,rdk_0003749.pdbqt,-6.45,1,,13,0.4963,,0
stage1,rdk_0004628.pdbqt,-9.22,1,,29,0.3178,2.31,0
stage1,rdk_0001807.pdbqt,-9.62,1,,47,0.2047,,0
stage1,rdk_0004860.pdbqt,-7.55,1,,13,0.5812,,0
stage1,rdk_0003920.pdbqt,-7.57,1,,29,0.2611,,0
stage1,rdk_0003225.pdbqt,-7.70,1,,26,0.2960,2.36,0
stage1,rdk_0001108.pdbqt,-7.08,1,,22,0.3219,2.29,0
stage1,rdk_0003101.pdbqt,-8.06,1,,24,0.3357,2.32,0
stage1,rdk_0001508.pdbqt,-7.35,1,,25,0.2938,2.49,0
stage1,rdk_0000657.pdbqt,-6.82,1,,27,0.2527,,0
stage1,rdk_0004348.pdbqt,-10.43,1,,39,0.2673,3.72,0
stage1,rdk_0002515.pdbqt,-7.56,1,,17,0.4446,,0
stage1,rdk_0002140.pdbqt,-7.74,1,,22,0.3518,,0
stage1,rdk_0000375.pdbqt,-8.17,1,,35,0.2335,,0
stage1,rdk_0004936.pdbqt,-7.32,1,,14,0.5226,,0
stage1,rdk_0002016.pdbqt,-7.54,1,,24,0.3141,2.08,0
stage1,rdk_0003038.pdbqt,-7.55,1,,23,0.3283,,0
stage1,rdk_0003490.pdbqt,-8.98,1,,24,0.3742,,0
stage1,rdk_0003120.pdbqt,-8.92,1,,31,0.2876,,0
stage1,rdk_0002443.pdbqt,-7.16,1,,23,0.3111,,0
stage1,rdk_0002231.pdbqt,-7.18,1,,34,0.2113,,0
stage1,rdk_0004633.pdbqt,-7.09,1,,15,0.4725,,0
stage1,rdk_0000793.pdbqt,-5.86,1,,14,0.4187,,0
stage1,rdk_0003368.pdbqt,-8.92,1,,30,0.2974,2.16,0
stage1,rdk_0001532.pdbqt,-7.76,1,,24,0.3235,,0
stage1,rdk_0004330.pdbqt,-8.00,1,,27,0.2961,,0
stage1,rdk_0000149.pdbqt,-7.62,1,,24,0.3176,,0
stage1,rdk_0002976.pdbqt,-8.75,1,,42,0.2082,,0
stage1,rdk_0000973.pdbqt,-7.16,1,,28,0.2558,2.39,0
stage1,rdk_0000126.pdbqt,-8.49,1,,22,0.3858,,0
stage1,rdk_0002332.pdbqt,-9.68,1,,31,0.3124,2.36,0
stage1,rdk_0000425.pdbqt,-8.58,1,,26,0.3299,,0
stage1,rdk_0000257.pdbqt,-8.04,1,,30,0.2680,2.59,0
stage1,rdk_0001167.pdbqt,-6.88,1,,23,0.2993,,0
stage1,rdk_0003402.pdbqt,-6.68,1,,26,0.2568,2.65,0
stage1,rdk_0002079.pdbqt,-7.37,1,,27,0.2731,,0
stage1,rdk_0003773.pdbqt,-5.76,1,,11,0.5235,,0
stage1,rdk_0001387.pdbqt,-9.89,1,,23,0.4302,,0
stage1,rdk_0004365.pdbqt,-8.10,1,,31,0.2613,2.72,0
stage1,rdk_0001679.pdbqt,-5.96,1,,19,0.3138,,0
stage1,rdk_0001913.pdbqt,-7.77,1,,21,0.3700,,0
stage1,rdk_0001684.pdbqt,-7.38,1,,16,0.4613,2.00,0
stage1,rdk_0001464.pdbqt,-8.27,1,,22,0.3760,2.05,0
stage1,rdk_0002264.pdbqt,-7.56,1,,28,0.2701,,0
stage1,rdk_0000202.pdbqt,-7.15,1,,28,0.2553,,0
stage1,rdk_0001243.pdbqt,-7.92,1,,23,0.3443,2.52,0
stage1,rdk_0000952.pdbqt,-8.14,1,,33,0.2467,,0
stage1,rdk_0001315.pdbqt,-6.26,1,,19,0.3296,2.12,0
stage1,rdk_0001981.pdbqt,-6.18,1,,14,0.4411,,0
stage1,rdk_0000896.pdbqt,-8.56,1,,26,0.3292,2.69,0
stage1,rdk_0003993.pdbqt,-6.63,1,,24,0.2764,2.56,0
stage1,rdk_0001284.pdbqt,-6.41,1,,11,0.5823,,0
stage1,rdk_0001616.pdbqt,-8.22,1,,45,0.1827,,0
stage1,rdk_0004441.pdbqt,-8.45,1,,34,0.2486,,0
stage1,rdk_0003670.pdbqt,-7.16,1,,28,0.2558,2.30,0
stage1,rdk_0004578.pdbqt,-6.89,1,,24,0.2870,,0
stage1,rdk_0001279.pdbqt,-4.99,1,,10,0.4985,,0
stage1,rdk_0003554.pdbqt,-8.23,1,,26,0.3165,,0
stage1,rdk_0002084.pdbqt,-8.23,1,,25,0.3294,,0
stage1,rdk_0003625.pdbqt,-5.25,1,,50,0.1050,,0
stage1,rdk_0001361.pdbqt,-11.01,1,,42,0.2620,2.43,0
stage1,rdk_0002043.pdbqt,-8.47,1,,23,0.3682,,0
stage1,rdk_0001790.pdbqt,-7.34,1,,33,0.2224,2.06,0
stage1,rdk_0002540.pdbqt,-7.33,1,,14,0.5236,,0
stage1,rdk_0004730.pdbqt,-6.82,1,,14,0.4871,,0
stage1,rdk_0003876.pdbqt,-7.99,1,,31,0.2578,,0
stage1,rdk_0003373.pdbqt,-6.95,1,,25,0.2779,,0
stage1,rdk_0000173.pdbqt,-6.01,1,,28,0.2145,,0
stage1,rdk_0000788.pdbqt,-7.53,1,,36,0.2091,2.74,0
stage1,rdk_0000701.pdbqt,-8.05,1,,22,0.3660,2.27,0
stage1,rdk_0003057.pdbqt,-7.68,1,,29,0.2650,2.10,0
stage1,rdk_0002767.pdbqt,-5.80,1,,21,0.2761,2.11,0
stage1,rdk_0002367.pdbqt,-5.14,1,,9,0.5717,,0
stage1,rdk_0002664.pdbqt,-6.45,1,,13,0.4964,,0
stage1,rdk_0000907.pdbqt,-8.95,1,,24,0.3730,2.50,0
stage1,rdk_0003520.pdbqt,-8.37,1,,35,0.2391,2.51,0
stage1,rdk_0004517.pdbqt,-9.30,1,,33,0.2818,2.28,0
stage1,rdk_0001431.pdbqt,-6.63,1,,17,0.3903,,0
stage1,rdk_0003438.pdbqt,-8.79,1,,20,0.4396,,0
stage1,rdk_0002961.pdbqt,-8.67,1,,18,0.4816,,0
stage1,rdk_0004117.pdbqt,-7.00,1,,17,0.4115,,0
stage1,rdk_0001581.pdbqt,-9.01,1,,20,0.4505,,0
stage1,rdk_0004585.pdbqt,-12.16,1,,33,0.3685,,0
stage1,rdk_0000870.pdbqt,-10.77,1,,44,0.2447,,0
stage1,rdk_0002708.pdbqt,-9.11,1,,30,0.3037,2.49,0
stage1,rdk_0004233.pdbqt,-6.93,1,,25,0.2772,,0
stage1,rdk_0002934.pdbqt,-7.74,1,,33,0.2344,2.56,0
stage1,rdk_0000804.pdbqt,-8.30,1,,35,0.2372,,0
stage1,rdk_0003270.pdbqt,-4.33,1,,46,0.0942,,0
stage1,rdk_0000968.pdbqt,-7.23,1,,24,0.3013,2.78,0
stage1,rdk_0001658.pdbqt,-6.15,1,,18,0.3414,,0
stage1,rdk_0003326.pdbqt,-9.29,1,,39,0.2383,2.11,0
stage1,rdk_0000404.pdbqt,-7.11,1,,23,0.3089,,0
stage1,rdk_0002299.pdbqt,-8.27,1,,36,0.2298,,0
stage1,rdk_0001132.pdbqt,-8.34,1,,20,0.4172,2.19,0
stage1,rdk_0001756.pdbqt,-9.07,1,,52,0.1743,4.68,0
stage1,rdk_0004835.pdbqt,-9.50,1,,29,0.3276,2.11,0
stage1,rdk_0000602.pdbqt,-8.22,1,,28,0.2936,2.07,0
stage1,rdk_0003588.pdbqt,-8.27,1,,26,0.3179,,0
stage1,rdk_0004559.pdbqt,-8.56,1,,27,0.3171,,0
stage1,rdk_0003604.pdbqt,-6.77,1,,33,0.2050,2.45,0
stage1,rdk_0002462.pdbqt,-8.35,1,,18,0.4637,,0
stage1,rdk_0000825.pdbqt,-7.41,1,,25,0.2965,,0
stage1,rdk_0000690.pdbqt,-6.83,1,,22,0.3105,3.46,0
stage1,rdk_0004086.pdbqt,-8.90,1,,29,0.3070,3.83,0
stage1,rdk_0004035.pdbqt,-4.59,1,,8,0.5743,,0
stage1,rdk_0004680.pdbqt,-8.93,1,,21,0.4250,2.34,0
stage1,rdk_0003076.pdbqt,-8.17,1,,25,0.3266,,0
stage1,rdk_0000549.pdbqt,-7.57,1,,28,0.2703,,0
stage1,rdk_0003154.pdbqt,-9.61,1,,32,0.3003,2.91,0
stage1,rdk_0001637.pdbqt,-6.44,1,,20,0.3219,,0
stage1,rdk_0004612.pdbqt,-10.19,1,,24,0.4247,,0
stage1,rdk_0004486.pdbqt,-7.91,1,,30,0.2636,3.15,0
stage1,rdk_0000393.pdbqt,-6.87,1,,27,0.2544,2.33,0
stage1,rdk_0004373.pdbqt,-9.26,1,,45,0.2058,2.59,0
stage1,rdk_0001882.pdbqt,-8.38,1,,25,0.3352,2.29,0
stage1,rdk_0001513.pdbqt,-8.06,1,,20,0.4031,,0
stage1,rdk_0004185.pdbqt,-8.46,1,,27,0.3134,3.16,0
stage1,rdk_0003707.pdbqt,-8.56,1,,30,0.2852,2.46,0
stage1,rdk_0000290.pdbqt,-7.03,1,,30,0.2344,2.21,0
stage1,rdk_0003352.pdbqt,-8.98,1,,27,0.3325,,0
stage1,rdk_0001216.pdbqt,-6.78,1,,26,0.2607,2.99,0
stage1,rdk_0000526.pdbqt,-7.89,1,,35,0.2255,2.98,0
stage1,rdk_0004588.pdbqt,-9.53,1,,46,0.2072,3.38,0
stage1,rdk_0003975.pdbqt,-7.67,1,,28,0.2739,2.87,0
stage1,rdk_0004536.pdbqt,-10.50,1,,27,0.3890,,0
stage1,rdk_0001237.pdbqt,-8.58,1,,21,0.4088,,0
stage1,rdk_0001113.pdbqt,-7.63,1,,15,0.5087,,0
stage1,rdk_0000720.pdbqt,-6.46,1,,23,0.2810,2.89,0
stage1,rdk_0002746.pdbqt,-6.32,1,,20,0.3158,,0
stage1,rdk_0001739.pdbqt,-9.47,1,,54,0.1754,,0
stage1,rdk_0003575.pdbqt,-7.46,1,,26,0.2870,2.80,0
stage1,rdk_0004711.pdbqt,-9.51,1,,20,0.4754,,0
stage1,rdk_0001334.pdbqt,-8.19,1,,25,0.3276,,0
stage1,rdk_0002308.pdbqt,-7.94,1,,38,0.2088,,0
stage1,rdk_0002062.pdbqt,-6.00,1,,14,0.4286,,0
stage1,rdk_0004549.pdbqt,-5.35,1,,65,0.0824,,0
stage1,rdk_0000107.pdbqt,-7.36,1,,22,0.3347,3.29,0
stage1,rdk_0004383.pdbqt,-6.75,1,,25,0.2698,2.14,0
stage1,rdk_0000568.pdbqt,-10.24,1,,21,0.4876,,0
stage1,rdk_0004414.pdbqt,-10.55,1,,31,0.3404,2.64,0
stage1,rdk_0003954.pdbqt,-7.26,1,,26,0.2794,,0
stage1,rdk_0001410.pdbqt,-7.76,1,,17,0.4567,2.14,0
stage1,rdk_0000195.pdbqt,-9.13,1,,23,0.3972,2.01,0
stage1,rdk_0000096.pdbqt,-7.52,1,,17,0.4423,,0
stage1,rdk_0002245.pdbqt,-7.03,1,,26,0.2705,2.21,0
stage1,rdk_0000995.pdbqt,-7.76,1,,38,0.2042,,0
stage1,rdk_0003501.pdbqt,-9.49,1,,43,0.2206,4.13,0
stage1,rdk_0000595.pdbqt,-7.64,1,,15,0.5097,,0
stage1,rdk_0004435.pdbqt,-7.71,1,,26,0.2965,,0
stage1,rdk_0000168.pdbqt,-7.00,1,,24,0.2917,2.83,0
stage1,rdk_0002645.pdbqt,-7.10,1,,16,0.4438,2.01,0
stage1,rdk_0004783.pdbqt,-4.34,1,,10,0.4344,,0
stage1,rdk_0004280.pdbqt,-9.06,1,,23,0.3937,,0
stage1,rdk_0003251.pdbqt,-8.79,1,,22,0.3996,2.09,0
stage1,rdk_0001482.pdbqt,-7.13,1,,23,0.3100,,0
stage1,rdk_0003651.pdbqt,-7.17,1,,24,0.2986,2.57,0
stage1,rdk_0004818.pdbqt,-6.70,1,,13,0.5156,,0
stage1,rdk_0001010.pdbqt,-8.07,1,,31,0.2605,,0
stage1,rdk_0003419.pdbqt,-8.66,1,,24,0.3607,2.54,0
stage1,rdk_0003752.pdbqt,-7.42,1,,17,0.4368,,0
stage1,rdk_0004886.pdbqt,-7.67,1,,27,0.2843,,0
stage1,rdk_0003175.pdbqt,-6.07,1,,19,0.3194,,0
stage1,rdk_0001258.pdbqt,-7.53,1,,19,0.3961,2.08,0
stage1,rdk_0000496.pdbqt,-8.26,1,,29,0.2847,2.28,0
stage1,rdk_0003857.pdbqt,-5.92,1,,19,0.3117,,0
stage1,rdk_0002093.pdbqt,-8.93,1,,22,0.4059,,0
stage1,rdk_0002590.pdbqt,-5.35,1,,10,0.5346,,0
stage1,rdk_0001718.pdbqt,-6.28,1,,40,0.1569,2.68,0
stage1,rdk_0004136.pdbqt,-6.45,1,,23,0.2802,2.58,0
stage1,rdk_0003193.pdbqt,-9.33,1,,34,0.2745,5.07,0
stage1,rdk_0000926.pdbqt,-7.04,1,,22,0.3202,,0
stage1,rdk_0003188.pdbqt,-7.22,1,,19,0.3803,,0
stage1,rdk_0004178.pdbqt,-7.57,1,,39,0.1942,2.23,0
stage1,rdk_0001082.pdbqt,-8.88,1,,40,0.2219,,0
stage1,rdk_0000623.pdbqt,-6.58,1,,26,0.2532,,0
stage1,rdk_0002649.pdbqt,-3.69,1,,6,0.6148,,0
stage1,rdk_0002626.pdbqt,-3.33,1,,6,0.5553,,0
stage1,rdk_0000640.pdbqt,-5.28,1,,12,0.4398,,0
stage1,rdk_0000223.pdbqt,-7.08,1,,34,0.2082,,0
stage1,rdk_0000564.pdbqt,-8.37,1,,23,0.3641,,0
stage1,rdk_0000004.pdbqt,-8.03,1,,26,0.3087,2.90,0
stage1,rdk_0000301.pdbqt,-7.27,1,,34,0.2137,2.23,0
stage1,rdk_0004212.pdbqt,-8.71,1,,32,0.2720,2.42,0
stage1,rdk_0000067.pdbqt,-8.38,1,,22,0.3808,,0
stage1,rdk_0002502.pdbqt,-8.36,1,,17,0.4919,,0
stage1,rdk_0000320.pdbqt,-6.88,1,,25,0.2752,2.77,0
stage1,rdk_0002561.pdbqt,-10.28,1,,29,0.3545,2.14,0
stage1,rdk_0003019.pdbqt,-9.79,1,,34,0.2878,2.05,0
stage1,rdk_0001181.pdbqt,-11.23,1,,29,0.3871,,0
stage1,rdk_0002161.pdbqt,-8.20,1,,38,0.2158,,0
stage1,rdk_0003127.pdbqt,-8.26,1,,60,0.1377,3.46,0
stage1,rdk_0002329.pdbqt,-8.53,1,,28,0.3046,2.04,0
stage1,rdk_0003184.pdbqt,-6.46,1,,17,0.3802,,0
stage1,rdk_0003838.pdbqt,-6.40,1,,24,0.2668,2.16,0
stage1,rdk_0003958.pdbqt,-7.30,1,,12,0.6085,,0
stage1,rdk_0002346.pdbqt,-7.64,1,,30,0.2547,2.38,0
stage1,rdk_0000599.pdbqt,-8.69,1,,27,0.3217,,0
stage1,rdk_0003457.pdbqt,-9.38,1,,37,0.2536,2.74,0
stage1,rdk_0003487.pdbqt,-9.18,1,,19,0.4829,,0
stage1,rdk_0003731.pdbqt,-9.18,1,,27,0.3401,,0
stage1,rdk_0003988.pdbqt,-6.85,1,,32,0.2141,,0
stage1,rdk_0004917.pdbqt,-7.18,1,,28,0.2565,3.23,0
stage1,rdk_0004159.pdbqt,-9.75,1,,30,0.3251,,0
stage1,rdk_0000945.pdbqt,-8.10,1,,29,0.2793,,0
stage1,rdk_0003349.pdbqt,-7.32,1,,38,0.1926,2.35,0
stage1,rdk_0001473.pdbqt,-9.57,1,,20,0.4783,,0
stage1,rdk_0004877.pdbqt,-8.03,1,,32,0.2508,,0
stage1,rdk_0000829.pdbqt,-9.04,1,,20,0.4521,,0
stage1,rdk_0004271.pdbqt,-7.44,1,,22,0.3383,,0
stage1,rdk_0000025.pdbqt,-8.50,1,,37,0.2298,2.49,0
stage1,rdk_0004671.pdbqt,-8.00,1,,21,0.3809,,0
stage1,rdk_0001357.pdbqt,-8.40,1,,17,0.4942,,0
stage1,rdk_0004372.pdbqt,-5.90,1,,12,0.4914,,0
stage1,rdk_0000949.pdbqt,-7.91,1,,33,0.2398,2.60,0
stage1,rdk_0000408.pdbqt,-7.26,1,,26,0.2791,,0
stage1,rdk_0002725.pdbqt,-6.98,1,,17,0.4104,,0
stage1,rdk_0004555.pdbqt,-10.09,1,,24,0.4203,,0
stage1,rdk_0003579.pdbqt,-7.11,1,,14,0.5079,,0
stage1,rdk_0004814.pdbqt,-6.97,1,,22,0.3169,2.08,0
stage1,rdk_0001099.pdbqt,-9.17,1,,47,0.1951,,0
stage1,rdk_0001932.pdbqt,-7.69,1,,31,0.2480,2.07,0
stage1,rdk_0001849.pdbqt,-8.15,1,,48,0.1698,2.68,0
stage1,rdk_0002226.pdbqt,-7.57,1,,28,0.2703,,0
stage1,rdk_0002820.pdbqt,-7.07,1,,23,0.3074,2.50,0
stage1,rdk_0003015.pdbqt,-9.41,1,,17,0.5535,,0
stage1,rdk_0000743.pdbqt,-6.91,1,,16,0.4321,2.16,0
stage1,rdk_0002940.pdbqt,-8.80,1,,30,0.2934,,0
stage1,rdk_0000008.pdbqt,-7.58,1,,27,0.2807,,0
stage1,rdk_0001073.pdbqt,-6.25,1,,22,0.2843,,0
stage1,rdk_0004439.pdbqt,-6.48,1,,22,0.2946,,0
stage1,rdk_0004039.pdbqt,-3.83,1,,8,0.4788,,0
stage1,rdk_0002249.pdbqt,-7.78,1,,21,0.3706,,0
stage1,rdk_0001151.pdbqt,-5.14,1,,9,0.5714,,0
stage1,rdk_0002493.pdbqt,-8.00,1,,17,0.4704,,0
stage1,rdk_0002001.pdbqt,-7.24,1,,25,0.2897,2.01,0
stage1,rdk_0000164.pdbqt,-7.70,1,,21,0.3668,,0
stage1,rdk_0004398.pdbqt,-9.51,1,,39,0.2437,3.60,0
stage1,rdk_0003281.pdbqt,-6.93,1,,13,0.5328,,0
stage1,rdk_0003179.pdbqt,-9.67,1,,28,0.3454,,0
stage1,rdk_0003584.pdbqt,-8.69,1,,27,0.3219,2.40,0
stage1,rdk_0001170.pdbqt,-6.72,1,,28,0.2399,2.65,0
stage1,rdk_0001852.pdbqt,-8.34,1,,22,0.3790,2.90,0
stage1,rdk_0001570.pdbqt,-8.14,1,,27,0.3016,,0
stage1,rdk_0004155.pdbqt,-8.71,1,,28,0.3109,2.12,0
stage1,rdk_0004174.pdbqt,-7.93,1,,18,0.4405,,0
stage1,rdk_0002304.pdbqt,-8.08,1,,23,0.3515,,0
stage1,rdk_0000199.pdbqt,-7.63,1,,28,0.2725,,0
stage1,rdk_0001254.pdbqt,-7.53,1,,27,0.2790,2.67,0
stage1,rdk_0003937.pdbqt,-7.71,1,,29,0.2660,2.07,0
stage1,rdk_0002523.pdbqt,-6.36,1,,17,0.3740,,0
stage1,rdk_0001275.pdbqt,-6.62,1,,15,0.4410,,0
stage1,rdk_0002190.pdbqt,-7.74,1,,30,0.2581,,0
stage1,rdk_0002902.pdbqt,-7.94,1,,21,0.3781,2.38,0
stage1,rdk_0001338.pdbqt,-8.14,1,,23,0.3541,,0
stage1,rdk_0003782.pdbqt,-8.72,1,,21,0.4152,,0
stage1,rdk_0000661.pdbqt,-7.19,1,,21,0.3424,,0
stage1,rdk_0001452.pdbqt,-7.08,1,,20,0.3538,,0
stage1,rdk_0004839.pdbqt,-6.51,1,,14,0.4649,,0
stage1,rdk_0000964.pdbqt,-6.16,1,,13,0.4742,,0
stage1,rdk_0004189.pdbqt,-8.11,1,,22,0.3685,2.09,0
stage1,rdk_0003815.pdbqt,-4.13,1,,8,0.5168,,0
stage1,rdk_0002668.pdbqt,-5.09,1,,11,0.4629,,0
stage1,rdk_0002607.pdbqt,-8.46,1,,28,0.3021,,0
stage1,rdk_0001831.pdbqt,-9.29,1,,33,0.2814,2.16,0
stage1,rdk_0001031.pdbqt,-8.55,1,,46,0.1859,3.12,0
stage1,rdk_0002695.pdbqt,-6.94,1,,12,0.5780,,0
stage1,rdk_0001951.pdbqt,-6.24,1,,26,0.2401,2.19,0
stage1,rdk_0000362.pdbqt,-7.86,1,,28,0.2807,,0
stage1,rdk_0004477.pdbqt,-6.82,1,,22,0.3101,2.01,0
stage1,rdk_0002893.pdbqt,-5.21,1,,9,0.5788,,0
stage1,rdk_0000762.pdbqt,-7.71,1,,22,0.3505,,0
stage1,rdk_0001873.pdbqt,-7.93,1,,22,0.3606,2.36,0
stage1,rdk_0000261.pdbqt,-8.36,1,,23,0.3636,,0
stage1,rdk_0003434.pdbqt,-6.51,1,,20,0.3256,,0
stage1,rdk_0003415.pdbqt,-8.51,1,,32,0.2660,2.31,0
stage1,rdk_0003034.pdbqt,-7.11,1,,21,0.3387,,0
stage1,rdk_0004772.pdbqt,-8.74,1,,29,0.3014,2.31,0
stage1,rdk_0003887.pdbqt,-8.96,1,,27,0.3318,,0
stage1,rdk_0003916.pdbqt,-4.45,1,,9,0.4939,,0
stage1,rdk_0001787.pdbqt,-7.06,1,,33,0.2140,2.76,0
stage1,rdk_0003516.pdbqt,-7.51,1,,28,0.2684,2.09,0
stage1,rdk_0003710.pdbqt,-9.48,1,,20,0.4740,,0
stage1,rdk_0001714.pdbqt,-8.78,1,,58,0.1514,2.45,0
stage1,rdk_0001845.pdbqt,-8.36,1,,55,0.1520,,0
stage1,rdk_0002990.pdbqt,-7.48,1,,25,0.2992,,0
stage1,rdk_0002020.pdbqt,-9.20,1,,27,0.3406,,0
stage1,rdk_0002325.pdbqt,-8.45,1,,35,0.2415,3.60,0
stage1,rdk_0003979.pdbqt,-8.09,1,,22,0.3676,,0
stage1,rdk_0000240.pdbqt,-7.60,1,,34,0.2236,,0
stage1,rdk_0003613.pdbqt,-8.00,1,,19,0.4212,,0
stage1,rdk_0003213.pdbqt,-8.13,1,,24,0.3388,,0
stage1,rdk_0003158.pdbqt,-9.83,1,,28,0.3512,,0
stage1,rdk_0000545.pdbqt,-7.59,1,,28,0.2710,,0
stage1,rdk_0004018.pdbqt,-9.76,1,,24,0.4065,,0
stage1,rdk_0000145.pdbqt,-7.24,1,,22,0.3292,,0
stage1,rdk_0002295.pdbqt,-7.23,1,,21,0.3444,,0
stage1,rdk_0002102.pdbqt,-6.42,1,,27,0.2377,2.98,0
stage1,rdk_0004077.pdbqt,-6.69,1,,22,0.3043,,0
stage1,rdk_0000029.pdbqt,-7.04,1,,23,0.3062,3.01,0
stage1,rdk_0002923.pdbqt,-7.93,1,,37,0.2145,,0
stage1,rdk_0001288.pdbqt,-8.35,1,,23,0.3629,2.09,0
stage1,rdk_0003632.pdbqt,-8.23,1,,31,0.2654,2.08,0
stage1,rdk_0003984.pdbqt,-5.73,1,,12,0.4774,,0
stage1,rdk_0004056.pdbqt,-7.62,1,,34,0.2242,2.38,0
stage1,rdk_0000507.pdbqt,-7.18,1,,34,0.2113,,0
stage1,rdk_0003232.pdbqt,-7.74,1,,33,0.2345,4.10,0
stage1,rdk_0002123.pdbqt,-8.33,1,,22,0.3785,,0
stage1,rdk_0002420.pdbqt,-6.90,1,,13,0.5307,,0
stage1,rdk_0001688.pdbqt,-6.37,1,,13,0.4897,,0
stage1,rdk_0003087.pdbqt,-9.44,1,,38,0.2483,,0
stage1,rdk_0000446.pdbqt,-8.88,1,,29,0.3062,,0
stage1,rdk_0000429.pdbqt,-8.31,1,,29,0.2866,,0
stage1,rdk_0001675.pdbqt,-8.08,1,,20,0.4042,,0
stage1,rdk_0000808.pdbqt,-6.83,1,,21,0.3253,,0
stage1,rdk_0001980.pdbqt,-6.39,1,,42,0.1521,2.47,0
stage1,rdk_0004696.pdbqt,-7.00,1,,13,0.5385,,0
stage1,rdk_0003563.pdbqt,-4.11,1,,8,0.5131,,0
stage1,rdk_0003942.pdbqt,-6.57,1,,11,0.5968,,0
stage1,rdk_0003060.pdbqt,-9.45,1,,25,0.3780,,0
stage1,rdk_0001551.pdbqt,-6.00,1,,22,0.2730,,0
stage1,rdk_0004765.pdbqt,-8.94,1,,36,0.2483,4.04,0
stage1,rdk_0002713.pdbqt,-8.83,1,,44,0.2007,3.90,0
stage1,rdk_0003537.pdbqt,-7.58,1,,32,0.2368,,0
stage1,rdk_0001761.pdbqt,-8.72,1,,41,0.2128,2.79,0
stage1,rdk_0003558.pdbqt,-7.96,1,,19,0.4192,,0
stage1,rdk_0004250.pdbqt,-7.64,1,,29,0.2634,2.66,0
stage1,rdk_0004353.pdbqt,-7.23,1,,26,0.2781,,0
stage1,rdk_0002855.pdbqt,-4.50,1,,8,0.5625,,0
stage1,rdk_0000867.pdbqt,-7.29,1,,30,0.2430,,0
stage1,rdk_0004023.pdbqt,-6.91,1,,11,0.6283,,0
stage1,rdk_0000343.pdbqt,-7.05,1,,33,0.2136,2.37,0
stage1,rdk_0001757.pdbqt,-9.53,1,,32,0.2977,3.06,0
stage1,rdk_0004753.pdbqt,-8.90,1,,25,0.3559,2.93,0
stage1,rdk_0003628.pdbqt,-9.15,1,,19,0.4817,,0
stage1,rdk_0001734.pdbqt,-6.81,1,,31,0.2197,2.39,0
stage1,rdk_0002401.pdbqt,-8.66,1,,31,0.2794,2.34,0
stage1,rdk_0002750.pdbqt,-9.13,1,,22,0.4149,,0
stage1,rdk_0001621.pdbqt,-8.12,1,,25,0.3250,,0
stage1,rdk_0002253.pdbqt,-7.51,1,,22,0.3414,,0
stage1,rdk_0003382.pdbqt,-7.49,1,,24,0.3119,2.21,0
stage1,rdk_0002474.pdbqt,-5.93,1,,12,0.4940,,0
stage1,rdk_0001069.pdbqt,-6.65,1,,22,0.3023,,0
stage1,rdk_0002801.pdbqt,-8.99,1,,24,0.3747,2.11,0
stage1,rdk_0002489.pdbqt,-4.78,1,,9,0.5311,,0
stage1,rdk_0001597.pdbqt,-9.27,1,,19,0.4878,,0
stage1,rdk_0004368.pdbqt,-10.02,1,,24,0.4173,,0
stage1,rdk_0004520.pdbqt,-5.51,1,,15,0.3673,,0
stage1,rdk_0001654.pdbqt,-5.64,1,,27,0.2089,2.43,0
stage1,rdk_0000759.pdbqt,-7.78,1,,22,0.3535,,0
stage1,rdk_0000183.pdbqt,-6.16,1,,17,0.3621,,0
stage1,rdk_0004604.pdbqt,-7.64,1,,24,0.3183,,0
stage1,rdk_0003476.pdbqt,-8.68,1,,36,0.2412,2.06,0
stage1,rdk_0001052.pdbqt,-6.72,1,,28,0.2399,,0
stage1,rdk_0000235.pdbqt,-7.95,1,,31,0.2564,,0
stage1,rdk_0004589.pdbqt,-8.69,1,,36,0.2414,,0
stage1,rdk_0001094.pdbqt,-6.83,1,,19,0.3596,,0
stage1,rdk_0001722.pdbqt,-3.23,1,,4,0.8067,,0
stage1,rdk_0002089.pdbqt,-7.91,1,,16,0.4943,,0
stage1,rdk_0003440.pdbqt,-8.27,1,,55,0.1503,,0
stage1,rdk_0003331.pdbqt,-8.78,1,,35,0.2510,2.59,0
stage1,rdk_0002177.pdbqt,-9.42,1,,25,0.3769,,0
stage1,rdk_0004307.pdbqt,-8.42,1,,18,0.4676,,0
stage1,rdk_0001376.pdbqt,-8.80,1,,29,0.3035,2.19,0
stage1,rdk_0003228.pdbqt,-7.04,1,,13,0.5416,,0
stage1,rdk_0001924.pdbqt,-6.38,1,,21,0.3040,,0
stage1,rdk_0004120.pdbqt,-5.45,1,,14,0.3896,,0
stage1,rdk_0002653.pdbqt,-6.46,1,,12,0.5382,,0
stage1,rdk_0000736.pdbqt,-8.51,1,,28,0.3038,,0
stage1,rdk_0001970.pdbqt,-8.21,1,,29,0.2830,2.27,0
stage1,rdk_0002843.pdbqt,-7.63,1,,37,0.2063,3.41,0
stage1,rdk_0001221.pdbqt,-5.41,1,,11,0.4917,,0
stage1,rdk_0000833.pdbqt,-9.73,1,,31,0.3139,,0
stage1,rdk_0000046.pdbqt,-7.82,1,,33,0.2369,,0
stage1,rdk_0000412.pdbqt,-8.17,1,,29,0.2816,,0
stage1,rdk_0001406.pdbqt,-7.07,1,,16,0.4421,,0
stage1,rdk_0002074.pdbqt,-7.18,1,,14,0.5129,,0
stage1,rdk_0004802.pdbqt,-7.44,1,,13,0.5722,,0
stage1,rdk_0004901.pdbqt,-8.33,1,,28,0.2975,,0
stage1,rdk_0001105.pdbqt,-8.35,1,,27,0.3094,,0
stage1,rdk_0002350.pdbqt,-7.20,1,,26,0.2770,,0
stage1,rdk_0001319.pdbqt,-9.83,1,,32,0.3071,2.30,0
stage1,rdk_0000583.pdbqt,-8.32,1,,18,0.4621,,0
stage1,rdk_0004795.pdbqt,-7.83,1,,19,0.4121,,0
stage1,rdk_0000359.pdbqt,-7.51,1,,25,0.3006,,0
stage1,rdk_0000999.pdbqt,-8.43,1,,38,0.2218,,0
stage1,rdk_0004650.pdbqt,-6.30,1,,26,0.2422,2.93,0
stage1,rdk_0004768.pdbqt,-8.32,1,,24,0.3467,,0
stage1,rdk_0000635.pdbqt,-5.44,1,,12,0.4535,,0
stage1,rdk_0004456.pdbqt,-10.18,1,,45,0.2262,2.16,0
stage1,rdk_0003819.pdbqt,-8.76,1,,42,0.2086,4.18,0
stage1,rdk_0002272.pdbqt,-8.78,1,,23,0.3818,,0
stage1,rdk_0002956.pdbqt,-8.94,1,,20,0.4469,2.07,0
stage1,rdk_0004395.pdbqt,-9.00,1,,29,0.3102,3.12,0
stage1,rdk_0001322.pdbqt,-6.83,1,,23,0.2972,,0
stage1,rdk_0001821.pdbqt,-4.75,1,,58,0.0819,3.74,0
stage1,rdk_0002518.pdbqt,-6.71,1,,15,0.4474,,0
stage1,rdk_0001505.pdbqt,-7.36,1,,21,0.3505,2.70,0
stage1,rdk_0002771.pdbqt,-8.52,1,,26,0.3278,,0
stage1,rdk_0002396.pdbqt,-7.43,1,,35,0.2124,2.99,0
stage1,rdk_0002939.pdbqt,-6.72,1,,24,0.2802,,0
stage1,rdk_0001810.pdbqt,-8.13,1,,48,0.1694,,0
stage1,rdk_0004625.pdbqt,-5.89,1,,17,0.3468,,0
stage1,rdk_0004579.pdbqt,-2.83,1,,65,0.0436,3.68,0
stage1,rdk_0003344.pdbqt,-9.25,1,,25,0.3700,,0
stage1,rdk_0003609.pdbqt,-8.16,1,,18,0.4533,,0
stage1,rdk_0004002.pdbqt,-5.65,1,,17,0.3322,,0
stage1,rdk_0002268.pdbqt,-7.89,1,,36,0.2191,2.11,0
stage1,rdk_0002455.pdbqt,-7.28,1,,14,0.5201,,0
stage1,rdk_0001494.pdbqt,-6.09,1,,23,0.2647,,0
stage1,rdk_0001524.pdbqt,-7.50,1,,20,0.3752,,0
stage1,rdk_0000880.pdbqt,-7.55,1,,22,0.3431,,0
stage1,rdk_0003834.pdbqt,-8.36,1,,42,0.1990,2.14,0
stage1,rdk_0004542.pdbqt,-8.96,1,,45,0.1990,2.87,0
stage1,rdk_0000511.pdbqt,-6.92,1,,24,0.2884,,0
stage1,rdk_0001303.pdbqt,-5.73,1,,20,0.2864,,0
stage1,rdk_0002118.pdbqt,-8.09,1,,29,0.2789,,0
stage1,rdk_0003460.pdbqt,-7.74,1,,23,0.3363,,0
stage1,rdk_0003681.pdbqt,-7.91,1,,28,0.2824,3.46,0
stage1,rdk_0002207.pdbqt,-9.27,1,,38,0.2438,2.42,0
stage1,rdk_0001197.pdbqt,-10.66,1,,28,0.3806,,0
stage1,rdk_0003137.pdbqt,-6.65,1,,30,0.2217,2.62,0
stage1,rdk_0002139.pdbqt,-7.83,1,,22,0.3559,,0
stage1,rdk_0003247.pdbqt,-8.64,1,,35,0.2468,,0
stage1,rdk_0001391.pdbqt,-9.02,1,,22,0.4098,,0
stage1,rdk_0003310.pdbqt,-9.54,1,,37,0.2577,2.67,0
stage1,rdk_0000111.pdbqt,-7.63,1,,29,0.2630,2.43,0
stage1,rdk_0001692.pdbqt,-6.97,1,,20,0.3487,,0
stage1,rdk_0000785.pdbqt,-5.16,1,,21,0.2459,,0
stage1,rdk_0000480.pdbqt,-6.56,1,,29,0.2262,,0
stage1,rdk_0004749.pdbqt,-6.51,1,,12,0.5423,,0
stage1,rdk_0004574.pdbqt,-9.19,1,,35,0.2625,,0
stage1,rdk_0003841.pdbqt,-8.71,1,,27,0.3228,,0
stage1,rdk_0001905.pdbqt,-7.72,1,,25,0.3087,,0
stage1,rdk_0003744.pdbqt,-7.77,1,,22,0.3533,,0
stage1,rdk_0002539.pdbqt,-6.76,1,,12,0.5630,,0
stage1,rdk_0003963.pdbqt,-6.28,1,,16,0.3926,,0
stage1,rdk_0001600.pdbqt,-6.39,1,,21,0.3045,2.13,0
stage1,rdk_0003142.pdbqt,-4.53,1,,9,0.5028,,0
stage1,rdk_0001894.pdbqt,-8.35,1,,22,0.3796,,0
stage1,rdk_0003860.pdbqt,-7.01,1,,12,0.5846,,0
stage1,rdk_0004142.pdbqt,-6.04,1,,57,0.1059,3.05,0
stage1,rdk_0000033.pdbqt,-5.27,1,,13,0.4053,,0
stage1,rdk_0004593.pdbqt,-8.03,1,,17,0.4725,2.13,0
stage1,rdk_0001869.pdbqt,-4.58,1,,10,0.4577,,0
stage1,rdk_0004856.pdbqt,-8.30,1,,36,0.2305,2.83,0
stage1,rdk_0000433.pdbqt,-6.41,1,,17,0.3773,,0
stage1,rdk_0003765.pdbqt,-6.77,1,,15,0.4515,,0
stage1,rdk_0002889.pdbqt,-7.74,1,,25,0.3097,,0
stage1,rdk_0004490.pdbqt,-8.17,1,,17,0.4804,,0
stage1,rdk_0003266.pdbqt,-5.68,1,,10,0.5682,,0
stage1,rdk_0001006.pdbqt,-7.60,1,,30,0.2534,,0
stage1,rdk_0004418.pdbqt,-6.57,1,,33,0.1991,2.00,0
stage1,rdk_0004101.pdbqt,-7.68,1,,18,0.4268,,0
stage1,rdk_0000467.pdbqt,-8.45,1,,42,0.2013,2.20,0
stage1,rdk_0000130.pdbqt,-6.74,1,,19,0.3546,2.15,0
stage1,rdk_0002918.pdbqt,-10.62,1,,25,0.4249,,0
stage1,rdk_0000336.pdbqt,-7.12,1,,28,0.2541,2.03,0
stage1,rdk_0002672.pdbqt,-5.59,1,,13,0.4297,,0
stage1,rdk_0001776.pdbqt,-7.45,1,,32,0.2329,2.08,0
stage1,rdk_0000012.pdbqt,-7.09,1,,23,0.3081,2.74,0
stage1,rdk_0002556.pdbqt,-4.89,1,,10,0.4890,,0
stage1,rdk_0000614.pdbqt,-7.27,1,,27,0.2693,,0
stage1,rdk_0003209.pdbqt,-6.94,1,,19,0.3654,,0
stage1,rdk_0000911.pdbqt,-6.75,1,,19,0.3552,,0
stage1,rdk_0003441.pdbqt,-6.54,1,,17,0.3844,2.31,0
stage1,rdk_0001292.pdbqt,-7.03,1,,21,0.3349,,0
stage1,rdk_0001469.pdbqt,-8.96,1,,24,0.3733,2.88,0
stage1,rdk_0002055.pdbqt,-5.26,1,,9,0.5843,,0
stage1,rdk_0003798.pdbqt,-7.98,1,,16,0.4990,,0
stage1,rdk_0001200.pdbqt,-7.54,1,,17,0.4436,,0
stage1,rdk_0001448.pdbqt,-7.51,1,,24,0.3128,,0
stage1,rdk_0000080.pdbqt,-6.49,1,,30,0.2165,,0
stage1,rdk_0001703.pdbqt,-7.54,1,,20,0.3770,,0
stage1,rdk_0001048.pdbqt,-6.69,1,,25,0.2678,2.08,0
stage1,rdk_0004726.pdbqt,-8.31,1,,25,0.3326,,0
stage1,rdk_0000717.pdbqt,-6.16,1,,24,0.2567,2.03,0
stage1,rdk_0002535.pdbqt,-5.69,1,,12,0.4740,,0
stage1,rdk_0001263.pdbqt,-7.17,1,,14,0.5122,,0
stage1,rdk_0004225.pdbqt,-9.07,1,,19,0.4774,,0
stage1,rdk_0004402.pdbqt,-8.22,1,,29,0.2836,,0
stage1,rdk_0002577.pdbqt,-8.22,1,,34,0.2418,2.61,0
stage1,rdk_0002611.pdbqt,-5.26,1,,14,0.3756,,0
stage1,rdk_0004090.pdbqt,-6.52,1,,21,0.3103,,0
stage1,rdk_0001124.pdbqt,-10.41,1,,28,0.3719,,0
stage1,rdk_0001027.pdbqt,-7.40,1,,29,0.2552,,0
stage1,rdk_0000378.pdbqt,-8.19,1,,21,0.3899,,0
stage1,rdk_0001740.pdbqt,-6.75,1,,40,0.1687,2.25,0
stage1,rdk_0000385.pdbqt,-7.33,1,,19,0.3859,,0
stage1,rdk_0003205.pdbqt,-6.66,1,,11,0.6052,,0
stage1,rdk_0001427.pdbqt,-6.90,1,,21,0.3284,,0
stage1,rdk_0004840.pdbqt,-6.98,1,,22,0.3174,,0
stage1,rdk_0003706.pdbqt,-8.00,1,,14,0.5715,,0
stage1,rdk_0002156.pdbqt,-7.77,1,,35,0.2219,,0
stage1,rdk_0003422.pdbqt,-5.99,1,,11,0.5446,,0
stage1,rdk_0000286.pdbqt,-6.98,1,,30,0.2327,,0
stage1,rdk_0002704.pdbqt,-8.38,1,,36,0.2328,2.21,0
stage1,rdk_0003121.pdbqt,-7.23,1,,16,0.4516,,0
stage1,rdk_0002986.pdbqt,-7.08,1,,16,0.4424,,0
stage1,rdk_0004823.pdbqt,-6.70,1,,22,0.3044,,0
stage1,rdk_0004890.pdbqt,-7.38,1,,36,0.2049,,0
stage1,rdk_0000677.pdbqt,-5.41,1,,10,0.5409,,0
stage1,rdk_0002683.pdbqt,-6.82,1,,16,0.4260,,0
stage1,rdk_0001128.pdbqt,-6.37,1,,17,0.3746,,0
stage1,rdk_0002796.pdbqt,-8.23,1,,35,0.2353,3.06,0
stage1,rdk_0004246.pdbqt,-7.00,1,,28,0.2499,,0
stage1,rdk_0003163.pdbqt,-11.94,1,,36,0.3317,,0
stage1,rdk_0002059.pdbqt,-6.86,1,,12,0.5713,,0
stage1,rdk_0001147.pdbqt,-7.65,1,,23,0.3326,2.51,0
stage1,rdk_0000450.pdbqt,-7.37,1,,21,0.3511,,0
stage1,rdk_0001865.pdbqt,-7.69,1,,21,0.3662,2.54,0
stage1,rdk_0000050.pdbqt,-7.31,1,,19,0.3846,,0
stage1,rdk_0002371.pdbqt,-8.26,1,,25,0.3304,,0
stage1,rdk_0000530.pdbqt,-7.92,1,,25,0.3169,,0
stage1,rdk_0000317.pdbqt,-7.06,1,,28,0.2522,,0
stage1,rdk_0004629.pdbqt,-4.46,1,,9,0.4958,,0
stage1,rdk_0004296.pdbqt,-9.54,1,,40,0.2385,2.62,0
stage1,rdk_0000778.pdbqt,-7.41,1,,34,0.2180,,0
stage1,rdk_0000553.pdbqt,-9.34,1,,26,0.3590,,0
stage1,rdk_0004920.pdbqt,-7.86,1,,30,0.2619,2.76,0
stage1,rdk_0002878.pdbqt,-9.46,1,,26,0.3637,,0
stage1,rdk_0002914.pdbqt,-7.64,1,,31,0.2463,,0
stage1,rdk_0000618.pdbqt,-7.21,1,,30,0.2402,2.01,0
stage1,rdk_0002780.pdbqt,-6.71,1,,20,0.3355,2.00,0
stage1,rdk_0003769.pdbqt,-8.57,1,,30,0.2855,,0
stage1,rdk_0004229.pdbqt,-6.91,1,,21,0.3292,,0
stage1,rdk_0000983.pdbqt,-7.39,1,,27,0.2736,2.18,0
stage1,rdk_0002459.pdbqt,-6.56,1,,14,0.4684,,0
stage1,rdk_0003398.pdbqt,-7.60,1,,38,0.2000,,0
stage1,rdk_0000153.pdbqt,-6.08,1,,22,0.2764,,0
stage1,rdk_0001909.pdbqt,-5.86,1,,17,0.3446,,0
stage1,rdk_0000389.pdbqt,-10.14,1,,26,0.3901,,0
stage1,rdk_0002312.pdbqt,-6.17,1,,26,0.2372,,0
stage1,rdk_0003365.pdbqt,-7.47,1,,41,0.1822,,0
stage1,rdk_0002380.pdbqt,-9.89,1,,28,0.3533,2.09,0
stage1,rdk_0001898.pdbqt,-7.25,1,,27,0.2686,2.05,0
stage1,rdk_0000214.pdbqt,-8.06,1,,36,0.2239,,0
stage1,rdk_0001444.pdbqt,-7.30,1,,25,0.2918,2.52,0
stage1,rdk_0001044.pdbqt,-8.66,1,,23,0.3764,,0
stage1,rdk_0004162.pdbqt,-9.37,1,,30,0.3122,2.08,0
stage1,rdk_0004061.pdbqt,-6.80,1,,19,0.3581,,0
stage1,rdk_0001528.pdbqt,-6.21,1,,21,0.2959,2.17,0
stage1,rdk_0003297.pdbqt,-7.18,1,,26,0.2763,,0
stage1,rdk_0001827.pdbqt,-6.72,1,,31,0.2167,2.07,0
stage1,rdk_0001360.pdbqt,-6.76,1,,19,0.3559,2.14,0
stage1,rdk_0004575.pdbqt,-5.94,1,,65,0.0914,,0
stage1,rdk_0003041.pdbqt,-7.87,1,,34,0.2315,,0
stage1,rdk_0003822.pdbqt,-6.39,1,,10,0.6391,,0
stage1,rdk_0002817.pdbqt,-6.08,1,,12,0.5067,,0
stage1,rdk_0001663.pdbqt,-7.48,1,,18,0.4155,2.13,0
stage1,rdk_0001109.pdbqt,-7.98,1,,16,0.4989,,0
stage1,rdk_0000572.pdbqt,-8.09,1,,22,0.3676,,0
stage1,rdk_0002085.pdbqt,-8.21,1,,20,0.4105,,0
stage1,rdk_0002078.pdbqt,-5.50,1,,14,0.3927,,0
stage1,rdk_0004345.pdbqt,-7.36,1,,18,0.4091,2.13,0
stage1,rdk_0003605.pdbqt,-6.63,1,,25,0.2652,2.34,0
stage1,rdk_0003100.pdbqt,-7.06,1,,12,0.5880,,0
stage1,rdk_0003491.pdbqt,-8.34,1,,16,0.5211,,0
stage1,rdk_0003794.pdbqt,-7.16,1,,26,0.2752,,0
stage1,rdk_0002586.pdbqt,-7.25,1,,22,0.3293,,0
stage1,rdk_0003900.pdbqt,-9.51,1,,30,0.3171,,0
stage1,rdk_0000277.pdbqt,-7.24,1,,25,0.2896,2.71,0
stage1,rdk_0004764.pdbqt,-7.58,1,,13,0.5828,,0
stage1,rdk_0001966.pdbqt,-7.75,1,,27,0.2870,,0
stage1,rdk_0000355.pdbqt,-5.69,1,,14,0.4064,,0
stage1,rdk_0003891.pdbqt,-8.50,1,,30,0.2833,,0
stage1,rdk_0000789.pdbqt,-7.13,1,,25,0.2853,,0
stage1,rdk_0002514.pdbqt,-6.74,1,,12,0.5613,,0
stage1,rdk_0003369.pdbqt,-7.34,1,,22,0.3338,,0
stage1,rdk_0001465.pdbqt,-5.12,1,,13,0.3940,,0
stage1,rdk_0004501.pdbqt,-7.06,1,,32,0.2206,3.62,0
stage1,rdk_0004267.pdbqt,-7.09,1,,21,0.3376,,0
stage1,rdk_0000639.pdbqt,-8.70,1,,23,0.3784,,0
stage1,rdk_0004707.pdbqt,-6.86,1,,44,0.1558,,0
stage1,rdk_0002630.pdbqt,-5.64,1,,10,0.5636,,0
stage1,rdk_0003306.pdbqt,-8.88,1,,33,0.2691,2.23,0
stage1,rdk_0000930.pdbqt,-8.31,1,,43,0.1933,,0
stage1,rdk_0004349.pdbqt,-8.56,1,,39,0.2195,2.38,0
stage1,rdk_0000774.pdbqt,-7.63,1,,34,0.2244,,0
stage1,rdk_0004399.pdbqt,-7.17,1,,19,0.3774,,0
stage1,rdk_0004667.pdbqt,-6.46,1,,11,0.5868,,0
stage1,rdk_0001166.pdbqt,-7.21,1,,20,0.3605,,0
stage1,rdk_0000812.pdbqt,-8.51,1,,36,0.2365,2.50,0
stage1,rdk_0000071.pdbqt,-6.61,1,,22,0.3006,,0
stage1,rdk_0000656.pdbqt,-8.04,1,,27,0.2979,,0
stage1,rdk_0001498.pdbqt,-7.41,1,,22,0.3367,,0
stage1,rdk_0002935.pdbqt,-7.96,1,,29,0.2745,,0
stage1,rdk_0003592.pdbqt,-6.31,1,,13,0.4851,,0
stage1,rdk_0001947.pdbqt,-7.36,1,,19,0.3875,,0
stage1,rdk_0002733.pdbqt,-7.71,1,,13,0.5933,,0
stage1,rdk_0002436.pdbqt,-8.68,1,,30,0.2894,2.90,0
stage1,rdk_0003022.pdbqt,-8.30,1,,30,0.2765,,0
stage1,rdk_0002017.pdbqt,-9.32,1,,22,0.4235,,0
stage1,rdk_0001760.pdbqt,-9.46,1,,32,0.2957,,0
stage1,rdk_0002712.pdbqt,-8.39,1,,33,0.2543,,0
stage1,rdk_0003521.pdbqt,-8.92,1,,37,0.2412,,0
stage1,rdk_0003727.pdbqt,-8.21,1,,21,0.3910,2.04,0
stage1,rdk_0001098.pdbqt,-6.12,1,,16,0.3822,,0
stage1,rdk_0001341.pdbqt,-7.24,1,,23,0.3149,,0
stage1,rdk_0004364.pdbqt,-9.18,1,,21,0.4373,2.07,0
stage1,rdk_0001242.pdbqt,-7.35,1,,25,0.2941,,0
stage1,rdk_0002114.pdbqt,-8.07,1,,27,0.2991,,0
stage1,rdk_0002417.pdbqt,-6.08,1,,18,0.3379,,0
stage1,rdk_0002977.pdbqt,-9.07,1,,43,0.2108,2.27,0
stage1,rdk_0000374.pdbqt,-8.25,1,,35,0.2357,2.41,0
stage1,rdk_0003921.pdbqt,-5.58,1,,11,0.5074,,0
stage1,rdk_0004461.pdbqt,-8.12,1,,32,0.2539,2.35,0
stage1,rdk_0002478.pdbqt,-4.64,1,,9,0.5158,,0
stage1,rdk_0002485.pdbqt,-4.77,1,,9,0.5296,,0
stage1,rdk_0003348.pdbqt,-7.89,1,,17,0.4640,,0
stage1,rdk_0000239.pdbqt,-7.82,1,,21,0.3724,,0
stage1,rdk_0002836.pdbqt,-7.22,1,,21,0.3437,,0
stage1,rdk_0000471.pdbqt,-7.71,1,,23,0.3354,,0
stage1,rdk_0000850.pdbqt,-7.59,1,,22,0.3451,,0
stage1,rdk_0001509.pdbqt,-8.53,1,,24,0.3555,,0
stage1,rdk_0001547.pdbqt,-6.05,1,,25,0.2420,2.55,0
stage1,rdk_0003327.pdbqt,-8.58,1,,30,0.2860,,0
stage1,rdk_0000755.pdbqt,-4.83,1,,11,0.4393,,0
stage1,rdk_0003624.pdbqt,-6.64,1,,19,0.3497,,0
stage1,rdk_0003697.pdbqt,-8.40,1,,28,0.2999,2.12,0
stage1,rdk_0001566.pdbqt,-8.33,1,,19,0.4386,2.29,0
stage1,rdk_0003748.pdbqt,-7.20,1,,22,0.3273,2.09,0
stage1,rdk_0004326.pdbqt,-9.69,1,,39,0.2484,3.32,0
stage1,rdk_0003252.pdbqt,-5.92,1,,11,0.5386,,0
stage1,rdk_0002333.pdbqt,-9.18,1,,31,0.2962,,0
stage1,rdk_0003647.pdbqt,-7.26,1,,37,0.1962,,0
stage1,rdk_0003854.pdbqt,-6.99,1,,12,0.5822,,0
stage1,rdk_0002629.pdbqt,-9.26,1,,17,0.5445,,0
stage1,rdk_0002874.pdbqt,-7.15,1,,36,0.1987,,0
stage1,rdk_0001182.pdbqt,-11.54,1,,20,0.5769,,0
stage1,rdk_0001741.pdbqt,-6.36,1,,20,0.3182,3.67,0
stage1,rdk_0000686.pdbqt,-5.96,1,,31,0.1921,2.67,0
stage1,rdk_0002283.pdbqt,-5.96,1,,28,0.2127,2.42,0
stage1,rdk_0002135.pdbqt,-7.97,1,,30,0.2658,2.59,0
stage1,rdk_0004562.pdbqt,-6.82,1,,29,0.2352,2.28,0
stage1,rdk_0001065.pdbqt,-7.41,1,,26,0.2848,,0
stage1,rdk_0002211.pdbqt,-8.80,1,,36,0.2444,2.00,0
stage1,rdk_0001928.pdbqt,-6.83,1,,16,0.4268,,0
stage1,rdk_0004780.pdbqt,-5.33,1,,13,0.4102,,0
stage1,rdk_0003751.pdbqt,-6.57,1,,18,0.3647,2.02,0
stage1,rdk_0000218.pdbqt,-7.19,1,,37,0.1944,,0
stage1,rdk_0000972.pdbqt,-7.32,1,,33,0.2219,2.45,0
stage1,rdk_0004211.pdbqt,-9.56,1,,16,0.5978,,0
stage1,rdk_0000953.pdbqt,-7.91,1,,33,0.2398,2.08,0
stage1,rdk_0002061.pdbqt,-7.64,1,,16,0.4773,2.08,0
stage1,rdk_0002646.pdbqt,-5.76,1,,11,0.5241,,0
stage1,rdk_0003003.pdbqt,-7.07,1,,25,0.2829,,0
stage1,rdk_0001481.pdbqt,-6.58,1,,19,0.3461,2.36,0
stage1,rdk_0004143.pdbqt,-8.97,1,,36,0.2492,,0
stage1,rdk_0001642.pdbqt,-6.59,1,,26,0.2536,2.19,0
stage1,rdk_0001110.pdbqt,-9.56,1,,19,0.5033,,0
stage1,rdk_0002186.pdbqt,-7.54,1,,29,0.2598,,0
stage1,rdk_0003959.pdbqt,-9.50,1,,53,0.1792,4.35,0
stage1,rdk_0001413.pdbqt,-5.92,1,,20,0.2961,,0
stage1,rdk_0000596.pdbqt,-7.14,1,,21,0.3401,,0
stage1,rdk_0003176.pdbqt,-7.75,1,,21,0.3692,,0
stage1,rdk_0002461.pdbqt,-8.65,1,,16,0.5405,,0
stage1,rdk_0004712.pdbqt,-7.02,1,,21,0.3341,2.46,0
stage1,rdk_0002943.pdbqt,-9.14,1,,21,0.4355,,0
stage1,rdk_0004885.pdbqt,-7.70,1,,29,0.2657,,0
stage1,rdk_0002345.pdbqt,-8.42,1,,24,0.3509,,0
stage1,rdk_0004436.pdbqt,-7.86,1,,25,0.3142,,0
stage1,rdk_0004861.pdbqt,-7.19,1,,29,0.2480,3.07,0
stage1,rdk_0000620.pdbqt,-8.04,1,,30,0.2681,,0
stage1,rdk_0004817.pdbqt,-7.00,1,,29,0.2413,,0
stage1,rdk_0001997.pdbqt,-7.51,1,,35,0.2147,3.51,0
stage1,rdk_0000849.pdbqt,-7.05,1,,18,0.3915,,0
stage1,rdk_0004535.pdbqt,-9.47,1,,21,0.4508,,0
stage1,rdk_0003666.pdbqt,-8.14,1,,35,0.2326,3.73,0
stage1,rdk_0000095.pdbqt,-7.09,1,,22,0.3221,,0
stage1,rdk_0003992.pdbqt,-8.99,1,,33,0.2725,2.58,0
stage1,rdk_0002840.pdbqt,-7.49,1,,14,0.5349,,0
stage1,rdk_0001806.pdbqt,-10.43,1,,47,0.2219,2.42,0
stage1,rdk_0000468.pdbqt,-8.38,1,,23,0.3643,,0
stage1,rdk_0002230.pdbqt,-6.57,1,,34,0.1932,,0
stage1,rdk_0003192.pdbqt,-7.12,1,,32,0.2224,,0
stage1,rdk_0001582.pdbqt,-7.53,1,,14,0.5376,,0
stage1,rdk_0004135.pdbqt,-9.22,1,,23,0.4009,,0
stage1,rdk_0003488.pdbqt,-7.95,1,,27,0.2944,,0
stage1,rdk_0003351.pdbqt,-7.93,1,,18,0.4408,,0
stage1,rdk_0003576.pdbqt,-5.21,1,,9,0.5791,,0
stage1,rdk_0001234.pdbqt,-6.43,1,,26,0.2472,2.30,0
stage1,rdk_0000104.pdbqt,-7.14,1,,20,0.3570,,0
stage1,rdk_0003088.pdbqt,-6.28,1,,16,0.3925,,0
stage1,rdk_0001358.pdbqt,-7.69,1,,21,0.3662,,0
stage1,rdk_0000256.pdbqt,-7.80,1,,30,0.2601,2.84,0
stage1,rdk_0003652.pdbqt,-9.40,1,,24,0.3918,,0
stage1,rdk_0002246.pdbqt,-7.84,1,,26,0.3015,,0
stage1,rdk_0001337.pdbqt,-7.04,1,,23,0.3060,,0
stage1,rdk_0004611.pdbqt,-8.22,1,,21,0.3915,,0
stage1,rdk_0004204.pdbqt,-7.04,1,,39,0.1805,2.82,0
stage1,rdk_0000407.pdbqt,-7.87,1,,26,0.3027,,0
stage1,rdk_0000846.pdbqt,-8.83,1,,44,0.2006,3.46,0
stage1,rdk_0004459.pdbqt,-8.00,1,,31,0.2580,2.94,0
stage1,rdk_0003317.pdbqt,-6.12,1,,75,0.0816,4.99,0
stage1,rdk_0001791.pdbqt,-6.61,1,,33,0.2003,2.50,0
stage1,rdk_0000504.pdbqt,-8.09,1,,25,0.3237,,0
stage1,rdk_0000196.pdbqt,-7.70,1,,18,0.4279,2.00,0
stage1,rdk_0000826.pdbqt,-7.53,1,,25,0.3012,,0
stage1,rdk_0004193.pdbqt,-9.68,1,,40,0.2419,2.46,0
stage1,rdk_0004213.pdbqt,-8.86,1,,62,0.1428,2.01,0
stage1,rdk_0004380.pdbqt,-7.47,1,,22,0.3396,,0
stage1,rdk_0003957.pdbqt,-4.52,1,,15,0.3016,2.53,0
stage1,rdk_0004733.pdbqt,-6.61,1,,11,0.6006,,0
stage1,rdk_0001634.pdbqt,-6.33,1,,20,0.3163,,0
stage1,rdk_0002667.pdbqt,-7.78,1,,13,0.5984,,0
stage1,rdk_0004878.pdbqt,-7.64,1,,34,0.2246,,0
stage1,rdk_0004283.pdbqt,-8.58,1,,34,0.2523,2.15,0
stage1,rdk_0001215.pdbqt,-7.67,1,,17,0.4512,,0
stage1,rdk_0002399.pdbqt,-6.49,1,,12,0.5407,,0
stage1,rdk_0004114.pdbqt,-6.49,1,,13,0.4993,,0
stage1,rdk_0000007.pdbqt,-8.54,1,,31,0.2755,3.17,0
stage1,rdk_0003075.pdbqt,-6.71,1,,22,0.3051,,0
stage1,rdk_0002543.pdbqt,-5.64,1,,16,0.3528,,0
stage1,rdk_0004230.pdbqt,-8.29,1,,23,0.3603,,0
stage1,rdk_0003273.pdbqt,-7.41,1,,18,0.4115,,0
stage1,rdk_0003770.pdbqt,-6.69,1,,10,0.6692,,0
stage1,rdk_0004036.pdbqt,-8.10,1,,30,0.2701,,0
stage1,rdk_0000172.pdbqt,-6.72,1,,28,0.2399,,0
stage1,rdk_0004186.pdbqt,-6.41,1,,10,0.6410,,0
stage1,rdk_0000068.pdbqt,-8.35,1,,25,0.3340,2.11,0
stage1,rdk_0001738.pdbqt,-8.83,1,,54,0.1635,2.35,0
stage1,rdk_0002562.pdbqt,-7.72,1,,36,0.2144,,0
stage1,rdk_0000495.pdbqt,-8.25,1,,29,0.2844,2.25,0
stage1,rdk_0004836.pdbqt,-7.55,1,,26,0.2905,,0
stage1,rdk_0004485.pdbqt,-6.38,1,,16,0.3991,,0
stage1,rdk_0002859.pdbqt,-7.76,1,,36,0.2157,2.38,0
stage1,rdk_0001131.pdbqt,-8.19,1,,25,0.3278,,0
stage1,rdk_0003157.pdbqt,-5.80,1,,10,0.5799,,0
stage1,rdk_0001432.pdbqt,-6.06,1,,20,0.3031,,0
stage1,rdk_0001013.pdbqt,-8.32,1,,30,0.2773,2.04,0
stage1,rdk_0003938.pdbqt,-8.83,1,,29,0.3043,2.12,0
stage1,rdk_0004859.pdbqt,-9.17,1,,19,0.4827,,0
stage1,rdk_0002364.pdbqt,-7.53,1,,27,0.2789,,0
stage1,rdk_0002745.pdbqt,-11.23,1,,31,0.3624,2.83,0
stage1,rdk_0000723.pdbqt,-8.81,1,,25,0.3526,2.10,0
stage1,rdk_0000125.pdbqt,-8.46,1,,22,0.3846,,0
stage1,rdk_0000525.pdbqt,-6.04,1,,18,0.3356,,0
stage1,rdk_0003370.pdbqt,-8.25,1,,15,0.5502,,0
stage1,rdk_0001758.pdbqt,-8.68,1,,32,0.2714,2.55,0
stage1,rdk_0004085.pdbqt,-7.10,1,,14,0.5074,,0
stage1,rdk_0004059.pdbqt,-9.62,1,,30,0.3205,,0
stage1,rdk_0000390.pdbqt,-6.79,1,,24,0.2831,2.69,0
stage1,rdk_0000426.pdbqt,-7.88,1,,26,0.3032,,0
stage1,rdk_0003875.pdbqt,-9.58,1,,32,0.2993,,0
stage1,rdk_0003557.pdbqt,-7.42,1,,11,0.6741,,0
stage1,rdk_0003888.pdbqt,-6.76,1,,23,0.2941,,0
stage1,rdk_0003454.pdbqt,-8.45,1,,25,0.3382,,0
stage1,rdk_0002608.pdbqt,-8.45,1,,28,0.3017,,0
stage1,rdk_0002962.pdbqt,-6.71,1,,29,0.2314,,0
stage1,rdk_0003538.pdbqt,-4.02,1,,8,0.5030,,0
stage1,rdk_0001379.pdbqt,-7.53,1,,20,0.3765,,0
stage1,rdk_0003976.pdbqt,-4.35,1,,14,0.3105,,0
stage1,rdk_0000601.pdbqt,-8.04,1,,27,0.2977,,0
stage1,rdk_0004014.pdbqt,-8.17,1,,55,0.1486,2.51,0
stage1,rdk_0000026.pdbqt,-8.20,1,,22,0.3729,,0
stage1,rdk_0002208.pdbqt,-5.80,1,,19,0.3051,,0
stage1,rdk_0001384.pdbqt,-8.12,1,,23,0.3529,,0
stage1,rdk_0002162.pdbqt,-7.37,1,,38,0.1941,,0
stage1,rdk_0000049.pdbqt,-8.91,1,,25,0.3565,,0
stage1,rdk_0001982.pdbqt,-4.30,1,,12,0.3581,,0
stage1,rdk_0004078.pdbqt,-6.44,1,,19,0.3388,,0
stage1,rdk_0004478.pdbqt,-7.00,1,,23,0.3046,2.40,0
stage1,rdk_0001687.pdbqt,-10.27,1,,21,0.4888,,0
stage1,rdk_0004683.pdbqt,-7.24,1,,29,0.2496,,0
stage1,rdk_0001931.pdbqt,-7.68,1,,31,0.2478,2.41,0
stage1,rdk_0000323.pdbqt,-6.99,1,,35,0.1997,2.90,0
stage1,rdk_0002764.pdbqt,-4.14,1,,6,0.6900,,0
stage1,rdk_0003919.pdbqt,-5.47,1,,9,0.6076,,0
stage1,rdk_0003138.pdbqt,-10.09,1,,28,0.3604,,0
stage1,rdk_0004017.pdbqt,-5.27,1,,9,0.5858,,0
stage1,rdk_0000201.pdbqt,-7.12,1,,28,0.2543,,0
stage1,rdk_0001531.pdbqt,-7.66,1,,20,0.3831,,0
stage1,rdk_0002229.pdbqt,-7.13,1,,34,0.2097,,0
stage1,rdk_0000904.pdbqt,-7.38,1,,31,0.2381,,0
stage1,rdk_0000449.pdbqt,-7.97,1,,21,0.3795,,0
stage1,rdk_0002440.pdbqt,-7.01,1,,23,0.3046,,0
stage1,NIL_A600.pdbqt,-13.66,1,,39,0.3502,2.37,0
stage1,rdk_0001287.pdbqt,-8.69,1,,22,0.3948,,0
stage1,rdk_0001910.pdbqt,-7.22,1,,20,0.3612,,0
stage1,rdk_0004089.pdbqt,-6.39,1,,17,0.3759,,0
stage1,rdk_0004630.pdbqt,-9.35,1,,22,0.4251,,0
stage1,rdk_0002143.pdbqt,-7.17,1,,26,0.2757,,0
stage1,rdk_0003475.pdbqt,-8.03,1,,34,0.2363,,0
stage1,rdk_0003682.pdbqt,-6.44,1,,15,0.4291,,0
stage1,rdk_0003823.pdbqt,-7.71,1,,57,0.1352,2.86,0
stage1,rdk_0004074.pdbqt,-7.11,1,,14,0.5081,,0
stage1,rdk_0000693.pdbqt,-7.89,1,,22,0.3585,2.26,0
stage1,rdk_0002861.pdbqt,-8.66,1,,20,0.4332,,0
stage1,rdk_0004208.pdbqt,-8.65,1,,41,0.2109,2.69,0
stage1,rdk_0001552.pdbqt,-7.64,1,,25,0.3054,,0
stage1,rdk_0002799.pdbqt,-7.61,1,,22,0.3459,,0
stage1,rdk_0004350.pdbqt,-8.63,1,,17,0.5079,,0
stage1,rdk_0002120.pdbqt,-7.31,1,,20,0.3656,,0
stage1,rdk_0001375.pdbqt,-8.65,1,,20,0.4327,,0
stage1,rdk_0004543.pdbqt,-7.46,1,,37,0.2015,2.92,0
stage1,rdk_0004440.pdbqt,-7.54,1,,38,0.1984,2.23,0
stage1,rdk_0000864.pdbqt,-8.26,1,,21,0.3932,,0
stage1,rdk_0001051.pdbqt,-5.91,1,,21,0.2812,,0
stage1,rdk_0001719.pdbqt,-7.26,1,,40,0.1816,2.29,0
stage1,rdk_0003534.pdbqt,-6.21,1,,17,0.3652,,0
stage1,rdk_0003381.pdbqt,-9.76,1,,21,0.4646,,0
stage1,rdk_0000925.pdbqt,-9.40,1,,33,0.2848,2.32,0
stage1,rdk_0001676.pdbqt,-6.99,1,,22,0.3176,,0
stage1,rdk_0001619.pdbqt,-7.21,1,,17,0.4244,,0
stage1,rdk_0001615.pdbqt,-5.39,1,,18,0.2996,,0
stage1,rdk_0000761.pdbqt,-7.34,1,,22,0.3335,,0
stage1,rdk_0000702.pdbqt,-8.11,1,,22,0.3687,2.89,0
stage1,rdk_0001510.pdbqt,-10.50,1,,37,0.2837,3.68,0
stage1,rdk_0001881.pdbqt,-7.22,1,,28,0.2580,2.52,0
stage1,rdk_0004518.pdbqt,-5.61,1,,10,0.5607,,0
stage1,rdk_0004653.pdbqt,-8.81,1,,27,0.3262,,0
stage1,rdk_0001081.pdbqt,-9.08,1,,40,0.2270,,0
stage1,rdk_0002768.pdbqt,-7.72,1,,20,0.3861,,0
stage1,rdk_0000302.pdbqt,-6.53,1,,28,0.2333,2.28,0
stage1,rdk_0001848.pdbqt,-7.84,1,,48,0.1633,2.16,0
stage1,rdk_0004939.pdbqt,-7.24,1,,22,0.3289,,0
stage1,rdk_0000996.pdbqt,-8.15,1,,38,0.2146,,0
stage1,rdk_0000790.pdbqt,-8.67,1,,32,0.2711,,0
stage1,rdk_0004118.pdbqt,-5.67,1,,11,0.5155,,0
stage1,rdk_0000146.pdbqt,-7.27,1,,19,0.3828,,0
stage1,rdk_0003610.pdbqt,-7.91,1,,23,0.3437,,0
stage1,rdk_0000220.pdbqt,-7.66,1,,36,0.2128,,0
stage1,rdk_0001973.pdbqt,-8.48,1,,33,0.2569,,0
stage1,rdk_0002802.pdbqt,-8.23,1,,24,0.3431,2.30,0
stage1,rdk_0000899.pdbqt,-7.54,1,,28,0.2691,,0
stage1,rdk_0000262.pdbqt,-7.39,1,,26,0.2843,,0
stage1,rdk_0001316.pdbqt,-8.18,1,,35,0.2337,3.37,0
stage1,rdk_0004423.pdbqt,-8.52,1,,43,0.1982,4.57,0
stage1,rdk_0000361.pdbqt,-7.66,1,,28,0.2734,,0
stage1,rdk_0003054.pdbqt,-8.74,1,,30,0.2914,,0
stage1,rdk_0003313.pdbqt,-8.21,1,,27,0.3041,,0
stage1,rdk_0002604.pdbqt,-11.00,1,,22,0.4999,,0
stage1,rdk_0002036.pdbqt,-8.15,1,,48,0.1698,2.02,0
stage1,rdk_0003500.pdbqt,-9.41,1,,34,0.2769,3.41,0
stage1,rdk_0001451.pdbqt,-6.79,1,,19,0.3573,2.21,0
stage1,rdk_0003987.pdbqt,-8.04,1,,27,0.2979,2.19,0
stage1,rdk_0002890.pdbqt,-5.98,1,,21,0.2846,2.07,0
stage1,rdk_0000445.pdbqt,-7.89,1,,29,0.2721,,0
stage1,rdk_0000546.pdbqt,-8.30,1,,28,0.2963,,0
stage1,rdk_0003282.pdbqt,-6.00,1,,20,0.3002,2.43,0
stage1,rdk_0003816.pdbqt,-7.71,1,,22,0.3504,2.46,0
stage1,rdk_0002368.pdbqt,-5.94,1,,14,0.4245,,0
stage1,rdk_0000967.pdbqt,-7.26,1,,24,0.3026,2.16,0
stage1,rdk_0004750.pdbqt,-5.98,1,,14,0.4272,,0
stage1,rdk_0001779.pdbqt,-8.82,1,,31,0.2845,,0
stage1,rdk_0002296.pdbqt,-8.36,1,,33,0.2534,,0
stage1,rdk_0001152.pdbqt,-8.85,1,,22,0.4022,,0
stage1,rdk_0000871.pdbqt,-7.04,1,,44,0.1600,2.54,0
stage1,rdk_0002423.pdbqt,-8.15,1,,31,0.2629,2.39,0
stage1,rdk_0001219.pdbqt,-6.09,1,,25,0.2436,,0
stage1,rdk_0000129.pdbqt,-7.26,1,,29,0.2505,2.20,0
stage1,rdk_0004177.pdbqt,-9.02,1,,27,0.3342,2.00,0
stage1,rdk_0002490.pdbqt,-6.26,1,,11,0.5693,,0
stage1,rdk_0000740.pdbqt,-6.39,1,,11,0.5811,,0
stage1,rdk_0002901.pdbqt,-9.16,1,,23,0.3981,2.32,0
stage1,rdk_0000895.pdbqt,-8.68,1,,41,0.2116,,0
stage1,rdk_0003519.pdbqt,-7.13,1,,33,0.2160,2.58,0
stage1,rdk_0002520.pdbqt,-6.38,1,,15,0.4253,,0
stage1,rdk_0003781.pdbqt,-8.18,1,,26,0.3147,2.25,0
stage1,rdk_0000662.pdbqt,-7.66,1,,23,0.3330,2.07,0
stage1,rdk_0002267.pdbqt,-7.65,1,,36,0.2124,,0
stage1,rdk_0000529.pdbqt,-9.21,1,,26,0.3540,,0
stage1,rdk_0004474.pdbqt,-7.33,1,,26,0.2819,,0
stage1,rdk_0004539.pdbqt,-9.69,1,,23,0.4211,,0
stage1,rdk_0003934.pdbqt,-9.60,1,,20,0.4799,,0
stage1,rdk_0002823.pdbqt,-7.30,1,,13,0.5618,,0
stage1,rdk_0003884.pdbqt,-8.93,1,,26,0.3433,2.77,0
stage1,rdk_0001388.pdbqt,-8.01,1,,25,0.3202,2.91,0
stage1,rdk_0001070.pdbqt,-7.79,1,,17,0.4583,,0
stage1,rdk_0000908.pdbqt,-8.00,1,,24,0.3332,,0
stage1,rdk_0003437.pdbqt,-7.48,1,,25,0.2991,2.25,0
stage1,rdk_0004253.pdbqt,-7.26,1,,26,0.2792,,0
stage1,rdk_0002726.pdbqt,-8.02,1,,18,0.4457,,0
stage1,rdk_0000499.pdbqt,-8.72,1,,21,0.4150,,0
stage1,rdk_0002993.pdbqt,-8.62,1,,29,0.2971,2.07,0
stage1,rdk_0000108.pdbqt,-6.60,1,,14,0.4714,,0
stage1,rdk_0004556.pdbqt,-11.88,1,,24,0.4952,,0
stage1,rdk_0001870.pdbqt,-6.92,1,,23,0.3010,2.41,0
stage1,rdk_0000045.pdbqt,-7.62,1,,28,0.2720,2.98,0
stage1,rdk_0002749.pdbqt,-6.11,1,,20,0.3054,2.58,0
stage1,rdk_0003084.pdbqt,-9.91,1,,20,0.4957,,0
stage1,rdk_0001276.pdbqt,-5.70,1,,26,0.2193,2.30,0
stage1,rdk_0003016.pdbqt,-6.28,1,,24,0.2616,,0
stage1,rdk_0003116.pdbqt,-7.70,1,,61,0.1262,3.07,0
stage1,rdk_0003134.pdbqt,-9.34,1,,32,0.2918,2.25,0
stage1,rdk_0002625.pdbqt,-4.49,1,,7,0.6411,,0
stage1,rdk_0002193.pdbqt,-7.78,1,,29,0.2683,,0
stage1,rdk_0002204.pdbqt,-8.22,1,,38,0.2162,,0
stage1,rdk_0003858.pdbqt,-4.10,1,,7,0.5861,,0
stage1,rdk_0002395.pdbqt,-8.13,1,,35,0.2323,2.52,0
stage1,rdk_0003515.pdbqt,-8.29,1,,33,0.2513,,0
stage1,rdk_0002501.pdbqt,-6.43,1,,10,0.6430,,0
stage1,rdk_0001470.pdbqt,-7.83,1,,22,0.3561,,0
stage1,rdk_0001354.pdbqt,-7.58,1,,23,0.3295,,0
stage1,rdk_0001952.pdbqt,-7.73,1,,24,0.3222,,0
stage1,rdk_0002225.pdbqt,-7.28,1,,28,0.2600,,0
stage1,rdk_0003587.pdbqt,-8.53,1,,19,0.4489,,0
stage1,rdk_0002729.pdbqt,-4.77,1,,62,0.0770,,0
stage1,rdk_0001573.pdbqt,-7.59,1,,24,0.3162,2.51,0
stage1,rdk_0004272.pdbqt,-6.82,1,,21,0.3248,,0
stage1,rdk_0000167.pdbqt,-8.32,1,,26,0.3200,2.47,0
stage1,rdk_0001638.pdbqt,-8.33,1,,22,0.3788,2.62,0
stage1,rdk_0003631.pdbqt,-7.25,1,,27,0.2686,2.83,0
stage1,rdk_0002885.pdbqt,-9.26,1,,49,0.1890,4.24,0
stage1,rdk_0001173.pdbqt,-7.80,1,,26,0.3002,,0
stage1,rdk_0004771.pdbqt,-7.72,1,,16,0.4828,,0
stage1,rdk_0003416.pdbqt,-8.87,1,,15,0.5915,,0
stage1,rdk_0001238.pdbqt,-8.07,1,,25,0.3229,,0
stage1,rdk_0003187.pdbqt,-5.95,1,,18,0.3306,,0
stage1,rdk_0001657.pdbqt,-8.11,1,,32,0.2535,,0
stage1,rdk_0002800.pdbqt,-8.73,1,,67,0.1304,4.21,0
stage1,rdk_0000643.pdbqt,-5.42,1,,12,0.4512,,0
stage1,rdk_0003231.pdbqt,-6.42,1,,13,0.4942,,0
stage1,rdk_0002090.pdbqt,-8.25,1,,22,0.3750,,0
stage1,rdk_0004333.pdbqt,-8.49,1,,41,0.2072,,0
stage1,rdk_0001257.pdbqt,-6.02,1,,21,0.2866,2.13,0
stage1,rdk_0002707.pdbqt,-10.12,1,,37,0.2735,,0
stage1,rdk_0004371.pdbqt,-9.70,1,,28,0.3466,2.09,0
stage1,rdk_0000243.pdbqt,-7.51,1,,34,0.2210,,0
stage1,rdk_0004914.pdbqt,-8.72,1,,39,0.2235,4.16,0
stage1,rdk_0000567.pdbqt,-8.28,1,,15,0.5523,,0
stage1,rdk_0002101.pdbqt,-7.87,1,,33,0.2385,,0
stage1,rdk_0003673.pdbqt,-8.28,1,,35,0.2365,,0
stage1,rdk_0003732.pdbqt,-6.83,1,,14,0.4881,,0
stage1,rdk_0000508.pdbqt,-7.52,1,,24,0.3132,2.92,0
stage1,rdk_0003479.pdbqt,-7.40,1,,22,0.3365,,0
stage1,rdk_0003332.pdbqt,-10.22,1,,33,0.3098,,0
stage1,rdk_0000293.pdbqt,-8.23,1,,35,0.2352,3.77,0
stage1,rdk_0002593.pdbqt,-7.69,1,,27,0.2849,,0
stage1,rdk_0000099.pdbqt,-7.19,1,,20,0.3597,,0
stage1,rdk_0003458.pdbqt,-6.96,1,,24,0.2900,2.35,0
stage1,rdk_0004889.pdbqt,-8.26,1,,32,0.2581,,0
stage1,rdk_0002326.pdbqt,-8.95,1,,28,0.3196,2.25,0
stage1,rdk_0002671.pdbqt,-6.60,1,,18,0.3664,,0
stage1,rdk_0001127.pdbqt,-7.75,1,,15,0.5165,,0
stage1,rdk_0000678.pdbqt,-5.44,1,,10,0.5436,,0
stage1,rdk_0003709.pdbqt,-8.16,1,,26,0.3140,,0
stage1,rdk_0004156.pdbqt,-8.35,1,,30,0.2782,2.11,0
stage1,rdk_0001851.pdbqt,-6.68,1,,22,0.3035,,0
stage1,rdk_0002372.pdbqt,-5.69,1,,12,0.4743,,0
stage1,rdk_0003837.pdbqt,-6.94,1,,23,0.3018,,0
stage1,rdk_0002307.pdbqt,-8.28,1,,38,0.2180,2.05,0
stage1,rdk_0004874.pdbqt,-6.43,1,,28,0.2296,,0
stage1,rdk_0000946.pdbqt,-7.84,1,,29,0.2704,,0
stage1,rdk_0001844.pdbqt,-7.70,1,,55,0.1401,,0
stage1,rdk_0000064.pdbqt,-7.78,1,,21,0.3705,,0
stage1,rdk_0000386.pdbqt,-7.26,1,,19,0.3820,,0
stage1,rdk_0004226.pdbqt,-8.46,1,,20,0.4228,2.10,0
stage1,rdk_0000980.pdbqt,-5.70,1,,17,0.3353,,0
stage1,rdk_0004249.pdbqt,-9.72,1,,19,0.5117,,0
stage1,rdk_0002555.pdbqt,-6.61,1,,14,0.4718,,0
stage1,rdk_0001203.pdbqt,-8.99,1,,21,0.4282,,0
stage1,rdk_0001715.pdbqt,-8.93,1,,58,0.1539,,0
stage1,rdk_0002974.pdbqt,-8.00,1,,19,0.4212,2.58,0
stage1,rdk_0001424.pdbqt,-8.52,1,,27,0.3154,,0
stage1,rdk_0000807.pdbqt,-10.45,1,,41,0.2548,2.26,0
stage1,rdk_0003265.pdbqt,-5.53,1,,10,0.5531,,0
stage1,rdk_0004190.pdbqt,-6.23,1,,17,0.3667,,0
stage1,rdk_0001700.pdbqt,-6.89,1,,24,0.2870,,0
stage1,rdk_0000533.pdbqt,-7.32,1,,20,0.3662,,0
stage1,rdk_0003766.pdbqt,-6.62,1,,11,0.6017,,0
stage1,rdk_0003115.pdbqt,-7.08,1,,45,0.1573,,0
stage1,rdk_0004139.pdbqt,-7.83,1,,35,0.2236,,0
stage1,rdk_0000617.pdbqt,-7.51,1,,27,0.2780,,0
stage1,rdk_0000912.pdbqt,-6.88,1,,19,0.3622,,0
stage1,rdk_0002023.pdbqt,-6.83,1,,33,0.2069,2.09,0
stage1,rdk_0001691.pdbqt,-7.41,1,,19,0.3902,,0
stage1,rdk_0000340.pdbqt,-7.13,1,,28,0.2548,,0
stage1,rdk_0004725.pdbqt,-8.50,1,,20,0.4251,2.02,0
stage1,rdk_0001392.pdbqt,-6.84,1,,18,0.3801,,0
stage1,rdk_0001969.pdbqt,-8.18,1,,22,0.3719,,0
stage1,rdk_0004102.pdbqt,-8.47,1,,32,0.2646,,0
stage1,rdk_0004649.pdbqt,-8.26,1,,16,0.5162,,0
stage1,rdk_0004489.pdbqt,-8.16,1,,31,0.2634,3.53,0
stage1,rdk_0000671.pdbqt,-8.64,1,,60,0.1441,2.37,0
stage1,rdk_0002349.pdbqt,-8.48,1,,30,0.2825,2.30,0
stage1,rdk_0001994.pdbqt,-7.81,1,,21,0.3720,,0
stage1,rdk_0003042.pdbqt,-8.73,1,,19,0.4593,,0
stage1,rdk_0003141.pdbqt,-7.83,1,,30,0.2611,,0
stage1,rdk_0003542.pdbqt,-6.93,1,,42,0.1651,3.47,0
stage1,rdk_0003484.pdbqt,-7.09,1,,32,0.2215,2.31,0
stage1,rdk_0000314.pdbqt,-7.74,1,,25,0.3098,,0
stage1,rdk_0002920.pdbqt,-10.77,1,,43,0.2505,2.76,0
stage1,rdk_0001148.pdbqt,-7.85,1,,25,0.3141,2.05,0
stage1,rdk_0003442.pdbqt,-6.13,1,,23,0.2666,,0
stage1,rdk_0002772.pdbqt,-7.15,1,,17,0.4205,,0
stage1,rdk_0001775.pdbqt,-7.36,1,,32,0.2301,,0
stage1,rdk_0002271.pdbqt,-7.89,1,,23,0.3429,,0
stage1,rdk_0000868.pdbqt,-9.56,1,,44,0.2173,2.25,0
stage1,rdk_0002056.pdbqt,-10.04,1,,28,0.3585,2.73,0
stage1,rdk_0002877.pdbqt,-8.07,1,,15,0.5378,,0
stage1,rdk_0002818.pdbqt,-6.17,1,,22,0.2807,,0
stage1,rdk_0000030.pdbqt,-7.88,1,,19,0.4146,,0
stage1,rdk_0002439.pdbqt,-6.26,1,,24,0.2609,,0
stage1,rdk_0003698.pdbqt,-8.20,1,,26,0.3154,,0
stage1,rdk_0001548.pdbqt,-6.14,1,,22,0.2793,2.07,0
stage1,rdk_0002402.pdbqt,-6.72,1,,31,0.2167,2.49,0
stage1,rdk_0004001.pdbqt,-9.20,1,,24,0.3835,,0
stage1,rdk_0004401.pdbqt,-10.49,1,,28,0.3748,,0
stage1,rdk_0004626.pdbqt,-8.07,1,,22,0.3670,,0
stage1,rdk_0000133.pdbqt,-7.27,1,,26,0.2795,,0
stage1,rdk_0003366.pdbqt,-9.12,1,,21,0.4341,2.14,0
stage1,rdk_0002456.pdbqt,-4.30,1,,11,0.3914,,0
stage1,rdk_0004055.pdbqt,-7.32,1,,42,0.1744,,0
stage1,rdk_0004923.pdbqt,-5.73,1,,14,0.4093,,0
stage1,rdk_0000430.pdbqt,-7.77,1,,29,0.2679,,0
stage1,rdk_0001527.pdbqt,-7.95,1,,22,0.3612,,0
stage1,rdk_0004590.pdbqt,-8.96,1,,24,0.3735,2.19,0
stage1,rdk_0003665.pdbqt,-8.60,1,,24,0.3582,,0
stage1,rdk_0004796.pdbqt,-5.62,1,,11,0.5105,,0
stage1,rdk_0003298.pdbqt,-6.59,1,,23,0.2867,2.52,0
stage1,rdk_0001291.pdbqt,-8.57,1,,23,0.3726,2.30,0
stage1,rdk_0004325.pdbqt,-7.06,1,,20,0.3530,,0
stage1,rdk_0000933.pdbqt,-9.88,1,,19,0.5203,,0
stage1,rdk_0001169.pdbqt,-3.84,1,,8,0.4796,,0
stage1,rdk_0002018.pdbqt,-6.75,1,,13,0.5188,,0
stage1,rdk_0003803.pdbqt,-6.91,1,,55,0.1255,2.46,0
stage1,rdk_0000883.pdbqt,-7.39,1,,23,0.3214,,0
stage1,rdk_0001194.pdbqt,-4.97,1,,10,0.4968,,0
stage1,rdk_0001906.pdbqt,-7.59,1,,22,0.3451,,0
stage1,rdk_0000011.pdbqt,-3.99,1,,7,0.5697,,0
stage1,rdk_0001024.pdbqt,-7.34,1,,18,0.4079,,0
stage1,rdk_0004093.pdbqt,-7.53,1,,24,0.3135,,0
stage1,rdk_0000464.pdbqt,-8.51,1,,42,0.2026,2.10,0
stage1,rdk_0004268.pdbqt,-5.91,1,,16,0.3696,,0
stage1,rdk_0002650.pdbqt,-6.30,1,,10,0.6300,,0
stage1,rdk_0004420.pdbqt,-8.66,1,,16,0.5414,,0
stage1,rdk_0003244.pdbqt,-6.64,1,,14,0.4742,,0
stage1,rdk_0001497.pdbqt,-7.51,1,,21,0.3576,,0
stage1,rdk_0002002.pdbqt,-8.56,1,,34,0.2519,2.46,0
stage1,rdk_0003160.pdbqt,-7.95,1,,31,0.2566,,0
stage1,rdk_0002077.pdbqt,-5.88,1,,14,0.4199,,0
stage1,rdk_0000580.pdbqt,-4.73,1,,11,0.4300,,0
stage1,rdk_0004893.pdbqt,-7.40,1,,29,0.2552,,0
stage1,rdk_0002589.pdbqt,-5.55,1,,10,0.5551,,0
stage1,rdk_0003960.pdbqt,-8.12,1,,28,0.2900,2.00,0
stage1,rdk_0002795.pdbqt,-9.40,1,,37,0.2539,3.78,0
stage1,rdk_0000659.pdbqt,-5.20,1,,11,0.4724,,0
stage1,rdk_0001106.pdbqt,-7.79,1,,16,0.4867,,0
stage1,rdk_0004704.pdbqt,-5.27,1,,9,0.5858,,0
stage1,rdk_0001032.pdbqt,-8.72,1,,46,0.1897,,0
stage1,rdk_0001405.pdbqt,-7.66,1,,18,0.4256,,0
stage1,rdk_0002353.pdbqt,-5.54,1,,17,0.3260,,0
stage1,rdk_0001805.pdbqt,-9.10,1,,31,0.2936,3.93,0
stage1,rdk_0004123.pdbqt,-7.28,1,,18,0.4046,,0
stage1,rdk_0004020.pdbqt,-4.54,1,,9,0.5041,,0
stage1,rdk_0003728.pdbqt,-7.16,1,,22,0.3256,,0
stage1,rdk_0004801.pdbqt,-5.12,1,,11,0.4652,,0
stage1,rdk_0001222.pdbqt,-8.40,1,,16,0.5251,,0
stage1,rdk_0000278.pdbqt,-7.04,1,,25,0.2814,2.80,0
stage1,rdk_0002250.pdbqt,-7.42,1,,21,0.3536,,0
stage1,rdk_0003842.pdbqt,-8.17,1,,28,0.2916,,0
stage1,rdk_0000483.pdbqt,-5.67,1,,12,0.4723,,0
stage1,rdk_0003309.pdbqt,-10.77,1,,29,0.3712,,0
stage1,rdk_0001622.pdbqt,-11.06,1,,23,0.4809,,0
stage1,rdk_0002040.pdbqt,-7.33,1,,35,0.2095,3.82,0
stage1,rdk_0004855.pdbqt,-8.96,1,,39,0.2297,2.73,0
stage1,rdk_0000259.pdbqt,-7.56,1,,23,0.3286,,0
stage1,rdk_0002477.pdbqt,-6.69,1,,18,0.3715,,0
stage1,rdk_0004493.pdbqt,-11.02,1,,31,0.3556,2.88,0
stage1,rdk_0001603.pdbqt,-7.99,1,,22,0.3630,2.16,0
stage1,rdk_0002989.pdbqt,-9.86,1,,33,0.2988,2.44,0
stage1,rdk_0000929.pdbqt,-8.38,1,,43,0.1949,,0
stage1,rdk_0000180.pdbqt,-8.41,1,,26,0.3235,,0
stage1,rdk_0002155.pdbqt,-8.46,1,,35,0.2417,,0
stage1,rdk_0000830.pdbqt,-8.55,1,,20,0.4275,,0
stage1,rdk_0001788.pdbqt,-6.51,1,,33,0.1973,2.78,0
stage1,rdk_0001321.pdbqt,-4.90,1,,13,0.3772,,0
stage1,rdk_0003079.pdbqt,-7.33,1,,35,0.2095,3.29,0
stage1,rdk_0002753.pdbqt,-6.04,1,,21,0.2878,,0
stage1,rdk_0004668.pdbqt,-6.60,1,,15,0.4403,,0
stage1,rdk_0001506.pdbqt,-7.54,1,,21,0.3590,,0
stage1,rdk_0001927.pdbqt,-6.33,1,,20,0.3167,,0
stage1,rdk_0003210.pdbqt,-6.91,1,,55,0.1256,,0
stage1,rdk_0001897.pdbqt,-7.29,1,,30,0.2431,2.16,0
stage1,rdk_0001832.pdbqt,-7.14,1,,40,0.1786,2.76,0
stage1,rdk_0001300.pdbqt,-6.62,1,,25,0.2647,,0
stage1,rdk_0002856.pdbqt,-8.37,1,,24,0.3487,2.35,0
stage1,rdk_0002174.pdbqt,-5.83,1,,23,0.2535,,0
stage1,rdk_0001594.pdbqt,-6.70,1,,12,0.5587,,0
stage1,rdk_0000714.pdbqt,-7.65,1,,34,0.2249,2.80,0
stage1,rdk_0003922.pdbqt,-5.06,1,,9,0.5623,,0
stage1,rdk_0004295.pdbqt,-6.40,1,,20,0.3198,2.17,0
stage1,rdk_0002189.pdbqt,-7.47,1,,30,0.2492,,0
stage1,rdk_0004455.pdbqt,-7.55,1,,38,0.1988,2.56,0
stage1,rdk_0000285.pdbqt,-6.67,1,,29,0.2301,,0
stage1,rdk_0003627.pdbqt,-7.55,1,,14,0.5391,,0
stage1,rdk_0000083.pdbqt,-10.04,1,,28,0.3585,,0
stage1,rdk_0004607.pdbqt,-7.40,1,,24,0.3085,,0
stage1,rdk_0000335.pdbqt,-7.34,1,,28,0.2621,2.52,0
stage1,rdk_0000217.pdbqt,-7.67,1,,37,0.2072,2.51,0
stage1,rdk_0002486.pdbqt,-5.06,1,,8,0.6322,,0
stage1,rdk_0000853.pdbqt,-9.98,1,,22,0.4537,,0
stage1,rdk_0000756.pdbqt,-4.74,1,,11,0.4305,,0
stage1,rdk_0000236.pdbqt,-7.51,1,,31,0.2424,,0
stage1,rdk_0000739.pdbqt,-7.95,1,,13,0.6112,,0
stage1,rdk_0001097.pdbqt,-7.54,1,,19,0.3966,,0
stage1,rdk_0004523.pdbqt,-7.05,1,,23,0.3066,2.73,0
stage1,rdk_0003347.pdbqt,-7.20,1,,22,0.3272,,0
stage1,rdk_0004699.pdbqt,-6.61,1,,13,0.5082,2.11,0
stage1,rdk_0003092.pdbqt,-5.09,1,,9,0.5657,,0
stage1,rdk_0004304.pdbqt,-10.95,1,,28,0.3910,2.18,0
stage1,rdk_0002178.pdbqt,-9.29,1,,25,0.3714,,0
stage1,rdk_0000411.pdbqt,-8.19,1,,29,0.2826,,0
stage1,rdk_0004308.pdbqt,-8.47,1,,19,0.4456,,0
stage1,rdk_0003747.pdbqt,-8.17,1,,25,0.3268,3.02,0
stage1,rdk_0001342.pdbqt,-7.18,1,,22,0.3262,,0
stage1,rdk_0004043.pdbqt,-8.24,1,,15,0.5495,,0
stage1,rdk_0003644.pdbqt,-7.89,1,,28,0.2819,,0
stage1,rdk_0000636.pdbqt,-6.09,1,,26,0.2341,2.14,0
stage1,rdk_0000112.pdbqt,-6.02,1,,22,0.2736,2.05,0
stage1,rdk_0001569.pdbqt,-7.92,1,,21,0.3771,2.79,0
stage1,rdk_0001598.pdbqt,-5.62,1,,10,0.5617,,0
stage1,rdk_0004367.pdbqt,-8.42,1,,24,0.3509,,0
stage1,rdk_0002730.pdbqt,-8.88,1,,20,0.4441,,0
stage1,rdk_0001565.pdbqt,-7.25,1,,19,0.3817,,0
stage1,rdk_0004767.pdbqt,-6.00,1,,11,0.5459,,0
stage1,rdk_0001737.pdbqt,-9.79,1,,54,0.1813,2.55,0
stage1,rdk_0002233.pdbqt,-7.76,1,,19,0.4086,,0
stage1,rdk_0002414.pdbqt,-7.36,1,,28,0.2627,,0
stage1,rdk_0004540.pdbqt,-7.84,1,,27,0.2903,,0
stage1,rdk_0002835.pdbqt,-9.02,1,,17,0.5308,,0
stage1,rdk_0004902.pdbqt,-7.52,1,,31,0.2425,2.21,0
stage1,rdk_0004664.pdbqt,-7.49,1,,27,0.2772,,0
stage1,rdk_0001241.pdbqt,-7.23,1,,15,0.4819,,0
stage1,rdk_0002517.pdbqt,-6.55,1,,17,0.3851,,0
stage1,rdk_0003403.pdbqt,-6.08,1,,59,0.1030,,0
stage1,rdk_0001466.pdbqt,-5.39,1,,13,0.4144,,0
stage1,rdk_0001005.pdbqt,-8.37,1,,30,0.2789,2.22,0
stage1,rdk_0004264.pdbqt,-9.84,1,,19,0.5178,,0
stage1,rdk_0002839.pdbqt,-7.54,1,,25,0.3014,2.56,0
stage1,rdk_0003191.pdbqt,-9.78,1,,26,0.3760,,0
stage1,rdk_0003328.pdbqt,-8.98,1,,34,0.2641,2.45,0
stage1,rdk_0004396.pdbqt,-8.06,1,,30,0.2686,2.78,0
stage1,rdk_0001009.pdbqt,-8.94,1,,31,0.2882,,0
stage1,rdk_0002185.pdbqt,-8.28,1,,29,0.2855,,0
stage1,rdk_0003000.pdbqt,-9.03,1,,22,0.4103,,0
stage1,rdk_0000811.pdbqt,-7.47,1,,36,0.2074,2.75,0
stage1,rdk_0003248.pdbqt,-8.49,1,,16,0.5304,2.24,0
stage1,rdk_0000571.pdbqt,-8.28,1,,21,0.3945,,0
stage1,rdk_0002574.pdbqt,-7.52,1,,34,0.2213,,0
stage1,rdk_0001944.pdbqt,-11.04,1,,29,0.3808,2.64,0
stage1,rdk_0002633.pdbqt,-7.69,1,,16,0.4806,,0
stage1,rdk_0001641.pdbqt,-9.12,1,,25,0.3648,2.34,0
stage1,rdk_0001409.pdbqt,-7.93,1,,18,0.4406,2.29,0
stage1,rdk_0001165.pdbqt,-7.68,1,,20,0.3841,,0
stage1,rdk_0002585.pdbqt,-7.95,1,,22,0.3611,,0
stage1,rdk_0002959.pdbqt,-7.68,1,,18,0.4267,,0
stage1,rdk_0001066.pdbqt,-6.82,1,,26,0.2623,2.85,0
stage1,rdk_0004708.pdbqt,-6.94,1,,12,0.5786,,0
stage1,rdk_0003103.pdbqt,-8.07,1,,13,0.6208,,0
stage1,rdk_0002117.pdbqt,-6.97,1,,27,0.2583,,0
stage1,rdk_0003591.pdbqt,-9.14,1,,27,0.3387,,0
stage1,rdk_0003400.pdbqt,-7.83,1,,18,0.4349,,0
stage1,rdk_0004672.pdbqt,-8.92,1,,52,0.1716,,0
stage1,rdk_0000356.pdbqt,-4.78,1,,14,0.3411,,0
stage1,rdk_0002936.pdbqt,-7.92,1,,28,0.2830,,0
stage1,rdk_0001824.pdbqt,-9.56,1,,38,0.2515,2.17,0
stage1,rdk_0001965.pdbqt,-10.79,1,,21,0.5139,,0
stage1,rdk_0003058.pdbqt,-7.28,1,,57,0.1278,3.09,0
stage1,rdk_0002955.pdbqt,-9.21,1,,30,0.3070,,0
stage1,rdk_0002814.pdbqt,-6.20,1,,11,0.5638,,0
stage1,rdk_0000512.pdbqt,-8.20,1,,39,0.2103,,0
stage1,rdk_0002418.pdbqt,-7.76,1,,30,0.2587,,0
stage1,rdk_0001047.pdbqt,-8.40,1,,23,0.3652,,0
stage1,rdk_0000255.pdbqt,-8.02,1,,30,0.2673,2.73,0
stage1,rdk_0003991.pdbqt,-4.84,1,,8,0.6048,,0
stage1,rdk_0001948.pdbqt,-6.78,1,,30,0.2261,2.45,0
stage1,rdk_0001660.pdbqt,-6.17,1,,20,0.3087,,0
stage1,rdk_0004586.pdbqt,-9.73,1,,46,0.2116,2.42,0
stage1,rdk_0003463.pdbqt,-7.84,1,,38,0.2064,2.61,0
stage1,rdk_0002711.pdbqt,-5.36,1,,11,0.4875,,0
stage1,rdk_0002014.pdbqt,-10.48,1,,29,0.3614,,0
stage1,rdk_0001544.pdbqt,-9.09,1,,21,0.4329,,0
stage1,rdk_0003037.pdbqt,-7.38,1,,53,0.1393,,0
stage1,rdk_0002330.pdbqt,-9.75,1,,31,0.3145,,0
stage1,rdk_0001742.pdbqt,-6.15,1,,20,0.3075,3.39,0
stage1,rdk_0001198.pdbqt,-9.59,1,,30,0.3196,,0
stage1,rdk_0004645.pdbqt,-8.33,1,,29,0.2871,,0
stage1,rdk_0003227.pdbqt,-8.43,1,,29,0.2905,2.06,0
stage1,rdk_0003941.pdbqt,-7.18,1,,31,0.2315,2.76,0
stage1,rdk_0001792.pdbqt,-7.05,1,,33,0.2138,2.13,0
stage1,rdk_0003324.pdbqt,-9.30,1,,36,0.2584,3.28,0
stage1,rdk_0000339.pdbqt,-7.05,1,,28,0.2518,,0
stage1,rdk_0002783.pdbqt,-6.59,1,,13,0.5069,,0
stage1,rdk_0000453.pdbqt,-8.23,1,,24,0.3431,,0
stage1,rdk_0000072.pdbqt,-6.57,1,,29,0.2266,,0
stage1,rdk_0001028.pdbqt,-6.31,1,,16,0.3946,,0
stage1,rdk_0000171.pdbqt,-6.89,1,,28,0.2462,,0
stage1,rdk_0003724.pdbqt,-7.97,1,,31,0.2573,,0
stage1,rdk_0000472.pdbqt,-8.58,1,,38,0.2257,,0
stage1,rdk_0004443.pdbqt,-6.61,1,,29,0.2278,2.16,0
stage1,rdk_0004329.pdbqt,-8.35,1,,21,0.3976,,0
stage1,rdk_0000735.pdbqt,-8.91,1,,31,0.2873,2.34,0
stage1,rdk_0002680.pdbqt,-3.74,1,,6,0.6237,,0
stage1,rdk_0003705.pdbqt,-6.24,1,,15,0.4157,,0
stage1,rdk_0002280.pdbqt,-5.02,1,,13,0.3862,2.17,0
stage1,rdk_0002886.pdbqt,-8.39,1,,24,0.3495,,0
stage1,rdk_0001428.pdbqt,-7.96,1,,21,0.3789,,0
stage1,rdk_0000685.pdbqt,-6.09,1,,34,0.1791,3.81,0
stage1,rdk_0000674.pdbqt,-5.24,1,,10,0.5243,,0
stage1,rdk_0004140.pdbqt,-8.79,1,,33,0.2664,,0
stage1,rdk_0000655.pdbqt,-7.91,1,,28,0.2826,3.30,0
stage1,rdk_0002086.pdbqt,-8.93,1,,25,0.3574,2.00,0
stage1,rdk_0004062.pdbqt,-7.38,1,,21,0.3512,,0
stage1,rdk_0004729.pdbqt,-10.40,1,,20,0.5202,,0
stage1,rdk_0004561.pdbqt,-7.74,1,,29,0.2670,2.28,0
stage1,rdk_0003903.pdbqt,-6.23,1,,22,0.2833,2.74,0
stage1,rdk_0004514.pdbqt,-9.06,1,,45,0.2012,2.17,0
stage1,rdk_0002985.pdbqt,-10.21,1,,27,0.3780,,0
stage1,rdk_0002536.pdbqt,-7.53,1,,15,0.5021,,0
stage1,rdk_0003397.pdbqt,-6.74,1,,27,0.2496,2.62,0
stage1,rdk_0002612.pdbqt,-5.00,1,,9,0.5560,,0
stage1,rdk_0000718.pdbqt,-6.39,1,,27,0.2367,,0
stage1,rdk_0000950.pdbqt,-7.46,1,,33,0.2260,,0
stage1,rdk_0000786.pdbqt,-7.27,1,,36,0.2020,2.97,0
stage1,rdk_0000872.pdbqt,-8.54,1,,22,0.3882,2.10,0
stage1,rdk_0003305.pdbqt,-9.82,1,,28,0.3508,2.24,0
stage1,rdk_0001447.pdbqt,-6.56,1,,11,0.5967,,0
stage1,rdk_0000845.pdbqt,-7.64,1,,41,0.1864,4.17,0
stage1,rdk_0001363.pdbqt,-8.17,1,,27,0.3025,2.54,0
stage1,rdk_0003560.pdbqt,-7.39,1,,35,0.2112,2.09,0
stage1,rdk_0003606.pdbqt,-6.49,1,,26,0.2495,2.79,0
stage1,rdk_0002435.pdbqt,-8.09,1,,30,0.2696,,0
stage1,rdk_0002917.pdbqt,-9.28,1,,19,0.4886,,0
stage1,rdk_0004245.pdbqt,-7.93,1,,26,0.3052,,0
stage1,rdk_0000053.pdbqt,-6.75,1,,29,0.2329,,0
stage1,rdk_0001813.pdbqt,-7.75,1,,42,0.1845,2.06,0
stage1,rdk_0002136.pdbqt,-8.09,1,,30,0.2695,,0
stage1,rdk_0000550.pdbqt,-8.56,1,,28,0.3059,,0
stage1,rdk_0004577.pdbqt,-9.65,1,,55,0.1755,2.75,0
stage1,rdk_0001511.pdbqt,-7.54,1,,18,0.4186,,0
stage1,rdk_0003939.pdbqt,-4.63,1,,9,0.5149,,0
stage1,rdk_0000469.pdbqt,-8.21,1,,23,0.3569,,0
stage1,rdk_0001260.pdbqt,-8.09,1,,27,0.2998,,0
stage1,rdk_0003294.pdbqt,-7.44,1,,27,0.2754,,0
stage1,rdk_0004037.pdbqt,-10.37,1,,20,0.5185,,0
stage1,rdk_0003269.pdbqt,-7.20,1,,22,0.3270,,0
stage1,rdk_0000150.pdbqt,-8.08,1,,25,0.3232,3.15,0
stage1,rdk_0004209.pdbqt,-9.33,1,,54,0.1728,2.23,0
stage1,rdk_0000494.pdbqt,-7.43,1,,22,0.3378,,0
stage1,rdk_0001144.pdbqt,-7.20,1,,24,0.2999,,0
stage1,rdk_0002311.pdbqt,-7.47,1,,23,0.3250,,0
stage1,rdk_0000197.pdbqt,-7.65,1,,22,0.3479,2.67,0
stage1,rdk_0002212.pdbqt,-8.37,1,,36,0.2326,,0
stage1,rdk_0000689.pdbqt,-6.03,1,,22,0.2742,2.56,0
stage1,rdk_0001930.pdbqt,-6.72,1,,20,0.3362,,0
stage1,rdk_0002460.pdbqt,-6.89,1,,13,0.5298,,0
stage1,rdk_0000377.pdbqt,-8.32,1,,35,0.2377,2.52,0
stage1,rdk_0001998.pdbqt,-10.72,1,,34,0.3154,3.09,0
stage1,rdk_0004346.pdbqt,-6.71,1,,32,0.2096,,0
stage1,rdk_0004682.pdbqt,-5.12,1,,8,0.6395,,0
stage1,rdk_0002247.pdbqt,-7.16,1,,26,0.2755,,0
stage1,rdk_0004534.pdbqt,-7.95,1,,28,0.2840,,0
stage1,rdk_0002159.pdbqt,-7.83,1,,34,0.2302,2.10,0
stage1,rdk_0000318.pdbqt,-7.16,1,,28,0.2558,2.11,0
stage1,rdk_0000274.pdbqt,-8.76,1,,37,0.2366,,0
stage1,rdk_0004940.pdbqt,-9.87,1,,34,0.2904,2.82,0
stage1,rdk_0003503.pdbqt,-7.00,1,,33,0.2122,2.66,0
stage1,rdk_0002559.pdbqt,-9.69,1,,29,0.3343,2.74,0
stage1,rdk_0002383.pdbqt,-8.10,1,,30,0.2701,2.43,0
stage1,rdk_0002744.pdbqt,-8.99,1,,30,0.2995,2.15,0
stage1,rdk_0004670.pdbqt,-8.64,1,,60,0.1440,2.77,0
stage1,rdk_0000777.pdbqt,-7.68,1,,34,0.2260,2.21,0
stage1,rdk_0000722.pdbqt,-8.47,1,,25,0.3387,,0
stage1,rdk_0002841.pdbqt,-7.09,1,,25,0.2834,,0
stage1,rdk_0003956.pdbqt,-6.34,1,,11,0.5764,,0
stage1,rdk_0001336.pdbqt,-7.35,1,,23,0.3197,,0
stage1,rdk_0000827.pdbqt,-6.80,1,,23,0.2957,,0
stage1,rdk_0003669.pdbqt,-9.53,1,,36,0.2647,3.34,0
stage1,rdk_0003224.pdbqt,-8.31,1,,59,0.1408,2.09,0
stage1,rdk_0001012.pdbqt,-9.07,1,,31,0.2925,,0
stage1,rdk_0003350.pdbqt,-10.23,1,,19,0.5384,,0
stage1,rdk_0002578.pdbqt,-7.21,1,,29,0.2487,2.13,0
stage1,rdk_0000289.pdbqt,-6.12,1,,30,0.2042,2.05,0
stage1,rdk_0003421.pdbqt,-7.36,1,,29,0.2539,2.64,0
stage1,rdk_0002039.pdbqt,-6.73,1,,35,0.1923,4.07,0
stage1,rdk_0000406.pdbqt,-7.61,1,,26,0.2928,,0
stage1,rdk_0004646.pdbqt,-6.16,1,,46,0.1339,2.67,0
stage1,rdk_0002228.pdbqt,-9.37,1,,28,0.3347,,0
stage1,rdk_0000971.pdbqt,-7.22,1,,30,0.2406,2.95,0
stage1,rdk_0003653.pdbqt,-8.95,1,,20,0.4474,,0
stage1,rdk_0003489.pdbqt,-7.15,1,,15,0.4767,,0
stage1,rdk_0004381.pdbqt,-8.29,1,,23,0.3603,2.06,0
stage1,rdk_0001828.pdbqt,-7.35,1,,31,0.2371,2.14,0
stage1,rdk_0004207.pdbqt,-8.74,1,,40,0.2186,4.16,0
stage1,rdk_0001480.pdbqt,-7.42,1,,18,0.4120,,0
stage1,rdk_0004462.pdbqt,-8.42,1,,31,0.2715,2.26,0
stage1,rdk_0003177.pdbqt,-8.25,1,,19,0.4341,,0
stage1,rdk_0001583.pdbqt,-7.87,1,,19,0.4139,,0
stage1,rdk_0004161.pdbqt,-8.81,1,,32,0.2753,2.81,0
stage1,rdk_0000006.pdbqt,-8.73,1,,15,0.5823,,0
stage1,rdk_0003892.pdbqt,-9.44,1,,28,0.3370,2.38,0
stage1,rdk_0002628.pdbqt,-8.23,1,,17,0.4843,,0
stage1,rdk_0003074.pdbqt,-8.15,1,,25,0.3259,2.11,0
stage1,rdk_0001183.pdbqt,-6.96,1,,17,0.4092,,0
stage1,rdk_0001111.pdbqt,-7.93,1,,15,0.5289,,0
stage1,rdk_0002942.pdbqt,-4.63,1,,10,0.4635,,0
stage1,rdk_0004713.pdbqt,-5.47,1,,10,0.5470,,0
stage1,rdk_0002647.pdbqt,-6.07,1,,13,0.4668,,0
stage1,rdk_0002344.pdbqt,-7.83,1,,24,0.3260,,0
stage1,rdk_0003021.pdbqt,-9.35,1,,37,0.2526,2.58,0
stage1,rdk_0004816.pdbqt,-6.84,1,,14,0.4886,,0
stage1,rdk_0002060.pdbqt,-7.78,1,,16,0.4862,,0
stage1,rdk_0003253.pdbqt,-7.95,1,,19,0.4184,,0
stage1,rdk_0001866.pdbqt,-8.97,1,,31,0.2895,2.09,0
stage1,rdk_0001635.pdbqt,-6.80,1,,20,0.3400,,0
stage1,rdk_0004058.pdbqt,-10.37,1,,40,0.2592,,0
stage1,rdk_0000094.pdbqt,-6.98,1,,23,0.3034,,0
stage1,rdk_0001763.pdbqt,-6.92,1,,37,0.1872,2.01,0
stage1,rdk_0001378.pdbqt,-8.60,1,,22,0.3910,,0
stage1,rdk_0004862.pdbqt,-7.17,1,,39,0.1839,3.76,0
stage1,rdk_0001412.pdbqt,-7.28,1,,21,0.3468,,0
stage1,rdk_0000621.pdbqt,-7.75,1,,30,0.2585,,0
stage1,rdk_0001385.pdbqt,-9.15,1,,21,0.4358,,0
stage1,rdk_0003855.pdbqt,-8.71,1,,23,0.3785,,0
stage1,rdk_0003371.pdbqt,-8.39,1,,16,0.5247,,0
stage1,rdk_0000848.pdbqt,-5.88,1,,28,0.2099,2.32,0
stage1,rdk_0003977.pdbqt,-5.17,1,,11,0.4697,,0
stage1,rdk_0004610.pdbqt,-8.75,1,,24,0.3647,2.02,0
stage1,rdk_0000597.pdbqt,-7.67,1,,24,0.3198,,0
stage1,rdk_0004781.pdbqt,-8.89,1,,34,0.2615,,0
stage1,rdk_0003797.pdbqt,-8.70,1,,31,0.2806,2.11,0
stage1,rdk_0000105.pdbqt,-7.82,1,,28,0.2793,,0
stage1,rdk_0003541.pdbqt,-7.47,1,,40,0.1867,3.31,0
stage1,rdk_0004134.pdbqt,-6.37,1,,23,0.2771,,0
stage1,rdk_0000448.pdbqt,-8.21,1,,21,0.3908,,0
stage1,rdk_0001686.pdbqt,-9.50,1,,21,0.4524,,0
stage1,rdk_0000427.pdbqt,-8.75,1,,26,0.3364,,0
stage1,rdk_0002798.pdbqt,-9.02,1,,14,0.6446,,0
stage1,rdk_0003672.pdbqt,-5.77,1,,16,0.3608,,0
stage1,rdk_0004437.pdbqt,-7.29,1,,28,0.2605,,0
stage1,rdk_0000221.pdbqt,-8.19,1,,36,0.2276,,0
stage1,rdk_0003918.pdbqt,-5.12,1,,12,0.4266,,0
stage1,rdk_0001983.pdbqt,-4.92,1,,15,0.3283,,0
stage1,rdk_0001359.pdbqt,-5.98,1,,24,0.2492,3.32,0
stage1,rdk_0000200.pdbqt,-7.28,1,,28,0.2600,,0
stage1,rdk_0000322.pdbqt,-7.50,1,,29,0.2588,,0
stage1,rdk_0001235.pdbqt,-7.18,1,,24,0.2991,2.20,0
stage1,rdk_0004313.pdbqt,-7.34,1,,41,0.1791,,0
stage1,rdk_0004934.pdbqt,-8.12,1,,15,0.5417,,0
stage1,rdk_0000069.pdbqt,-7.65,1,,23,0.3327,,0
stage1,rdk_0001614.pdbqt,-6.38,1,,16,0.3984,,0
stage1,rdk_0001317.pdbqt,-5.26,1,,10,0.5261,,0
stage1,rdk_0004631.pdbqt,-8.04,1,,19,0.4231,,0
stage1,rdk_0002441.pdbqt,-7.18,1,,23,0.3122,,0
stage1,rdk_0004879.pdbqt,-7.72,1,,35,0.2206,,0
stage1,rdk_0004115.pdbqt,-8.76,1,,14,0.6258,,0
stage1,rdk_0004746.pdbqt,-9.02,1,,29,0.3109,2.01,0
stage1,rdk_0002163.pdbqt,-7.57,1,,38,0.1992,,0
stage1,rdk_0003118.pdbqt,-7.60,1,,31,0.2451,,0
stage1,rdk_0004416.pdbqt,-5.99,1,,12,0.4992,,0
stage1,rdk_0002666.pdbqt,-4.09,1,,8,0.5115,,0
stage1,rdk_0002142.pdbqt,-7.01,1,,26,0.2698,,0
stage1,rdk_0001080.pdbqt,-8.39,1,,40,0.2097,,0
stage1,rdk_0001530.pdbqt,-6.85,1,,24,0.2856,,0
stage1,rdk_0001433.pdbqt,-7.10,1,,20,0.3549,,0
stage1,rdk_0000703.pdbqt,-7.39,1,,27,0.2737,,0
stage1,rdk_0001130.pdbqt,-6.22,1,,19,0.3274,,0
stage1,rdk_0001759.pdbqt,-10.60,1,,32,0.3311,,0
stage1,rdk_0004458.pdbqt,-8.25,1,,30,0.2750,2.01,0
stage1,rdk_0000124.pdbqt,-8.70,1,,32,0.2719,,0
stage1,rdk_0000505.pdbqt,-7.85,1,,25,0.3140,2.54,0
stage1,rdk_0002963.pdbqt,-6.74,1,,20,0.3371,,0
stage1,rdk_0002365.pdbqt,-7.98,1,,27,0.2957,,0
stage1,rdk_0002542.pdbqt,-7.37,1,,14,0.5267,,0
stage1,rdk_0003881.pdbqt,-6.36,1,,74,0.0859,,0
stage1,rdk_0004732.pdbqt,-7.21,1,,13,0.5548,,0
stage1,rdk_0003750.pdbqt,-8.41,1,,26,0.3234,,0
stage1,rdk_0003539.pdbqt,-7.56,1,,27,0.2799,,0
stage1,rdk_0000791.pdbqt,-7.77,1,,32,0.2428,,0
stage1,rdk_0002398.pdbqt,-6.17,1,,21,0.2936,2.61,0
stage1,rdk_0000391.pdbqt,-7.64,1,,19,0.4020,,0
stage1,rdk_0004884.pdbqt,-9.19,1,,39,0.2357,,0
stage1,rdk_0003384.pdbqt,-7.58,1,,67,0.1131,,0
stage1,rdk_0004231.pdbqt,-9.49,1,,18,0.5271,,0
stage1,rdk_0003139.pdbqt,-9.91,1,,26,0.3813,,0
stage1,rdk_0004084.pdbqt,-7.67,1,,25,0.3068,,0
stage1,rdk_0001286.pdbqt,-8.24,1,,17,0.4845,2.01,0
stage1,rdk_0002765.pdbqt,-8.07,1,,31,0.2605,,0
stage1,rdk_0000027.pdbqt,-5.60,1,,10,0.5599,,0
stage1,rdk_0003771.pdbqt,-6.72,1,,11,0.6105,,0
stage1,rdk_0002563.pdbqt,-7.05,1,,36,0.1959,,0
stage1,rdk_0000600.pdbqt,-8.13,1,,27,0.3012,,0
stage1,rdk_0004299.pdbqt,-10.96,1,,47,0.2332,2.24,0
stage1,rdk_0001214.pdbqt,-6.30,1,,23,0.2738,,0
stage1,rdk_0002992.pdbqt,-3.37,1,,7,0.4817,,0
stage1,rdk_0004608.pdbqt,-8.60,1,,59,0.1458,4.03,0
stage1,rdk_0001833.pdbqt,-7.82,1,,36,0.2171,2.10,0
stage1,rdk_0000524.pdbqt,-6.21,1,,18,0.3447,,0
stage1,rdk_0001880.pdbqt,-6.83,1,,18,0.3796,,0
stage1,rdk_0001911.pdbqt,-10.33,1,,29,0.3561,2.02,0
stage1,rdk_0003474.pdbqt,-6.33,1,,30,0.2109,2.80,0
stage1,rdk_0003694.pdbqt,-7.84,1,,32,0.2449,2.28,0
stage1,rdk_0003156.pdbqt,-8.25,1,,24,0.3439,,0
stage1,rdk_0003211.pdbqt,-5.80,1,,15,0.3867,,0
stage1,rdk_0002697.pdbqt,-6.47,1,,12,0.5395,,0
stage1,rdk_0004502.pdbqt,-8.55,1,,45,0.1901,3.10,0
stage1,rdk_0003089.pdbqt,-9.33,1,,40,0.2332,2.43,0
stage1,rdk_0002209.pdbqt,-8.26,1,,36,0.2294,,0
stage1,rdk_0002609.pdbqt,-7.99,1,,22,0.3632,,0
stage1,rdk_0002860.pdbqt,-8.68,1,,34,0.2554,,0
stage1,rdk_0000905.pdbqt,-7.71,1,,24,0.3213,2.24,0
stage1,rdk_0002369.pdbqt,-8.04,1,,18,0.4469,2.77,0
stage1,rdk_0002825.pdbqt,0.76,1,,89,-0.0085,3.91,0
stage1,rdk_0000360.pdbqt,-8.02,1,,25,0.3206,,0
stage1,rdk_0004187.pdbqt,-8.59,1,,27,0.3182,,0
stage1,rdk_0001871.pdbqt,-8.10,1,,17,0.4763,,0
stage1,rdk_0004935.pdbqt,-7.52,1,,45,0.1672,4.63,0
stage1,rdk_0004484.pdbqt,-10.01,1,,26,0.3848,,0
stage1,rdk_0002521.pdbqt,-6.12,1,,15,0.4082,,0
stage1,rdk_0003459.pdbqt,-7.08,1,,12,0.5902,,0
stage1,rdk_0004417.pdbqt,-6.64,1,,47,0.1412,3.40,0
stage1,rdk_0000663.pdbqt,-10.30,1,,21,0.4905,,0
stage1,rdk_0002266.pdbqt,-6.99,1,,36,0.1943,,0
stage1,rdk_0004176.pdbqt,-6.01,1,,11,0.5466,,0
stage1,rdk_0004079.pdbqt,-7.77,1,,26,0.2987,2.13,0
stage1,rdk_0000547.pdbqt,-7.41,1,,28,0.2647,,0
stage1,rdk_0004252.pdbqt,-9.19,1,,20,0.4595,2.15,0
stage1,rdk_0004587.pdbqt,-9.54,1,,35,0.2727,,0
stage1,rdk_0004488.pdbqt,-6.65,1,,16,0.4154,,0
stage1,rdk_0000303.pdbqt,-6.43,1,,28,0.2295,,0
stage1,rdk_0000692.pdbqt,-5.76,1,,22,0.2617,,0
stage1,rdk_0001389.pdbqt,-7.21,1,,17,0.4241,,0
stage1,rdk_0001754.pdbqt,-7.74,1,,52,0.1488,3.67,0
stage1,rdk_0001450.pdbqt,-6.10,1,,12,0.5080,,0
stage1,rdk_0004479.pdbqt,-10.26,1,,29,0.3537,,0
stage1,rdk_0000997.pdbqt,-8.26,1,,38,0.2173,,0
stage1,rdk_0001218.pdbqt,-5.87,1,,25,0.2350,,0
stage1,rdk_0002900.pdbqt,-9.11,1,,18,0.5058,,0
stage1,rdk_0003712.pdbqt,-8.37,1,,22,0.3803,2.14,0
stage1,rdk_0003889.pdbqt,-7.72,1,,30,0.2574,3.07,0
stage1,rdk_0003135.pdbqt,-6.61,1,,26,0.2542,2.42,0
stage1,rdk_0003518.pdbqt,-7.36,1,,34,0.2166,3.83,0
stage1,rdk_0002605.pdbqt,-7.65,1,,28,0.2731,,0
stage1,rdk_0000909.pdbqt,-8.20,1,,24,0.3415,,0
stage1,rdk_0000924.pdbqt,-9.48,1,,33,0.2874,2.45,0
stage1,rdk_0002121.pdbqt,-8.01,1,,22,0.3639,,0
stage1,rdk_0002803.pdbqt,-7.49,1,,19,0.3939,,0
stage1,rdk_0002394.pdbqt,-7.34,1,,27,0.2718,2.17,0
stage1,rdk_0000894.pdbqt,-8.12,1,,41,0.1980,,0
stage1,rdk_0003683.pdbqt,-8.15,1,,15,0.5431,,0
stage1,rdk_0001050.pdbqt,-6.33,1,,21,0.3012,,0
stage1,rdk_0001153.pdbqt,-7.87,1,,26,0.3028,,0
stage1,rdk_0001277.pdbqt,-3.56,1,,26,0.1368,,0
stage1,rdk_0003283.pdbqt,-8.45,1,,27,0.3129,2.29,0
stage1,rdk_0000528.pdbqt,-9.40,1,,26,0.3616,,0
stage1,rdk_0003780.pdbqt,-8.21,1,,26,0.3160,2.05,0
stage1,rdk_0002891.pdbqt,-7.60,1,,11,0.6905,,0
stage1,rdk_0004652.pdbqt,-8.73,1,,21,0.4155,,0
stage1,rdk_0001972.pdbqt,-9.61,1,,33,0.2912,,0
stage1,rdk_0000147.pdbqt,-6.04,1,,19,0.3178,,0
stage1,rdk_0004351.pdbqt,-7.44,1,,27,0.2756,,0
stage1,rdk_0003874.pdbqt,-5.78,1,,52,0.1112,,0
stage1,rdk_0002794.pdbqt,-6.96,1,,21,0.3314,,0
stage1,rdk_0003611.pdbqt,-6.34,1,,16,0.3960,2.00,0
stage1,rdk_0000760.pdbqt,-8.14,1,,22,0.3702,,0
stage1,rdk_0001716.pdbqt,-8.76,1,,58,0.1511,3.39,0
stage1,rdk_0002769.pdbqt,-7.42,1,,23,0.3227,,0
stage1,rdk_0004088.pdbqt,-7.02,1,,24,0.2924,,0
stage1,rdk_0002035.pdbqt,-7.87,1,,48,0.1640,2.01,0
stage1,rdk_0000865.pdbqt,-8.42,1,,21,0.4011,,0
stage1,rdk_0001721.pdbqt,-6.23,1,,40,0.1558,2.00,0
stage1,rdk_0000263.pdbqt,-8.56,1,,26,0.3291,,0
stage1,rdk_0000444.pdbqt,-7.86,1,,29,0.2709,,0
stage1,rdk_0001618.pdbqt,-6.33,1,,17,0.3723,,0
stage1,rdk_0003878.pdbqt,-10.13,1,,38,0.2665,2.32,0
stage1,rdk_0002422.pdbqt,-8.32,1,,31,0.2684,,0
stage1,rdk_0002500.pdbqt,-7.24,1,,14,0.5169,,0
stage1,rdk_0003485.pdbqt,-6.30,1,,17,0.3708,2.05,0
stage1,rdk_0004282.pdbqt,-9.14,1,,42,0.2175,2.75,0
stage1,rdk_0000128.pdbqt,-8.14,1,,26,0.3132,2.35,0
stage1,rdk_0004475.pdbqt,-8.11,1,,30,0.2703,2.35,0
stage1,rdk_0001850.pdbqt,-7.68,1,,20,0.3842,,0
stage1,rdk_0003885.pdbqt,-9.12,1,,33,0.2763,2.22,0
stage1,rdk_0003455.pdbqt,-9.79,1,,35,0.2797,2.92,0
stage1,rdk_0003186.pdbqt,-7.00,1,,17,0.4119,,0
stage1,rdk_0002921.pdbqt,-5.42,1,,13,0.4167,,0
stage1,rdk_0001256.pdbqt,-4.71,1,,14,0.3364,2.03,0
stage1,rdk_0003059.pdbqt,-7.93,1,,29,0.2735,2.31,0
stage1,rdk_0000898.pdbqt,-7.59,1,,28,0.2710,,0
stage1,rdk_0004515.pdbqt,-7.98,1,,36,0.2217,3.22,0
stage1,rdk_0002624.pdbqt,-4.50,1,,7,0.6426,,0
stage1,rdk_0002297.pdbqt,-8.30,1,,33,0.2515,,0
stage1,rdk_0003272.pdbqt,-9.56,1,,36,0.2655,2.43,0
stage1,rdk_0003312.pdbqt,-8.86,1,,26,0.3407,2.01,0
stage1,rdk_0003836.pdbqt,-8.96,1,,15,0.5971,,0
stage1,rdk_0004875.pdbqt,-7.51,1,,29,0.2588,,0
stage1,rdk_0003119.pdbqt,-8.19,1,,61,0.1342,2.64,0
stage1,rdk_0001677.pdbqt,-7.61,1,,25,0.3045,,0
stage1,rdk_0003986.pdbqt,-6.01,1,,23,0.2613,,0
stage1,rdk_0000098.pdbqt,-7.90,1,,20,0.3948,,0
stage1,rdk_0000966.pdbqt,-7.40,1,,32,0.2312,2.84,0
stage1,rdk_0001471.pdbqt,-5.91,1,,16,0.3694,,0
stage1,rdk_0002978.pdbqt,-8.81,1,,43,0.2049,4.11,0
stage1,rdk_0003733.pdbqt,-6.50,1,,12,0.5416,,0
stage1,rdk_0002091.pdbqt,-8.25,1,,22,0.3751,,0
stage1,rdk_0000566.pdbqt,-6.07,1,,19,0.3195,,0
stage1,rdk_0004888.pdbqt,-7.76,1,,29,0.2677,,0
stage1,rdk_0002306.pdbqt,-8.09,1,,31,0.2611,,0
stage1,rdk_0003114.pdbqt,-6.89,1,,14,0.4919,,0
stage1,rdk_0000292.pdbqt,-7.78,1,,35,0.2222,3.39,0
stage1,rdk_0003417.pdbqt,-3.89,1,,7,0.5557,,0
stage1,rdk_0002003.pdbqt,-8.24,1,,25,0.3298,,0
stage1,rdk_0003230.pdbqt,-6.55,1,,14,0.4679,,0
stage1,rdk_0000642.pdbqt,-5.73,1,,12,0.4773,,0
stage1,rdk_0002706.pdbqt,-7.67,1,,31,0.2475,,0
stage1,rdk_0000048.pdbqt,-8.26,1,,37,0.2233,3.34,0
stage1,rdk_0001778.pdbqt,-7.56,1,,32,0.2363,,0
stage1,rdk_0001553.pdbqt,-8.46,1,,25,0.3382,2.18,0
stage1,rdk_0001784.pdbqt,-7.59,1,,58,0.1308,,0
stage1,rdk_0000166.pdbqt,-7.98,1,,21,0.3799,,0
stage1,rdk_0001239.pdbqt,-5.39,1,,14,0.3851,,0
stage1,rdk_0000741.pdbqt,-6.16,1,,11,0.5604,,0
stage1,rdk_0002592.pdbqt,-7.65,1,,27,0.2833,,0
stage1,rdk_0001809.pdbqt,-7.61,1,,48,0.1586,,0
stage1,rdk_0002491.pdbqt,-6.50,1,,12,0.5418,,0
stage1,rdk_0003514.pdbqt,-7.80,1,,17,0.4591,,0
stage1,rdk_0001172.pdbqt,-6.12,1,,24,0.2550,,0
stage1,rdk_0004157.pdbqt,-8.74,1,,29,0.3015,,0
stage1,rdk_0004273.pdbqt,-7.56,1,,32,0.2362,,0
stage1,rdk_0001639.pdbqt,-9.32,1,,19,0.4905,,0
stage1,rdk_0000806.pdbqt,-10.22,1,,41,0.2493,2.42,0
stage1,rdk_0004538.pdbqt,-7.77,1,,27,0.2878,,0
stage1,rdk_0001953.pdbqt,-7.59,1,,24,0.3162,,0
stage1,rdk_0001374.pdbqt,-8.19,1,,36,0.2275,3.01,0
stage1,rdk_0003859.pdbqt,-9.73,1,,28,0.3476,,0
stage1,rdk_0000341.pdbqt,-7.15,1,,24,0.2980,2.41,0
stage1,rdk_0000509.pdbqt,-7.12,1,,28,0.2542,2.07,0
stage1,rdk_0001774.pdbqt,-6.88,1,,31,0.2220,2.55,0
stage1,rdk_0000947.pdbqt,-8.17,1,,29,0.2818,,0
stage1,rdk_0002327.pdbqt,-7.88,1,,28,0.2816,2.76,0
stage1,rdk_0001847.pdbqt,-7.65,1,,48,0.1594,2.59,0
stage1,rdk_0001572.pdbqt,-8.39,1,,16,0.5247,,0
stage1,rdk_0002224.pdbqt,-7.63,1,,23,0.3318,,0
stage1,rdk_0004557.pdbqt,-8.05,1,,22,0.3661,,0
stage1,rdk_0002192.pdbqt,-8.09,1,,29,0.2788,,0
stage1,rdk_0000869.pdbqt,-8.99,1,,44,0.2043,2.80,0
stage1,rdk_0002205.pdbqt,-8.67,1,,38,0.2281,,0
stage1,rdk_0004054.pdbqt,-5.92,1,,15,0.3950,,0
stage1,rdk_0003586.pdbqt,-7.90,1,,16,0.4936,,0
stage1,rdk_0002348.pdbqt,-7.81,1,,30,0.2605,,0
stage1,rdk_0003017.pdbqt,-7.64,1,,24,0.3185,2.11,0
stage1,rdk_0004370.pdbqt,-9.25,1,,24,0.3856,,0
stage1,rdk_0003664.pdbqt,-6.08,1,,12,0.5070,,0
stage1,rdk_0003436.pdbqt,-7.45,1,,33,0.2257,2.19,0
stage1,rdk_0003367.pdbqt,-4.85,1,,11,0.4411,,0
stage1,rdk_0002727.pdbqt,-6.76,1,,20,0.3379,2.34,0
stage1,rdk_0000431.pdbqt,-5.80,1,,17,0.3414,,0
stage1,rdk_0001968.pdbqt,-7.29,1,,22,0.3313,,0
stage1,rdk_0003699.pdbqt,-7.54,1,,20,0.3769,,0
stage1,rdk_0004858.pdbqt,-9.62,1,,41,0.2346,2.43,0
stage1,rdk_0000498.pdbqt,-8.18,1,,29,0.2822,,0
stage1,rdk_0003478.pdbqt,-8.65,1,,34,0.2545,3.26,0
stage1,rdk_0004770.pdbqt,-7.47,1,,36,0.2074,,0
stage1,rdk_0002822.pdbqt,-6.84,1,,23,0.2974,,0
stage1,rdk_0004938.pdbqt,-10.33,1,,34,0.3039,,0
stage1,rdk_0001995.pdbqt,-7.36,1,,14,0.5255,,0
stage1,rdk_0000715.pdbqt,-6.65,1,,21,0.3167,,0
stage1,rdk_0001549.pdbqt,-6.67,1,,22,0.3033,,0
stage1,rdk_0003043.pdbqt,-9.23,1,,20,0.4614,,0
stage1,rdk_0003935.pdbqt,-7.22,1,,29,0.2490,,0
stage1,rdk_0004332.pdbqt,-9.50,1,,43,0.2210,2.72,0
stage1,rdk_0000882.pdbqt,-6.93,1,,20,0.3466,,0
stage1,rdk_0000065.pdbqt,-8.00,1,,28,0.2857,3.17,0
stage1,rdk_0001393.pdbqt,-8.22,1,,22,0.3737,,0
stage1,rdk_0002022.pdbqt,-8.19,1,,37,0.2213,2.79,0
stage1,rdk_0001602.pdbqt,-7.67,1,,17,0.4512,,0
stage1,rdk_0003085.pdbqt,-7.62,1,,45,0.1692,,0
stage1,rdk_0001355.pdbqt,-8.29,1,,27,0.3072,2.29,0
stage1,rdk_0002403.pdbqt,-9.58,1,,29,0.3304,2.18,0
stage1,rdk_0000132.pdbqt,-6.84,1,,23,0.2973,2.30,0
stage1,rdk_0001907.pdbqt,-7.86,1,,17,0.4625,2.30,0
stage1,rdk_0001690.pdbqt,-8.61,1,,19,0.4530,2.33,0
stage1,rdk_0002100.pdbqt,-7.23,1,,33,0.2192,,0
stage1,rdk_0003380.pdbqt,-6.88,1,,43,0.1599,,0
stage1,rdk_0000044.pdbqt,-8.46,1,,30,0.2819,2.31,0
stage1,rdk_0000242.pdbqt,-7.71,1,,34,0.2267,,0
stage1,rdk_0002554.pdbqt,-4.37,1,,8,0.5465,,0
stage1,rdk_0002457.pdbqt,-6.87,1,,16,0.4293,2.07,0
stage1,rdk_0002270.pdbqt,-7.87,1,,23,0.3423,,0
stage1,rdk_0004000.pdbqt,-6.26,1,,12,0.5215,,0
stage1,rdk_0004627.pdbqt,-6.93,1,,24,0.2888,,0
stage1,rdk_0000387.pdbqt,-6.24,1,,14,0.4455,,0
stage1,rdk_0000679.pdbqt,-5.44,1,,10,0.5444,,0
stage1,rdk_0001033.pdbqt,-8.85,1,,46,0.1924,2.80,0
stage1,rdk_0004591.pdbqt,-8.65,1,,27,0.3204,2.21,0
stage1,rdk_0002057.pdbqt,-7.49,1,,14,0.5347,,0
stage1,rdk_0004016.pdbqt,-8.30,1,,38,0.2185,3.52,0
stage1,rdk_0004724.pdbqt,-6.55,1,,16,0.4096,,0
stage1,rdk_0003556.pdbqt,-8.71,1,,43,0.2026,3.08,0
stage1,rdk_0001025.pdbqt,-6.28,1,,18,0.3489,,0
stage1,rdk_0002670.pdbqt,-6.21,1,,14,0.4436,,0
stage1,rdk_0001789.pdbqt,-6.79,1,,33,0.2056,2.32,0
stage1,rdk_0001126.pdbqt,-7.19,1,,22,0.3267,,0
stage1,rdk_0001656.pdbqt,-7.42,1,,30,0.2473,2.27,0
stage1,rdk_0002876.pdbqt,-9.35,1,,22,0.4251,2.10,0
stage1,rdk_0003767.pdbqt,-6.20,1,,11,0.5637,,0
stage1,rdk_0004673.pdbqt,-7.77,1,,31,0.2507,2.61,0
stage1,rdk_0001526.pdbqt,-7.40,1,,23,0.3219,2.31,0
stage1,rdk_0003333.pdbqt,-10.46,1,,35,0.2989,2.06,0
stage1,rdk_0000928.pdbqt,-8.92,1,,43,0.2074,,0
stage1,rdk_0000109.pdbqt,-7.92,1,,27,0.2933,2.04,0
stage1,rdk_0001301.pdbqt,-6.31,1,,23,0.2742,3.11,0
stage1,rdk_0000981.pdbqt,-7.10,1,,17,0.4174,,0
stage1,rdk_0001071.pdbqt,-9.21,1,,31,0.2972,2.37,0
stage1,rdk_0004492.pdbqt,-9.46,1,,21,0.4507,,0
stage1,rdk_0004400.pdbqt,-9.01,1,,22,0.4095,,0
stage1,rdk_0004191.pdbqt,-4.40,1,,10,0.4404,,0
stage1,rdk_0002438.pdbqt,-7.36,1,,34,0.2165,,0
stage1,rdk_0001425.pdbqt,-7.34,1,,23,0.3191,,0
stage1,rdk_0003299.pdbqt,-6.07,1,,19,0.3193,2.14,0
stage1,rdk_0003264.pdbqt,-7.05,1,,17,0.4150,,0
stage1,rdk_0002773.pdbqt,-7.69,1,,20,0.3844,,0
stage1,rdk_0004606.pdbqt,-5.84,1,,10,0.5837,,0
stage1,rdk_0003540.pdbqt,-6.80,1,,27,0.2518,,0
stage1,rdk_0003817.pdbqt,-8.86,1,,47,0.1885,2.38,0
stage1,rdk_0001701.pdbqt,-6.27,1,,21,0.2987,2.23,0
stage1,rdk_0002476.pdbqt,-6.74,1,,11,0.6128,,0
stage1,rdk_0003443.pdbqt,-6.71,1,,20,0.3356,,0
stage1,rdk_0000258.pdbqt,-8.60,1,,23,0.3738,,0
stage1,rdk_0000913.pdbqt,-7.40,1,,22,0.3364,,0
stage1,rdk_0003036.pdbqt,-8.22,1,,36,0.2283,2.39,0
stage1,rdk_0002154.pdbqt,-7.55,1,,35,0.2158,,0
stage1,rdk_0001623.pdbqt,-5.12,1,,13,0.3938,,0
stage1,rdk_0004305.pdbqt,-9.24,1,,19,0.4863,,0
stage1,rdk_0004248.pdbqt,-10.06,1,,21,0.4791,2.15,0
stage1,rdk_0002251.pdbqt,-6.90,1,,21,0.3285,,0
stage1,rdk_0001202.pdbqt,-7.93,1,,32,0.2478,,0
stage1,rdk_0002857.pdbqt,-5.13,1,,8,0.6415,,0
stage1,rdk_0004021.pdbqt,-8.05,1,,22,0.3657,,0
stage1,rdk_0000616.pdbqt,-8.03,1,,27,0.2973,,0
stage1,rdk_0004522.pdbqt,-9.44,1,,20,0.4719,,0
stage1,rdk_0004915.pdbqt,-11.04,1,,45,0.2453,2.84,0
stage1,rdk_0003308.pdbqt,-8.51,1,,30,0.2838,,0
stage1,rdk_0001507.pdbqt,-7.33,1,,17,0.4314,,0
stage1,rdk_0000482.pdbqt,-5.52,1,,12,0.4602,,0
stage1,rdk_0001320.pdbqt,-6.55,1,,17,0.3852,,0
stage1,rdk_0002838.pdbqt,-2.62,1,,4,0.6540,,0
stage1,rdk_0001896.pdbqt,-5.99,1,,25,0.2396,,0
stage1,rdk_0001595.pdbqt,-5.18,1,,15,0.3452,,0
stage1,rdk_0000181.pdbqt,-6.05,1,,17,0.3562,,0
stage1,rdk_0003940.pdbqt,-4.89,1,,9,0.5436,,0
stage1,rdk_0004227.pdbqt,-8.94,1,,26,0.3439,2.12,0
stage1,rdk_0000284.pdbqt,-6.93,1,,29,0.2391,2.06,0
stage1,rdk_0002752.pdbqt,-6.95,1,,24,0.2898,,0
stage1,rdk_0000465.pdbqt,-9.04,1,,42,0.2154,2.21,0
stage1,rdk_0003961.pdbqt,-7.62,1,,24,0.3173,,0
stage1,rdk_0002188.pdbqt,-7.80,1,,29,0.2691,,0
stage1,rdk_0000831.pdbqt,-8.00,1,,20,0.4000,,0
stage1,rdk_0004821.pdbqt,-7.63,1,,33,0.2311,,0
stage1,rdk_0000279.pdbqt,-7.54,1,,31,0.2431,2.49,0
stage1,rdk_0003062.pdbqt,-6.09,1,,13,0.4682,,0
stage1,rdk_0003140.pdbqt,-9.52,1,,31,0.3070,,0
stage1,rdk_0000216.pdbqt,-7.83,1,,37,0.2115,,0
stage1,rdk_0003862.pdbqt,-8.09,1,,25,0.3235,2.41,0
stage1,rdk_0003206.pdbqt,-7.47,1,,42,0.1780,3.00,0
stage1,rdk_0004694.pdbqt,-5.51,1,,10,0.5509,,0
stage1,rdk_0003708.pdbqt,-7.86,1,,24,0.3273,2.15,0
stage1,rdk_0002175.pdbqt,-5.21,1,,23,0.2267,,0
stage1,rdk_0001568.pdbqt,-6.15,1,,20,0.3073,,0
stage1,rdk_0001096.pdbqt,-7.84,1,,19,0.4127,2.09,0
stage1,rdk_0004669.pdbqt,-4.36,1,,10,0.4356,,0
stage1,rdk_0000532.pdbqt,-8.74,1,,25,0.3496,,0
stage1,rdk_0004397.pdbqt,-8.60,1,,22,0.3909,,0
stage1,rdk_0003880.pdbqt,-2.89,1,,71,0.0407,,0
stage1,rdk_0001290.pdbqt,-7.19,1,,23,0.3127,3.30,0
stage1,rdk_0001195.pdbqt,-5.28,1,,10,0.5278,,0
stage1,rdk_0003161.pdbqt,-5.22,1,,9,0.5799,,0
stage1,rdk_0002019.pdbqt,-8.46,1,,22,0.3847,,0
stage1,rdk_0001496.pdbqt,-8.29,1,,23,0.3605,,0
stage1,rdk_0002748.pdbqt,-8.81,1,,30,0.2938,2.49,0
stage1,rdk_0001949.pdbqt,-6.53,1,,20,0.3264,,0
stage1,rdk_0003800.pdbqt,-6.75,1,,40,0.1687,2.25,0
stage1,rdk_0004503.pdbqt,-10.52,1,,35,0.3006,3.14,0
stage1,rdk_0002988.pdbqt,-9.10,1,,31,0.2936,,0
stage1,rdk_0001149.pdbqt,-8.41,1,,35,0.2402,2.51,0
stage1,rdk_0003462.pdbqt,-5.96,1,,11,0.5416,,0
stage1,rdk_0000932.pdbqt,-6.09,1,,14,0.4353,,0
stage1,rdk_0002076.pdbqt,-5.28,1,,12,0.4403,,0
stage1,rdk_0002588.pdbqt,-5.36,1,,10,0.5355,,0
stage1,rdk_0004454.pdbqt,-6.00,1,,33,0.1818,2.31,0
stage1,rdk_0002041.pdbqt,-6.51,1,,35,0.1860,3.29,0
stage1,rdk_0000010.pdbqt,-7.74,1,,19,0.4076,,0
stage1,rdk_0001804.pdbqt,-7.58,1,,31,0.2447,2.08,0
stage1,rdk_0004519.pdbqt,-7.72,1,,36,0.2144,2.88,0
stage1,rdk_0003645.pdbqt,-7.83,1,,24,0.3263,,0
stage1,rdk_0000844.pdbqt,-7.29,1,,35,0.2084,3.36,0
stage1,rdk_0000031.pdbqt,-8.63,1,,25,0.3451,3.92,0
stage1,rdk_0000410.pdbqt,-8.17,1,,29,0.2817,,0
stage1,rdk_0000237.pdbqt,-7.94,1,,31,0.2561,,0
stage1,rdk_0002651.pdbqt,-3.62,1,,6,0.6027,,0
stage1,rdk_0001926.pdbqt,-7.25,1,,29,0.2501,2.54,0
stage1,rdk_0004922.pdbqt,-8.18,1,,36,0.2272,3.34,0
stage1,rdk_0000658.pdbqt,-6.26,1,,17,0.3684,,0
stage1,rdk_0004442.pdbqt,-6.01,1,,12,0.5011,,0
stage1,rdk_0003914.pdbqt,-6.16,1,,34,0.1812,,0
stage1,rdk_0003245.pdbqt,-9.01,1,,22,0.4096,,0
stage1,rdk_0004892.pdbqt,-7.13,1,,28,0.2548,,0
stage1,rdk_0003746.pdbqt,-7.67,1,,18,0.4259,,0
stage1,rdk_0004269.pdbqt,-7.04,1,,21,0.3350,,0
stage1,rdk_0000334.pdbqt,-7.07,1,,24,0.2944,2.21,0
stage1,rdk_0001199.pdbqt,-6.93,1,,16,0.4331,,0
stage1,rdk_0004854.pdbqt,-8.23,1,,43,0.1915,3.25,0
stage1,rdk_0000810.pdbqt,-7.42,1,,36,0.2061,3.17,0
stage1,rdk_0001404.pdbqt,-7.65,1,,19,0.4027,2.06,0
stage1,rdk_0000113.pdbqt,-7.42,1,,27,0.2750,2.39,0
stage1,rdk_0002373.pdbqt,-8.88,1,,33,0.2692,2.06,0
stage1,rdk_0002516.pdbqt,-6.31,1,,14,0.4505,,0
stage1,rdk_0000581.pdbqt,-7.59,1,,23,0.3302,,0
stage1,rdk_0001467.pdbqt,-6.39,1,,20,0.3197,,0
stage1,rdk_0002632.pdbqt,-7.34,1,,17,0.4316,,0
stage1,rdk_0002352.pdbqt,-10.00,1,,22,0.4545,,0
stage1,rdk_0000082.pdbqt,-7.07,1,,21,0.3366,,0
stage1,rdk_0003249.pdbqt,-6.85,1,,19,0.3604,2.04,0
stage1,rdk_0004092.pdbqt,-6.71,1,,31,0.2166,2.30,0
stage1,rdk_0001164.pdbqt,-6.12,1,,18,0.3398,,0
stage1,rdk_0002819.pdbqt,-7.09,1,,47,0.1508,,0
stage1,rdk_0003843.pdbqt,-6.95,1,,24,0.2895,3.13,0
stage1,rdk_0003729.pdbqt,-8.38,1,,27,0.3102,,0
stage1,rdk_0001168.pdbqt,-7.14,1,,26,0.2748,,0
stage1,rdk_0002831.pdbqt,-6.23,1,,77,0.0810,,0
stage1,rdk_0004648.pdbqt,-9.23,1,,36,0.2564,3.17,0
stage1,rdk_0003190.pdbqt,-8.96,1,,20,0.4482,,0
stage1,rdk_0002975.pdbqt,-9.95,1,,34,0.2926,2.23,0
stage1,rdk_0002584.pdbqt,-7.92,1,,22,0.3601,,0
stage1,rdk_0002015.pdbqt,-7.41,1,,25,0.2963,,0
stage1,rdk_0000357.pdbqt,-7.92,1,,25,0.3170,,0
stage1,rdk_0004705.pdbqt,-7.70,1,,25,0.3079,,0
stage1,rdk_0003561.pdbqt,-6.36,1,,20,0.3178,,0
stage1,rdk_0003713.pdbqt,-8.78,1,,53,0.1656,3.52,0
stage1,rdk_0000734.pdbqt,-5.39,1,,18,0.2993,2.33,0
stage1,rdk_0001107.pdbqt,-7.86,1,,25,0.3142,2.10,0
stage1,rdk_0002184.pdbqt,-8.49,1,,22,0.3859,,0
stage1,rdk_0004103.pdbqt,-8.38,1,,39,0.2148,,0
stage1,rdk_0003102.pdbqt,-8.06,1,,28,0.2877,,0
stage1,rdk_0000654.pdbqt,-6.57,1,,24,0.2736,,0
stage1,rdk_0004800.pdbqt,-6.93,1,,26,0.2666,2.70,0
stage1,rdk_0002487.pdbqt,-5.35,1,,9,0.5947,,0
stage1,rdk_0000570.pdbqt,-10.67,1,,21,0.5082,,0
stage1,rdk_0002331.pdbqt,-9.48,1,,31,0.3060,,0
stage1,rdk_0001240.pdbqt,-4.71,1,,12,0.3925,,0
stage1,rdk_0002937.pdbqt,-7.50,1,,31,0.2418,,0
stage1,rdk_0001004.pdbqt,-8.46,1,,35,0.2418,2.68,0
stage1,rdk_0004709.pdbqt,-6.71,1,,21,0.3194,,0
stage1,rdk_0004265.pdbqt,-7.82,1,,20,0.3910,2.29,0
stage1,rdk_0004294.pdbqt,-7.68,1,,30,0.2559,,0
stage1,rdk_0000338.pdbqt,-6.35,1,,26,0.2442,,0
stage1,rdk_0000852.pdbqt,-9.83,1,,22,0.4467,,0
stage1,rdk_0000170.pdbqt,-5.79,1,,12,0.4828,2.04,0
stage1,rdk_0002179.pdbqt,-8.01,1,,25,0.3204,,0
stage1,rdk_0003226.pdbqt,-8.11,1,,19,0.4269,,0
stage1,rdk_0001408.pdbqt,-6.92,1,,22,0.3147,2.08,0
stage1,rdk_0004309.pdbqt,-7.92,1,,18,0.4397,,0
stage1,rdk_0003346.pdbqt,-8.83,1,,30,0.2944,2.10,0
stage1,rdk_0003329.pdbqt,-9.41,1,,34,0.2767,,0
stage1,rdk_0003923.pdbqt,-6.30,1,,13,0.4848,,0
stage1,rdk_0002419.pdbqt,-8.52,1,,30,0.2840,2.22,0
stage1,rdk_0003590.pdbqt,-5.26,1,,14,0.3755,,0
stage1,rdk_0004141.pdbqt,-6.67,1,,27,0.2469,2.75,0
stage1,rdk_0000787.pdbqt,-7.11,1,,36,0.1974,3.46,0
stage1,rdk_0003725.pdbqt,-7.29,1,,19,0.3835,,0
stage1,rdk_0002415.pdbqt,-5.58,1,,13,0.4293,,0
stage1,rdk_0002834.pdbqt,-6.35,1,,20,0.3173,2.11,0
stage1,rdk_0001343.pdbqt,-5.71,1,,19,0.3003,,0
stage1,rdk_0001640.pdbqt,-7.50,1,,15,0.4999,,0
stage1,rdk_0001599.pdbqt,-7.53,1,,21,0.3586,,0
stage1,rdk_0002575.pdbqt,-7.45,1,,34,0.2190,,0
stage1,rdk_0003122.pdbqt,-8.90,1,,49,0.1816,3.61,0
stage1,rdk_0002958.pdbqt,-8.90,1,,22,0.4046,3.50,0
stage1,rdk_0001743.pdbqt,-6.24,1,,20,0.3118,2.15,0
stage1,rdk_0000675.pdbqt,-5.30,1,,10,0.5296,,0
stage1,rdk_0004766.pdbqt,-8.80,1,,35,0.2515,2.27,0
stage1,rdk_0000757.pdbqt,-7.94,1,,32,0.2482,,0
stage1,rdk_0004324.pdbqt,-7.55,1,,34,0.2221,2.95,0
stage1,rdk_0002558.pdbqt,-7.30,1,,17,0.4297,,0
stage1,rdk_0001067.pdbqt,-7.00,1,,26,0.2692,,0
stage1,rdk_0003093.pdbqt,-6.87,1,,24,0.2864,,0
stage1,rdk_0000637.pdbqt,-6.28,1,,26,0.2417,3.27,0
stage1,rdk_0004698.pdbqt,-8.91,1,,31,0.2874,,0
stage1,rdk_0001564.pdbqt,-6.52,1,,22,0.2965,,0
stage1,rdk_0000738.pdbqt,-5.34,1,,13,0.4112,2.22,0
stage1,rdk_0002954.pdbqt,-7.97,1,,34,0.2344,2.24,0
stage1,rdk_0002681.pdbqt,-5.45,1,,12,0.4539,,0
stage1,rdk_0002087.pdbqt,-8.48,1,,29,0.2923,2.24,0
stage1,rdk_0004751.pdbqt,-8.16,1,,55,0.1484,,0
stage1,rdk_0001825.pdbqt,-8.71,1,,38,0.2291,2.15,0
stage1,rdk_0004919.pdbqt,-9.08,1,,39,0.2328,2.48,0
stage1,rdk_0002984.pdbqt,-5.67,1,,16,0.3543,,0
stage1,rdk_0001446.pdbqt,-7.21,1,,18,0.4004,,0
stage1,rdk_0000513.pdbqt,-9.14,1,,39,0.2344,,0
stage1,rdk_0003325.pdbqt,-7.97,1,,36,0.2214,,0
stage1,rdk_0003123.pdbqt,-8.75,1,,37,0.2366,,0
stage1,rdk_0000073.pdbqt,-6.87,1,,27,0.2543,2.14,0
stage1,rdk_0001762.pdbqt,-4.13,1,,7,0.5901,,0
stage1,rdk_0000951.pdbqt,-7.66,1,,33,0.2322,2.08,0
stage1,rdk_0002979.pdbqt,-8.13,1,,21,0.3870,,0
stage1,rdk_0002116.pdbqt,-6.63,1,,27,0.2454,,0
stage1,rdk_0002537.pdbqt,-6.95,1,,12,0.5792,,0
stage1,rdk_0002613.pdbqt,-7.89,1,,17,0.4644,,0
stage1,rdk_0003704.pdbqt,-10.27,1,,24,0.4280,,0
stage1,rdk_0000970.pdbqt,-7.22,1,,24,0.3008,,0
stage1,rdk_0001945.pdbqt,-8.84,1,,29,0.3049,,0
stage1,rdk_0004310.pdbqt,-5.44,1,,69,0.0789,,0
stage1,rdk_0004244.pdbqt,-6.33,1,,13,0.4868,,0
stage1,rdk_0000052.pdbqt,-7.79,1,,28,0.2782,,0
stage1,rdk_0004366.pdbqt,-7.76,1,,26,0.2983,,0
stage1,rdk_0000254.pdbqt,-7.84,1,,30,0.2612,,0
stage1,rdk_0004665.pdbqt,-7.73,1,,29,0.2667,2.01,0
stage1,rdk_0001812.pdbqt,-7.19,1,,42,0.1711,2.48,0
stage1,rdk_0004747.pdbqt,-4.68,1,,11,0.4256,,0
stage1,rdk_0001223.pdbqt,-7.85,1,,33,0.2380,2.52,0
stage1,rdk_0003207.pdbqt,-7.19,1,,24,0.2995,,0
stage1,rdk_0001261.pdbqt,-5.11,1,,12,0.4262,,0
stage1,rdk_0001429.pdbqt,-7.28,1,,21,0.3465,2.27,0
stage1,rdk_0003990.pdbqt,-5.71,1,,10,0.5707,,0
stage1,rdk_0001046.pdbqt,-8.24,1,,23,0.3584,,0
stage1,rdk_0001964.pdbqt,-11.09,1,,21,0.5282,,0
stage1,rdk_0000315.pdbqt,-7.36,1,,37,0.1990,3.27,0
stage1,rdk_0002815.pdbqt,-8.41,1,,16,0.5259,,0
stage1,rdk_0002232.pdbqt,-7.58,1,,34,0.2230,,0
stage1,rdk_0004210.pdbqt,-10.00,1,,46,0.2174,3.00,0
stage1,rdk_0003420.pdbqt,-9.45,1,,27,0.3501,2.52,0
stage1,rdk_0001145.pdbqt,-7.38,1,,26,0.2837,,0
stage1,rdk_0002213.pdbqt,-7.74,1,,18,0.4298,,0
stage1,rdk_0002137.pdbqt,-7.92,1,,22,0.3602,,0
stage1,rdk_0000551.pdbqt,-10.69,1,,28,0.3817,2.48,0
stage1,rdk_0004837.pdbqt,-7.18,1,,44,0.1632,2.85,0
stage1,rdk_0004728.pdbqt,-8.85,1,,26,0.3405,2.57,0
stage1,rdk_0001008.pdbqt,-8.06,1,,30,0.2688,,0
stage1,rdk_0004644.pdbqt,-8.94,1,,26,0.3437,,0
stage1,rdk_0000688.pdbqt,-7.77,1,,22,0.3530,,0
stage1,rdk_0003801.pdbqt,-9.29,1,,25,0.3717,2.94,0
stage1,rdk_0003020.pdbqt,-8.17,1,,26,0.3143,,0
stage1,rdk_0001736.pdbqt,-8.13,1,,54,0.1506,,0
stage1,rdk_0003630.pdbqt,-7.35,1,,41,0.1792,2.63,0
stage1,rdk_0000684.pdbqt,-5.99,1,,34,0.1761,,0
stage1,rdk_0003695.pdbqt,-9.43,1,,22,0.4287,,0
stage1,rdk_0004298.pdbqt,-9.73,1,,43,0.2263,2.11,0
stage1,rdk_0000319.pdbqt,-7.10,1,,25,0.2840,,0
stage1,rdk_0003796.pdbqt,-10.61,1,,29,0.3659,2.28,0
stage1,rdk_0001661.pdbqt,-7.14,1,,20,0.3572,,0
stage1,rdk_0003893.pdbqt,-7.18,1,,25,0.2871,2.10,0
stage1,rdk_0001029.pdbqt,-7.36,1,,21,0.3506,,0
stage1,rdk_0001793.pdbqt,-7.01,1,,33,0.2125,2.59,0
stage1,rdk_0002782.pdbqt,-6.34,1,,20,0.3168,,0
stage1,rdk_0000452.pdbqt,-8.19,1,,24,0.3412,,0
stage1,rdk_0003055.pdbqt,-6.41,1,,59,0.1086,2.45,0
stage1,rdk_0000473.pdbqt,-7.92,1,,38,0.2084,,0
stage1,rdk_0002731.pdbqt,-8.84,1,,32,0.2763,2.69,0
stage1,rdk_0000376.pdbqt,-8.11,1,,35,0.2316,2.40,0
stage1,rdk_0001545.pdbqt,-7.03,1,,24,0.2931,,0
stage1,rdk_0002887.pdbqt,-7.96,1,,16,0.4977,,0
stage1,rdk_0003902.pdbqt,-9.09,1,,21,0.4328,,0
stage1,rdk_0004560.pdbqt,-8.02,1,,30,0.2673,2.26,0
stage1,rdk_0004463.pdbqt,-7.55,1,,28,0.2698,2.75,0
stage1,rdk_0003396.pdbqt,-6.87,1,,26,0.2642,,0
stage1,rdk_0002382.pdbqt,-8.06,1,,32,0.2520,2.62,0
stage1,rdk_0001829.pdbqt,-7.00,1,,31,0.2257,,0
stage1,rdk_0000776.pdbqt,-7.10,1,,30,0.2366,,0
stage1,rdk_0003668.pdbqt,-7.41,1,,26,0.2850,2.61,0
stage1,rdk_0000873.pdbqt,-8.10,1,,22,0.3682,2.20,0
stage1,rdk_0002579.pdbqt,-7.29,1,,29,0.2515,2.21,0
stage1,rdk_0003078.pdbqt,-9.35,1,,43,0.2173,4.66,0
stage1,rdk_0004119.pdbqt,-8.16,1,,40,0.2040,4.33,0
stage1,rdk_0002034.pdbqt,-6.88,1,,27,0.2547,2.14,0
stage1,rdk_0001999.pdbqt,-7.30,1,,27,0.2703,,0
stage1,rdk_0003820.pdbqt,-6.52,1,,32,0.2036,2.12,0
stage1,rdk_0002434.pdbqt,-7.47,1,,29,0.2575,,0
stage1,rdk_0003295.pdbqt,-8.24,1,,31,0.2657,2.25,0
stage1,rdk_0004421.pdbqt,-10.19,1,,37,0.2755,5.05,0
stage1,rdk_0004063.pdbqt,-8.32,1,,33,0.2520,,0
stage1,rdk_0000719.pdbqt,-6.47,1,,27,0.2397,,0
stage1,rdk_0004347.pdbqt,-10.02,1,,30,0.3340,2.25,0
stage1,rdk_0004328.pdbqt,-10.06,1,,37,0.2719,,0
stage1,rdk_0002310.pdbqt,-7.95,1,,38,0.2092,,0
stage1,rdk_0003649.pdbqt,-7.20,1,,35,0.2056,2.86,0
stage1,rdk_0003401.pdbqt,-8.61,1,,35,0.2461,3.57,0
stage1,rdk_0003304.pdbqt,-8.84,1,,32,0.2761,2.76,0
stage1,rdk_0002158.pdbqt,-7.63,1,,34,0.2245,,0
stage1,rdk_0000275.pdbqt,-9.07,1,,37,0.2451,,0
stage1,rdk_0000151.pdbqt,-8.04,1,,25,0.3218,2.90,0
stage1,rdk_0003535.pdbqt,-7.14,1,,40,0.1785,2.36,0
stage1,0LI_A1004.pdbqt,-11.96,1,,39,0.3067,2.05,0
stage1,1N1_B502.sanitized.pdbqt,-8.97,1,,33,0.2719,,0
stage1,0LI_A1000.pdbqt,-12.86,1,,39,0.3297,2.19,0
stage1,DTT_A1204.sanitized.pdbqt,-3.59,1,,8,0.4489,,0
stage1,rdk_0002916.pdbqt,-7.67,1,,33,0.2323,2.44,0
stage1,1N1_B502.pdbqt,-9.00,1,,33,0.2728,,0
stage1,rdk_0004941.pdbqt,-7.82,1,,31,0.2524,3.31,0
stage1,rdk_0004040.pdbqt,-8.32,1,,58,0.1434,5.98,0
stage1,rdk_0003577.pdbqt,-6.49,1,,58,0.1119,4.83,0
stage1,rdk_0002281.pdbqt,-6.48,1,,28,0.2313,,0
stage1,rdk_0003001.pdbqt,-9.63,1,,41,0.2350,3.43,0
stage1,DTT_A1205.sanitized.pdbqt,-3.57,1,,8,0.4460,,0
stage1,DTT_A1202.pdbqt,-3.57,1,,8,0.4462,2.27,0
stage1,rdk_0002038.pdbqt,-7.26,1,,35,0.2074,2.95,0
stage1,DTT_A1203.pdbqt,-3.55,1,,8,0.4439,,0
stage1,DTT_A1205.pdbqt,-3.61,1,,8,0.4514,,0
stage1,BAX_A1500.sanitized.pdbqt,-11.37,1,,32,0.3554,2.35,0
stage1,rdk_0000288.pdbqt,-6.41,1,,30,0.2137,,0
stage1,0LI_A1000.sanitized.pdbqt,-13.19,1,,39,0.3383,,0
stage1,DTT_A1204.pdbqt,-3.60,1,,8,0.4500,,0
stage1,0LI_B1000.sanitized.pdbqt,-13.16,1,,39,0.3373,,0
stage1,DTT_A1203.sanitized.pdbqt,-3.56,1,,8,0.4449,,0
stage1,BAX_A1500.pdbqt,-9.63,1,,32,0.3009,2.05,0
stage1,DTT_A1202.sanitized.pdbqt,-3.56,1,,8,0.4456,,0
stage1,rdk_0003522.pdbqt,-7.57,1,,58,0.1306,,0
stage1,VGH_A3000.pdbqt,-9.85,1,,30,0.3282,2.10,0
stage1,rdk_0004206.pdbqt,-8.09,1,,38,0.2130,2.83,0
stage1,RXT_A1204.pdbqt,-7.43,1,,23,0.3230,,0
stage1,rdk_0002862.pdbqt,1.65,1,,82,-0.0201,,0
stage1,0LI_A1004.sanitized.pdbqt,-11.38,1,,39,0.2919,3.20,0
stage1,0LI_B1000.pdbqt,-11.33,1,,39,0.2905,2.49,0
stage1,LQQ_A900.pdbqt,-10.42,1,,33,0.3158,3.41,0
stage1,rdk_0004160.pdbqt,-10.90,1,,42,0.2595,3.29,0
stage1,CXS_A1007.pdbqt,-6.56,1,,14,0.4688,,0
stage1,rdk_0004842.pdbqt,-9.41,1,,45,0.2092,2.42,0
stage1,CXS_A1007.sanitized.pdbqt,-6.57,1,,14,0.4692,2.21,0
stage1,LQQ_A900.sanitized.pdbqt,-8.97,1,,33,0.2719,,0
stage1,rdk_0004042.pdbqt,-7.07,1,,29,0.2437,2.83,0
stage1,rdk_0004863.pdbqt,-8.36,1,,42,0.1991,3.65,0
stage1,0LI_A1.sanitized.pdbqt,-12.96,1,,39,0.3323,2.28,0
stage1,VGH_A9000.pdbqt,-9.68,1,,30,0.3225,2.21,0
stage1,rdk_0004122.pdbqt,-8.91,1,,42,0.2121,2.90,0
stage1,PWV_B504.sanitized.pdbqt,-7.67,1,,25,0.3067,,0
stage1,PWV_B504.pdbqt,-7.99,1,,25,0.3195,2.30,0
stage1,VGH_A3000.sanitized.sanitized.sanitized.pdbqt,-8.46,1,,30,0.2818,2.31,0
stage1,rdk_0001755.pdbqt,-7.03,1,,52,0.1351,2.78,0
stage1,VGH_A3000.sanitized.pdbqt,-8.48,1,,30,0.2826,2.30,0
stage1,VIS_A1202.pdbqt,-10.83,1,,27,0.4010,,0
stage1,VIS_B1202.pdbqt,-10.76,1,,27,0.3985,,0
stage1,VIS_A1202.sanitized.pdbqt,-10.86,1,,27,0.4023,,0
stage1,LEV_A1201.sanitized.pdbqt,-7.86,1,,30,0.2620,,0
stage1,69Q_B502.pdbqt,-9.10,1,,33,0.2758,2.34,0
stage1,LEV_A1201.pdbqt,-9.35,1,,30,0.3117,2.53,0
stage1,VIS_B1202.sanitized.pdbqt,-10.78,1,,27,0.3992,,0
stage1,rdk_0004138.pdbqt,-7.42,1,,60,0.1237,4.01,0
stage1,VGH_A3000.sanitized.sanitized.pdbqt,-8.45,1,,30,0.2818,2.24,0
stage1,PWV_A503.sanitized.pdbqt,-8.09,1,,25,0.3234,2.73,0
stage1,69Q_B502.sanitized.pdbqt,-9.10,1,,33,0.2758,2.87,0
stage1,DTT_A1203.sanitized.pdbqt,-3.56,1,,8,0.4449,,0
stage1,PWV_A503.pdbqt,-9.42,1,,25,0.3770,2.10,0
stage1,DTT_A1203.pdbqt,-3.55,1,,8,0.4441,,0
stage1,VGH_A9000.sanitized.pdbqt,-8.60,1,,30,0.2867,2.36,0
stage1,0LI_A1.pdbqt,-10.43,1,,39,0.2675,,0
stage1,AY7_A602.sanitized.pdbqt,-9.66,1,,31,0.3116,,0
stage1,AY7_A602.pdbqt,-9.75,1,,31,0.3146,2.49,0
stage1,VGH_A2346.pdbqt,-8.35,1,,30,0.2782,2.67,0
stage1,rdk_0003517.pdbqt,-4.71,1,,72,0.0653,3.93,0
stage1,MI1_A1125.pdbqt,-7.43,1,,23,0.3230,2.71,0
stage1,1N1_A501.pdbqt,-9.03,1,,33,0.2737,2.07,0
stage1,1N1_A501.sanitized.pdbqt,-8.72,1,,33,0.2644,,0
stage1,MI1_A1125.sanitized.pdbqt,-7.79,1,,23,0.3385,2.34,0
stage1,MI1_A1125.sanitized.sanitized.pdbqt,-7.43,1,,23,0.3230,2.35,0
stage1,AXI_A2000.sanitized.pdbqt,-9.05,1,,28,0.3232,2.74,0
stage1,AXI_A2000.pdbqt,-8.84,1,,28,0.3156,2.78,0
stage1,P30_A1001.pdbqt,-8.78,1,,40,0.2194,2.58,0
stage1,BAX_A1201.sanitized.pdbqt,-11.50,1,,32,0.3594,2.27,0
stage1,P30_B1001.sanitized.sanitized.pdbqt,-9.21,1,,40,0.2302,2.55,0
stage1,RXT_A601.pdbqt,-8.14,1,,23,0.3540,2.68,0
stage1,BAX_A1201.pdbqt,-11.52,1,,32,0.3600,2.30,0
stage1,RXT_B601.pdbqt,-7.24,1,,23,0.3146,3.27,0
stage1,VGH_A2346.sanitized.pdbqt,-9.25,1,,30,0.3084,2.52,0
stage1,RXT_A601.sanitized.pdbqt,-8.15,1,,23,0.3546,2.21,0
stage1,rdk_0004541.pdbqt,-10.88,1,,58,0.1876,2.37,0
stage1,P30_A1001.sanitized.sanitized.pdbqt,-9.51,1,,40,0.2378,3.16,0
stage1,P30_A1001.sanitized.pdbqt,-9.12,1,,40,0.2280,2.72,0
stage1,OHT_A600.pdbqt,-7.24,1,,29,0.2498,3.32,0
stage1,OHT_A600.sanitized.pdbqt,-6.90,1,,29,0.2380,2.36,0
stage1,rdk_0001785.pdbqt,-7.92,1,,58,0.1365,2.22,0
stage1,P30_B1001.pdbqt,-9.63,1,,40,0.2407,3.45,0
stage1,P06_B801.sanitized.pdbqt,-9.01,1,,35,0.2574,2.06,0
stage1,P30_B1001.sanitized.pdbqt,-9.60,1,,40,0.2400,3.47,0
stage1,P06_A801.pdbqt,-9.04,1,,35,0.2584,3.03,0
stage1,rdk_0004797.pdbqt,-7.44,1,,48,0.1551,4.09,0
stage1,032_A1.sanitized.pdbqt,-9.28,1,,33,0.2812,2.43,0
stage1,rdk_0001808.pdbqt,-7.62,1,,48,0.1588,,0
stage1,STI_A3.pdbqt,-11.63,1,,37,0.3144,3.24,0
stage1,rdk_0001720.pdbqt,-7.13,1,,40,0.1782,2.10,0
stage1,P06_A801.sanitized.pdbqt,-9.02,1,,35,0.2578,2.33,0
stage1,P30_A1001.sanitized.pdbqt,-8.89,1,,40,0.2223,2.72,0
stage1,rdk_0003821.pdbqt,-3.68,1,,64,0.0575,2.04,0
stage1,032_A1.pdbqt,-8.79,1,,33,0.2665,4.23,0
stage1,rdk_0001846.pdbqt,-7.86,1,,48,0.1637,2.66,0
stage1,P30_A1001.pdbqt,-8.81,1,,40,0.2203,2.58,0
stage1,P06_B801.pdbqt,-9.11,1,,35,0.2602,3.45,0
stage1,NIL_B600.sanitized.pdbqt,-13.58,1,,39,0.3482,,0
stage1,STI_A3.sanitized.pdbqt,-9.79,1,,37,0.2647,3.13,0
stage1,rdk_0001717.pdbqt,-8.40,1,,58,0.1449,3.82,0
stage1,NIL_A601.sanitized.pdbqt,-13.17,1,,39,0.3378,,0
stage1,NIL_D600.sanitized.pdbqt,-13.30,1,,39,0.3412,,0
stage1,NIL_A600.pdbqt,-10.43,1,,39,0.2674,2.37,0
stage1,NIL_B600.pdbqt,-13.60,1,,39,0.3486,,0
stage1,C6F_A1001.sanitized.pdbqt,-8.98,1,,40,0.2245,2.28,0
stage1,NIL_A601.pdbqt,-13.17,1,,39,0.3377,,0
stage1,rdk_0003783.pdbqt,-8.30,1,,77,0.1078,,0
stage1,NIL_D600.pdbqt,-13.30,1,,39,0.3409,,0
stage1,NIL_C600.pdbqt,-13.45,1,,39,0.3449,,0
stage1,rdk_0003493.pdbqt,-10.46,1,,55,0.1901,,0
stage1,rdk_0003091.pdbqt,-7.26,1,,69,0.1053,,0
stage1,NIL_C600.sanitized.pdbqt,-10.42,1,,39,0.2672,2.24,0
stage1,NIL_A600.sanitized.pdbqt,-10.41,1,,39,0.2670,2.51,0
stage1,MPG_B1204.pdbqt,-7.01,1,,25,0.2802,2.44,0
stage1,MPG_B1204.sanitized.pdbqt,-6.86,1,,25,0.2743,2.35,0
stage1,C6F_A1001.pdbqt,-8.94,1,,40,0.2235,3.12,0
stage1,MPG_B1203.sanitized.pdbqt,-6.94,1,,25,0.2776,2.79,0
stage1,MPG_B1203.pdbqt,-7.05,1,,25,0.2820,2.45,0
stage1,rdk_0003648.pdbqt,-5.32,1,,58,0.0917,2.82,0
stage1,rdk_0003502.pdbqt,-8.54,1,,51,0.1675,2.16,0
stage1,rdk_0001362.pdbqt,-8.81,1,,45,0.1958,3.90,0
stage1,2PE_A302.pdbqt,-5.06,1,,28,0.1808,4.39,0
stage1,2PE_A302.sanitized.pdbqt,-5.04,1,,28,0.1800,4.43,0
stage1,rdk_0004312.pdbqt,-7.36,1,,74,0.0994,,0
stage1,rdk_0003492.pdbqt,-8.53,1,,65,0.1312,3.22,0
stage1,rdk_0003456.pdbqt,-5.96,1,,80,0.0745,3.05,0
stage1,rdk_0004843.pdbqt,-8.10,1,,65,0.1246,3.89,0
stage1,LBM_C301.pdbqt,-8.49,1,,61,0.1392,2.61,0
stage1,NDP_A506.pdbqt,-9.80,1,,48,0.2041,4.15,0
stage1,NDP_B503.sanitized.pdbqt,-9.91,1,,48,0.2065,3.79,0
stage1,LBM_A301.sanitized.pdbqt,-10.66,1,,61,0.1748,2.56,0
stage1,NDP_A506.sanitized.pdbqt,-8.82,1,,48,0.1837,3.33,0
stage1,NDP_B503.pdbqt,-10.01,1,,48,0.2086,3.99,0
stage1,rdk_0004311.pdbqt,-1.31,1,,78,0.0168,3.38,0
stage1,rdk_0003824.pdbqt,-4.46,1,,85,0.0524,3.48,0
stage1,LBM_A301.pdbqt,-10.74,1,,61,0.1761,2.66,0
stage1,LBM_A301.pdbqt,-10.71,1,,61,0.1757,2.66,0
stage1,rdk_0003607.pdbqt,-8.13,1,,61,0.1332,,0
stage1,LBM_C301.sanitized.pdbqt,-10.88,1,,61,0.1784,2.67,0
stage1,LBM_A301.sanitized.pdbqt,-8.21,1,,61,0.1346,2.56,0
stage1,rdk_0004918.pdbqt,-7.87,1,,75,0.1049,5.54,0
stage1,rdk_0003394.pdbqt,-5.27,1,,74,0.0713,4.35,0
stage1,rdk_0003268.pdbqt,-5.21,1,,86,0.0606,,0
stage1,rdk_0004695.pdbqt,-2.95,1,,77,0.0384,,0
stage1,rdk_0003980.pdbqt,-3.45,1,,90,0.0383,3.85,0
stage1,rdk_0003879.pdbqt,-4.88,1,,85,0.0574,,0
stage1,rdk_0002710.pdbqt,-5.56,1,,77,0.0722,3.54,0
stage1,rdk_0004785.pdbqt,5.77,1,,99,-0.0582,,0
stage1,rdk_0004820.pdbqt,-0.63,1,,102,0.0062,2.51,0
stage1,rdk_0004318.pdbqt,,0,no_score,34,,,0
stage1,rdk_0002968.pdbqt,,0,no_score,23,,,0
stage1,rdk_0003776.pdbqt,,0,no_score,17,,,0
stage1,rdk_0002896.pdbqt,16.39,0,4 clashes detected (>3),65,-0.2522,,0
stage1,rdk_0002965.pdbqt,,0,no_score,34,,,0
stage1,rdk_0003045.pdbqt,,0,no_score,28,,,0
stage1,rdk_0003480.pdbqt,,0,no_score,19,,,0
stage1,rdk_0002898.pdbqt,,0,no_score,11,,,0
stage1,rdk_0004453.pdbqt,20.62,0,budget_exceeded,77,-0.2678,,0
stage1,rdk_0003621.pdbqt,141.07,0,budget_exceeded,114,-1.2374,,0
stage1,rdk_0000178.pdbqt,-6.72,0,budget_exceeded,24,0.2799,,0
stage1,rdk_0003077.pdbqt,-6.26,0,budget_exceeded,19,0.3296,,0
stage1,rdk_0004897.pdbqt,23.04,0,budget_exceeded,86,-0.2679,,0
stage1,rdk_0004745.pdbqt,,0,no_score,15,,,0
stage1,rdk_0004496.pdbqt,43.23,0,budget_exceeded,101,-0.4280,,0
stage1,rdk_0002850.pdbqt,9.94,0,budget_exceeded,88,-0.1129,,0
stage1,rdk_0002699.pdbqt,10.79,0,budget_exceeded,85,-0.1270,,0
stage1,RXT_A1204.sanitized.pdbqt,-8.39,0,budget_exceeded,23,0.3650,,0
stage1,RXT_B601.sanitized.pdbqt,-7.80,0,budget_exceeded,23,0.3390,,0
stage1,rdk_0003845.pdbqt,15.66,0,budget_exceeded,100,-0.1566,3.76,0
stage1,rdk_0003626.pdbqt,36.72,0,budget_exceeded,128,-0.2869,,0
stage2,rdk_0004022.pdbqt,-10.86,1,,20,0.5432,,0
stage2,rdk_0004258.pdbqt,-10.81,1,,22,0.4912,,0
stage2,rdk_0001965.pdbqt,-10.78,1,,21,0.5134,,0
stage2,rdk_0001964.pdbqt,-11.09,1,,21,0.5280,,0
stage2,rdk_0001182.pdbqt,-11.54,1,,20,0.5769,,0
stage2,rdk_0000570.pdbqt,-10.68,1,,21,0.5085,,0
stage2,rdk_0002604.pdbqt,-10.97,1,,22,0.4988,,0
stage2,rdk_0001622.pdbqt,-10.99,1,,23,0.4779,,0
stage2,rdk_0002918.pdbqt,-8.22,1,,25,0.3286,,0
stage2,rdk_0004531.pdbqt,-10.70,1,,23,0.4653,,0
stage2,rdk_0001139.pdbqt,-10.97,1,,23,0.4769,,0
stage2,rdk_0004422.pdbqt,-10.81,1,,23,0.4699,,0
stage2,rdk_0001180.pdbqt,-11.67,1,,22,0.5306,,0
stage2,rdk_0001534.pdbqt,-11.23,1,,24,0.4681,,0
stage2,rdk_0001936.pdbqt,-11.07,1,,24,0.4612,,0
stage2,rdk_0004556.pdbqt,-11.05,1,,24,0.4606,,0
stage2,rdk_0004536.pdbqt,-10.50,1,,27,0.3888,,0
stage2,rdk_0001197.pdbqt,-9.66,1,,28,0.3451,,0
stage2,VIS_B1202.pdbqt,-10.79,1,,27,0.3997,2.13,0
stage2,rdk_0003220.pdbqt,-11.01,1,,27,0.4076,2.17,0
stage2,VIS_A1202.sanitized.pdbqt,-10.84,1,,27,0.4015,,0
stage2,VIS_B1202.sanitized.pdbqt,-10.80,1,,27,0.4001,,0
stage2,VIS_A1202.pdbqt,-10.84,1,,27,0.4015,,0
stage2,rdk_0001181.pdbqt,-11.20,1,,29,0.3861,2.04,0
stage2,rdk_0000832.pdbqt,-10.86,1,,31,0.3502,2.38,0
stage2,rdk_0000551.pdbqt,-10.78,1,,28,0.3848,2.20,0
stage2,rdk_0003634.pdbqt,-10.32,1,,29,0.3560,2.06,0
stage2,rdk_0004304.pdbqt,-10.48,1,,28,0.3741,2.13,0
stage2,rdk_0003799.pdbqt,-11.11,1,,29,0.3830,2.16,0
stage2,rdk_0002014.pdbqt,-10.51,1,,29,0.3624,1.97,0
stage2,rdk_0003796.pdbqt,-10.96,1,,29,0.3778,2.23,0
stage2,BAX_A1201.sanitized.pdbqt,-11.51,1,,32,0.3596,2.24,0
stage2,BAX_A1500.sanitized.pdbqt,-11.38,1,,32,0.3555,2.27,0
stage2,BAX_A1201.pdbqt,-11.51,1,,32,0.3597,2.21,0
stage2,rdk_0001944.pdbqt,-11.00,1,,29,0.3794,2.65,0
stage2,rdk_0003069.pdbqt,-11.93,1,,33,0.3616,3.20,0
stage2,rdk_0003504.pdbqt,-11.19,1,,30,0.3731,1.18,0
stage2,rdk_0003309.pdbqt,-10.71,1,,29,0.3694,1.70,0
stage2,rdk_0004729.pdbqt,-10.41,1,,20,0.5206,,0
stage2,rdk_0002745.pdbqt,-11.23,1,,31,0.3624,3.47,0
stage2,rdk_0000137.pdbqt,-10.61,1,,29,0.3659,2.09,0
stage2,rdk_0004585.pdbqt,-12.16,1,,33,0.3686,2.41,0
stage2,rdk_0002404.pdbqt,-10.93,1,,29,0.3768,2.02,0
stage2,rdk_0003066.pdbqt,-10.83,1,,29,0.3733,2.00,0
stage2,rdk_0004037.pdbqt,-10.36,1,,20,0.5180,,0
stage2,rdk_0004413.pdbqt,-11.14,1,,31,0.3592,1.32,0
stage2,rdk_0003786.pdbqt,-10.61,1,,33,0.3214,3.04,0
stage2,rdk_0004529.pdbqt,-10.35,1,,25,0.4141,,0
stage2,rdk_0002964.pdbqt,-11.74,1,,30,0.3912,2.98,0
stage2,rdk_0004401.pdbqt,-11.13,1,,28,0.3974,2.44,0
stage2,rdk_0003335.pdbqt,-10.54,1,,35,0.3010,2.76,0
stage2,rdk_0003159.pdbqt,-11.43,1,,35,0.3266,,0
stage2,rdk_0001124.pdbqt,-10.52,1,,28,0.3757,2.07,0
stage2,rdk_0004615.pdbqt,-11.35,1,,34,0.3339,1.91,0
stage2,rdk_0003163.pdbqt,-11.96,1,,36,0.3323,2.67,0
stage2,rdk_0001125.pdbqt,-10.47,1,,30,0.3490,1.76,0
stage2,rdk_0000609.pdbqt,-10.32,1,,23,0.4486,,0
stage2,rdk_0000663.pdbqt,-8.20,1,,21,0.3903,,0
stage2,rdk_0001380.pdbqt,-10.28,1,,23,0.4469,,0
stage2,rdk_0004414.pdbqt,-10.55,1,,31,0.3403,2.64,0
stage2,0LI_B1000.pdbqt,-12.83,1,,39,0.3290,2.11,0
stage2,rdk_0004493.pdbqt,-11.04,1,,31,0.3562,2.81,0
stage2,rdk_0002920.pdbqt,-10.78,1,,43,0.2506,2.24,0
stage2,rdk_0003734.pdbqt,-11.13,1,,31,0.3590,1.02,0
stage2,rdk_0004850.pdbqt,-10.52,1,,29,0.3629,,0
stage2,rdk_0000568.pdbqt,-10.23,1,,21,0.4873,,0
stage2,rdk_0004494.pdbqt,-10.64,1,,31,0.3432,2.76,0
stage2,rdk_0003350.pdbqt,-10.21,1,,19,0.5374,,0
stage2,rdk_0001687.pdbqt,-10.28,1,,21,0.4893,2.14,0
stage2,0LI_A1004.sanitized.pdbqt,-11.92,1,,39,0.3056,2.00,0
stage2,rdk_0003170.pdbqt,-10.87,1,,37,0.2938,3.04,0
stage2,rdk_0003307.pdbqt,-11.75,1,,36,0.3264,2.05,0
stage2,rdk_0003024.pdbqt,-10.15,1,,31,0.3275,2.05,0
stage2,rdk_0002911.pdbqt,-12.60,1,,37,0.3405,2.01,0
stage2,0LI_A1000.sanitized.pdbqt,-11.46,1,,39,0.2939,2.26,0
stage2,rdk_0004199.pdbqt,-10.17,1,,18,0.5652,,0
stage2,0LI_A1000.pdbqt,-12.87,1,,39,0.3300,1.84,0
stage2,rdk_0001377.pdbqt,-10.21,1,,22,0.4641,,0
stage2,rdk_0003704.pdbqt,-10.20,1,,24,0.4251,,0
stage2,rdk_0002793.pdbqt,-10.33,1,,26,0.3974,3.10,0
stage2,0LI_B1000.sanitized.pdbqt,-13.13,1,,39,0.3367,2.06,0
stage2,rdk_0004058.pdbqt,-9.63,1,,40,0.2408,,0
stage2,rdk_0001201.pdbqt,-10.14,1,,20,0.5071,,0
stage2,rdk_0003341.pdbqt,-12.34,1,,36,0.3429,1.56,0
stage2,rdk_0002180.pdbqt,-10.40,1,,30,0.3467,2.40,0
stage2,rdk_0004833.pdbqt,-10.20,1,,20,0.5098,,0
stage2,rdk_0003787.pdbqt,-11.51,1,,37,0.3110,2.33,0
stage2,rdk_0001562.pdbqt,-10.18,1,,20,0.5090,2.11,0
stage2,0LI_A1.sanitized.pdbqt,-12.93,1,,39,0.3315,1.71,0
stage2,rdk_0004612.pdbqt,-9.55,1,,24,0.3978,,0
stage2,rdk_0002145.pdbqt,-10.12,1,,22,0.4599,,0
stage2,rdk_0003867.pdbqt,-10.38,1,,26,0.3990,1.93,0
stage2,rdk_0000535.pdbqt,-10.14,1,,20,0.5072,,0
stage2,rdk_0002969.pdbqt,-11.38,1,,36,0.3161,3.15,0
stage2,rdk_0003086.pdbqt,-10.22,1,,31,0.3297,2.12,0
stage2,rdk_0003323.pdbqt,-11.37,1,,38,0.2993,3.90,0
stage2,rdk_0000561.pdbqt,-10.11,1,,22,0.4595,,0
stage2,rdk_0001510.pdbqt,-10.50,1,,37,0.2837,1.27,0
stage2,rdk_0002561.pdbqt,-10.28,1,,29,0.3545,2.63,0
stage2,rdk_0003099.pdbqt,-11.51,1,,39,0.2952,2.15,0
stage2,rdk_0001246.pdbqt,-10.20,1,,21,0.4859,,0
stage2,rdk_0003866.pdbqt,-10.34,1,,28,0.3691,3.13,0
stage2,rdk_0003333.pdbqt,-10.42,1,,35,0.2978,1.93,0
stage2,rdk_0003145.pdbqt,-10.03,1,,21,0.4778,2.12,0
stage2,rdk_0001759.pdbqt,-10.54,1,,32,0.3294,1.74,0
stage2,rdk_0004198.pdbqt,-10.01,1,,19,0.5266,2.16,0
stage2,0LI_A1004.pdbqt,-12.00,1,,39,0.3077,2.02,0
stage2,rdk_0000862.pdbqt,-10.05,1,,21,0.4787,,0
stage2,rdk_0004288.pdbqt,-10.56,1,,33,0.3199,2.64,0
stage2,rdk_0004247.pdbqt,-10.10,1,,22,0.4593,,0
stage2,rdk_0004503.pdbqt,-10.53,1,,35,0.3008,3.15,0
stage2,rdk_0003040.pdbqt,-10.03,1,,16,0.6271,,0
stage2,rdk_0002985.pdbqt,-10.20,1,,27,0.3776,2.06,0
stage2,rdk_0003246.pdbqt,-10.14,1,,22,0.4607,,0
stage2,rdk_0004555.pdbqt,-7.97,1,,24,0.3322,,0
stage2,rdk_0002393.pdbqt,-10.01,1,,20,0.5005,,0
stage2,rdk_0004248.pdbqt,-10.08,1,,21,0.4799,2.15,0
stage2,rdk_0004479.pdbqt,-10.28,1,,29,0.3546,1.37,0
stage2,rdk_0003238.pdbqt,-10.10,1,,26,0.3883,2.73,0
stage2,0LI_A1.pdbqt,-12.67,1,,39,0.3248,1.72,0
stage2,rdk_0004297.pdbqt,-12.55,1,,39,0.3219,3.68,0
stage2,rdk_0000853.pdbqt,-9.98,1,,22,0.4538,,0
stage2,rdk_0000828.pdbqt,-9.97,1,,20,0.4984,,0
stage2,rdk_0000389.pdbqt,-10.14,1,,26,0.3901,,0
stage2,rdk_0001436.pdbqt,-9.29,1,,25,0.3716,,0
stage2,rdk_0002909.pdbqt,-10.03,1,,21,0.4776,,0
stage2,rdk_0001491.pdbqt,-6.89,1,,18,0.3831,2.07,0
stage2,rdk_0000965.pdbqt,-10.05,1,,29,0.3467,,0
stage2,rdk_0004228.pdbqt,-10.07,1,,24,0.4195,2.39,0
stage2,rdk_0003048.pdbqt,-14.46,1,,39,0.3706,2.92,0
stage2,rdk_0003791.pdbqt,-13.19,1,,39,0.3383,4.19,0
stage2,rdk_0003907.pdbqt,-11.46,1,,37,0.3098,4.12,0
stage2,rdk_0002352.pdbqt,-8.35,1,,22,0.3795,2.10,0
stage2,rdk_0003332.pdbqt,-10.29,1,,33,0.3118,,0
stage2,rdk_0002709.pdbqt,-11.40,1,,33,0.3454,2.18,0
stage2,rdk_0001911.pdbqt,-10.33,1,,29,0.3563,2.21,0
stage2,rdk_0001998.pdbqt,-10.73,1,,34,0.3155,2.69,0
stage2,rdk_0000753.pdbqt,-9.93,1,,23,0.4316,,0
stage2,rdk_0004641.pdbqt,-10.50,1,,34,0.3089,2.39,0
stage2,rdk_0004168.pdbqt,-11.94,1,,36,0.3317,1.72,0
stage2,rdk_0004368.pdbqt,-10.03,1,,24,0.4178,2.23,0
stage2,rdk_0003004.pdbqt,-10.07,1,,31,0.3249,,0
stage2,rdk_0000933.pdbqt,-10.15,1,,19,0.5342,,0
stage2,rdk_0001387.pdbqt,-9.85,1,,23,0.4284,,0
stage2,rdk_0003084.pdbqt,-9.94,1,,20,0.4969,,0
stage2,rdk_0001559.pdbqt,-9.93,1,,20,0.4963,2.06,0
stage2,rdk_0003139.pdbqt,-10.35,1,,26,0.3980,,0
stage2,rdk_0003684.pdbqt,-10.28,1,,29,0.3543,2.31,0
stage2,rdk_0003117.pdbqt,-10.27,1,,33,0.3111,1.12,0
stage2,rdk_0003138.pdbqt,-10.11,1,,28,0.3609,2.55,0
stage2,rdk_0001493.pdbqt,-9.84,1,,18,0.5464,,0
stage2,rdk_0004264.pdbqt,-9.78,1,,19,0.5148,2.22,0
stage2,rdk_0003271.pdbqt,-10.33,1,,36,0.2870,3.26,0
stage2,rdk_0002913.pdbqt,-11.55,1,,32,0.3610,2.32,0
stage2,rdk_0000852.pdbqt,-9.82,1,,22,0.4462,,0
stage2,rdk_0004938.pdbqt,-10.32,1,,34,0.3036,1.26,0
stage2,rdk_0003469.pdbqt,-9.85,1,,25,0.3940,,0
stage2,LQQ_A900.pdbqt,-10.44,1,,33,0.3165,3.59,0
stage2,rdk_0004484.pdbqt,-10.42,1,,26,0.4008,2.45,0
stage2,rdk_0001584.pdbqt,-9.85,1,,22,0.4478,,0
stage2,NIL_A601.pdbqt,-13.19,1,,39,0.3383,3.94,0
stage2,rdk_0004415.pdbqt,-8.90,1,,26,0.3423,2.63,0
stage2,rdk_0002056.pdbqt,-10.28,1,,28,0.3672,2.05,0
stage2,STI_A3.pdbqt,-11.66,1,,37,0.3152,3.01,0
stage2,rdk_0000083.pdbqt,-10.09,1,,28,0.3604,3.59,0
stage2,rdk_0004613.pdbqt,-9.80,1,,28,0.3501,,0
stage2,rdk_0002380.pdbqt,-9.80,1,,28,0.3501,2.29,0
stage2,rdk_0000233.pdbqt,-9.62,1,,43,0.2238,2.71,0
stage2,rdk_0004361.pdbqt,-10.31,1,,30,0.3436,2.28,0
stage2,NIL_B600.pdbqt,-13.56,1,,39,0.3476,4.46,0
stage2,rdk_0002432.pdbqt,-9.10,1,,29,0.3136,2.48,0
stage2,rdk_0004386.pdbqt,-10.13,1,,30,0.3377,2.10,0
stage2,STI_C600.sanitized.pdbqt,-12.66,1,,37,0.3421,2.87,0
stage2,rdk_0004348.pdbqt,-10.40,1,,39,0.2666,3.80,0
stage2,rdk_0003360.pdbqt,-9.08,1,,32,0.2838,2.19,0
stage2,rdk_0004046.pdbqt,-10.55,1,,33,0.3198,1.37,0
stage2,rdk_0001361.pdbqt,-10.82,1,,42,0.2577,1.83,0
stage2,NIL_D600.sanitized.pdbqt,-13.31,1,,39,0.3413,4.45,0
stage2,STI_D600.sanitized.pdbqt,-11.73,1,,37,0.3171,0.82,0
stage2,rdk_0003878.pdbqt,-10.17,1,,38,0.2677,2.74,0
stage2,rdk_0000251.pdbqt,-9.99,1,,29,0.3446,2.24,0
stage2,rdk_0004160.pdbqt,-10.69,1,,42,0.2544,2.20,0
stage2,STI_A600.sanitized.sanitized.pdbqt,-12.02,1,,37,0.3249,2.99,0
stage2,rdk_0004347.pdbqt,-10.11,1,,30,0.3369,2.45,0
stage2,STI_D600.sanitized.sanitized.pdbqt,-11.73,1,,37,0.3171,2.23,0
stage2,rdk_0004848.pdbqt,-10.09,1,,32,0.3154,2.48,0
stage2,NIL_A601.sanitized.pdbqt,-13.20,1,,39,0.3383,3.93,0
stage2,NIL_D600.pdbqt,-13.31,1,,39,0.3412,4.44,0
stage2,rdk_0004328.pdbqt,-9.55,1,,37,0.2581,2.79,0
stage2,rdk_0004470.pdbqt,-9.84,1,,28,0.3514,3.09,0
stage2,rdk_0003035.pdbqt,-10.46,1,,41,0.2550,1.53,0
stage2,rdk_0002908.pdbqt,-9.68,1,,30,0.3227,2.51,0
stage2,NIL_A600.pdbqt,-13.65,1,,39,0.3500,1.90,0
stage2,rdk_0003305.pdbqt,-8.95,1,,28,0.3197,2.45,0
stage2,STI_D600.pdbqt,-11.68,1,,37,0.3156,2.83,0
stage2,rdk_0003158.pdbqt,-9.84,1,,28,0.3513,2.13,0
stage2,rdk_0004482.pdbqt,-9.88,1,,30,0.3293,2.86,0
stage2,rdk_0000870.pdbqt,-10.69,1,,44,0.2430,0.96,0
stage2,VGH_A3000.pdbqt,-9.86,1,,30,0.3287,1.18,0
stage2,NIL_B600.sanitized.pdbqt,-13.58,1,,39,0.3482,4.44,0
stage2,NIL_C600.pdbqt,-13.46,1,,39,0.3450,4.44,0
stage2,rdk_0001457.pdbqt,-11.32,1,,41,0.2760,4.16,0
stage2,rdk_0002707.pdbqt,-10.18,1,,37,0.2751,1.23,0
stage2,rdk_0001802.pdbqt,-9.85,1,,31,0.3179,1.25,0
stage2,rdk_0000835.pdbqt,-9.83,1,,31,0.3171,,0
stage2,rdk_0004851.pdbqt,-9.94,1,,33,0.3013,2.07,0
stage2,rdk_0002033.pdbqt,-9.86,1,,29,0.3398,2.15,0
stage2,NIL_A600.pdbqt,-13.63,1,,39,0.3494,1.90,0
stage2,rdk_0004424.pdbqt,-12.03,1,,43,0.2797,2.98,0
stage2,rdk_0003641.pdbqt,-10.14,1,,38,0.2668,2.47,0
stage2,NIL_A600.sanitized.pdbqt,-13.62,1,,39,0.3492,2.53,0
stage2,rdk_0003174.pdbqt,-10.53,1,,43,0.2449,1.71,0
stage2,STI_A600.sanitized.pdbqt,-12.01,1,,37,0.3246,2.98,0
stage2,rdk_0003453.pdbqt,-10.04,1,,41,0.2449,2.66,0
stage2,rdk_0001806.pdbqt,-4.74,1,,47,0.1007,2.13,0
stage2,rdk_0003014.pdbqt,-11.53,1,,40,0.2882,1.29,0
stage2,NIL_C600.sanitized.pdbqt,-13.45,1,,39,0.3447,4.45,0
stage2,rdk_0000807.pdbqt,-10.15,1,,41,0.2476,1.24,0
stage2,rdk_0004940.pdbqt,-11.33,1,,34,0.3333,1.56,0
stage2,rdk_0002975.pdbqt,-10.00,1,,34,0.2941,2.26,0
stage2,rdk_0002989.pdbqt,-9.91,1,,33,0.3002,2.98,0
stage2,rdk_0002012.pdbqt,-10.60,1,,33,0.3211,2.40,0
stage2,STI_C600.pdbqt,-12.07,1,,37,0.3261,2.11,0
stage2,rdk_0004421.pdbqt,-10.27,1,,37,0.2775,1.60,0
stage2,rdk_0004299.pdbqt,-9.05,1,,47,0.1925,1.55,0
stage2,rdk_0004638.pdbqt,-10.66,1,,34,0.3136,3.93,0
stage2,rdk_0001319.pdbqt,-9.89,1,,32,0.3091,1.70,0
stage2,STI_B600.pdbqt,-11.79,1,,37,0.3186,1.91,0
stage2,STI_C600.sanitized.sanitized.pdbqt,-12.67,1,,37,0.3425,2.40,0
stage2,STI_B600.sanitized.pdbqt,-12.44,1,,37,0.3362,2.91,0
stage2,STI_A600.pdbqt,-12.01,1,,37,0.3245,2.85,0
stage2,rdk_0004456.pdbqt,-10.17,1,,45,0.2259,2.43,0
stage2,STI_B600.sanitized.sanitized.pdbqt,-12.45,1,,37,0.3365,2.91,0
stage2,rdk_0003303.pdbqt,-11.36,1,,41,0.2771,1.98,0
stage2,rdk_0000806.pdbqt,-10.05,1,,41,0.2451,3.59,0
stage2,rdk_0004541.pdbqt,-2.13,1,,58,0.0368,3.05,0
stage2,rdk_0004551.pdbqt,-8.20,1,,52,0.1576,3.50,0
stage2,rdk_0004169.pdbqt,-9.53,1,,42,0.2268,1.92,0
stage2,rdk_0004915.pdbqt,-11.10,1,,45,0.2466,3.65,0
stage2,rdk_0000707.pdbqt,-9.13,1,,49,0.1864,1.90,0
stage2,rdk_0000705.pdbqt,-8.87,1,,49,0.1809,4.32,0
stage2,rdk_0003493.pdbqt,-7.13,1,,55,0.1297,2.21,0
stage2,rdk_0004582.pdbqt,-2.16,1,,60,0.0360,,0
stage2,rdk_0004210.pdbqt,-10.07,1,,46,0.2188,2.62,0
stage2,NDP_B503.sanitized.pdbqt,-10.20,1,,48,0.2126,1.37,0
stage2,NDP_B503.pdbqt,-10.05,1,,48,0.2093,1.72,0
stage2,LBM_A301.pdbqt,-8.29,1,,61,0.1359,3.64,0
stage2,LBM_C301.sanitized.pdbqt,-8.31,1,,61,0.1362,4.62,0
stage2,LBM_A301.pdbqt,-8.08,0,budget_exceeded,61,0.1325,3.64,0
stage2,LBM_A301.sanitized.pdbqt,-6.01,0,budget_exceeded,61,0.0985,3.99,0
stage3,rdk_0004297.pdbqt,-12.57,1,rescued_best_pose,,,,0
stage3,0LI_B1000.pdbqt,-12.49,1,rescued_best_pose,,,,0
stage3,0LI_A1.pdbqt,-12.40,1,rescued_best_pose,,,,0
stage3,rdk_0002911.pdbqt,-10.74,1,,37,0.2904,1.31,0
stage3,0LI_A1000.pdbqt,-12.73,1,rescued_best_pose,,,,0
stage3,rdk_0003791.pdbqt,-11.63,1,,39,0.2982,2.82,0
stage3,0LI_B1000.sanitized.pdbqt,-12.93,1,rescued_best_pose,,,,0
stage3,0LI_A1.sanitized.pdbqt,-12.57,1,rescued_best_pose,,,,0
stage3,rdk_0003341.pdbqt,-12.20,1,rescued_best_pose,,,,0
stage3,rdk_0003048.pdbqt,-12.77,1,rescued_best_pose,,,2.73,0
stage3,NIL_B600.sanitized.pdbqt,-12.78,1,rescued_best_pose,,,3.17,0
stage3,NIL_A601.sanitized.pdbqt,-10.87,1,,39,0.2788,1.80,0
stage3,NIL_B600.pdbqt,-12.79,1,rescued_best_pose,,,3.15,0
stage3,NIL_A600.sanitized.pdbqt,-12.82,1,rescued_best_pose,,,2.89,0
stage3,NIL_A601.pdbqt,-12.30,1,rescued_best_pose,,,2.53,0
stage3,STI_C600.sanitized.sanitized.pdbqt,-11.95,1,rescued_best_pose,,,3.49,0
stage3,NIL_C600.pdbqt,-12.38,1,rescued_best_pose,,,2.40,0
stage3,STI_B600.sanitized.sanitized.pdbqt,-11.69,1,,37,0.3159,2.14,0
stage3,NIL_C600.sanitized.pdbqt,-12.41,1,rescued_best_pose,,,2.39,0
stage3,NIL_D600.sanitized.pdbqt,-12.71,1,rescued_best_pose,,,3.17,0
stage3,NIL_A600.pdbqt,-12.82,1,rescued_best_pose,,,2.95,0
stage3,NIL_D600.pdbqt,-12.80,1,rescued_best_pose,,,3.21,0
stage3,STI_D600.sanitized.sanitized.pdbqt,-11.42,1,,37,0.3086,2.25,0
stage3,STI_C600.sanitized.pdbqt,-11.92,1,rescued_best_pose,,,3.31,0
stage3,STI_A600.pdbqt,-11.36,1,,37,0.3070,2.79,0
stage3,STI_A600.sanitized.pdbqt,-11.33,1,,37,0.3062,2.20,0
stage3,STI_A600.sanitized.sanitized.pdbqt,-11.41,1,,37,0.3084,1.46,0
stage3,STI_D600.sanitized.pdbqt,-11.41,1,,37,0.3084,2.36,0
stage3,NIL_A600.pdbqt,-12.82,1,rescued_best_pose,,,2.95,0
stage3,STI_C600.pdbqt,-11.56,1,,37,0.3123,3.67,0
stage3,STI_B600.sanitized.pdbqt,-11.89,1,,37,0.3212,1.93,0
stage3,STI_B600.pdbqt,-11.28,1,,37,0.3048,2.49,0
stage3,STI_D600.pdbqt,-11.12,1,,37,0.3006,1.94,0
